level,title,start_page,end_page,parent_chapter,major_chapter
1,Table of Contents,4,13,,Table of Contents
1,List of Figures,14,16,,List of Figures
1,1. Plant Simulation Help,17,18,,1. Plant Simulation Help
1,2. What's New,19,50,,2. What's New
2,What's New in Plant Simulation 2606,19,33,2. What's New,2. What's New
3,What's New in Plant Simulation 2606,19,20,What's New in Plant Simulation 2606,2. What's New
3,Terminated Support for the 2D Visualization,21,21,What's New in Plant Simulation 2606,2. What's New
3,"New Feature, Copilot (local)",22,23,What's New in Plant Simulation 2606,2. What's New
3,New Features of the Material Flow Objects,24,24,What's New in Plant Simulation 2606,2. What's New
3,Changed Features of the Material Flow Objects,25,25,What's New in Plant Simulation 2606,2. What's New
3,New and Changed Features of the Resource Objects,26,26,What's New in Plant Simulation 2606,2. What's New
3,New and Changed Features of the Information Flow Objects,27,27,What's New in Plant Simulation 2606,2. What's New
3,New and Changed Features of the User Interface Objects,28,28,What's New in Plant Simulation 2606,2. What's New
3,New 3D Features,29,30,What's New in Plant Simulation 2606,2. What's New
3,Changed 3D Features,31,31,What's New in Plant Simulation 2606,2. What's New
3,New and Changed SimTalk Features,32,32,What's New in Plant Simulation 2606,2. What's New
3,Miscellaneous,33,33,What's New in Plant Simulation 2606,2. What's New
2,What's New in Plant Simulation 2504,34,50,2. What's New,2. What's New
3,What's New in Plant Simulation 2504,34,34,What's New in Plant Simulation 2504,2. What's New
3,Important Announcement for Plant Simulation 2606,35,35,What's New in Plant Simulation 2504,2. What's New
3,New Features of the Material Flow Objects,36,36,What's New in Plant Simulation 2504,2. What's New
3,Changed Features of the Material Flow Objects,37,38,What's New in Plant Simulation 2504,2. What's New
3,New and Changed Features of the Fluid Objects,39,39,What's New in Plant Simulation 2504,2. What's New
3,New and Changed Features of the Resource Objects,40,40,What's New in Plant Simulation 2504,2. What's New
3,New and Changed Features of the Information Flow Objects,41,42,What's New in Plant Simulation 2504,2. What's New
3,New and Changed Features of the User Interface Objects,43,43,What's New in Plant Simulation 2504,2. What's New
3,New 3D Features,44,44,What's New in Plant Simulation 2504,2. What's New
3,Changed 3D Features,45,45,What's New in Plant Simulation 2504,2. What's New
3,New and Changed SimTalk Features,46,47,What's New in Plant Simulation 2504,2. What's New
3,Miscellaneous,48,50,What's New in Plant Simulation 2504,2. What's New
1,3. Installing and Starting,51,84,,3. Installing and Starting
2,System Requirements,51,52,3. Installing and Starting,3. Installing and Starting
2,Software Compatibility,53,53,3. Installing and Starting,3. Installing and Starting
2,Installing and Starting Plant Simulation 2606,53,53,3. Installing and Starting,3. Installing and Starting
2,Installing Plant Simulation,54,58,3. Installing and Starting,3. Installing and Starting
2,Uninstalling Plant Simulation,59,59,3. Installing and Starting,3. Installing and Starting
2,Install the Online Help Locally,59,62,3. Installing and Starting,3. Installing and Starting
2,Licensing Plant Simulation,63,74,3. Installing and Starting,3. Installing and Starting
3,Licensing Plant Simulation,63,66,Licensing Plant Simulation,3. Installing and Starting
3,Use a Node-Locked License,67,67,Licensing Plant Simulation,3. Installing and Starting
3,Use a Floating License,68,68,Licensing Plant Simulation,3. Installing and Starting
3,Use a Computer-Dependent/Dongle ID License,69,69,Licensing Plant Simulation,3. Installing and Starting
3,Use Redundant License Servers,70,70,Licensing Plant Simulation,3. Installing and Starting
3,Install the Siemens License Server (SLS),71,71,Licensing Plant Simulation,3. Installing and Starting
3,Install the Sentinel Driver,71,72,Licensing Plant Simulation,3. Installing and Starting
3,Start Plant Simulation with Different Kinds of Licenses,73,74,Licensing Plant Simulation,3. Installing and Starting
2,Starting Plant Simulation,75,81,3. Installing and Starting,3. Installing and Starting
3,Starting Plant Simulation,75,76,Starting Plant Simulation,3. Installing and Starting
3,Specifying Start Options,77,80,Starting Plant Simulation,3. Installing and Starting
3,Setting Default Values in the Windows Registry (Administrator),81,81,Starting Plant Simulation,3. Installing and Starting
2,Starting PlantSimulationConsole.exe,82,84,3. Installing and Starting,3. Installing and Starting
1,4. Additional Installation Information,85,108,,4. Additional Installation Information
2,Additional Installation Information,85,85,4. Additional Installation Information,4. Additional Installation Information
2,Features of the Individual Licenses,86,96,4. Additional Installation Information,4. Additional Installation Information
2,Plant Simulation License Types,97,102,4. Additional Installation Information,4. Additional Installation Information
3,Plant Simulation License Types,97,97,Plant Simulation License Types,4. Additional Installation Information
3,Plant Simulation Professional License,97,97,Plant Simulation License Types,4. Additional Installation Information
3,Plant Simulation Standard License,98,98,Plant Simulation License Types,4. Additional Installation Information
3,Plant Simulation Foundation License,99,99,Plant Simulation License Types,4. Additional Installation Information
3,Plant Simulation Application License,100,100,Plant Simulation License Types,4. Additional Installation Information
3,Plant Simulation Runtime License,101,101,Plant Simulation License Types,4. Additional Installation Information
3,Plant Simulation Simulation License,102,102,Plant Simulation License Types,4. Additional Installation Information
3,Plant Simulation Viewer License,103,103,Plant Simulation License Types,4. Additional Installation Information
2,Plant Simulation Options,103,104,4. Additional Installation Information,4. Additional Installation Information
3,Plant Simulation Options,103,103,Plant Simulation Options,4. Additional Installation Information
3,Plant Simulation Interface Package,103,103,Plant Simulation Options,4. Additional Installation Information
3,Plant Simulation Gantt Chart,104,104,Plant Simulation Options,4. Additional Installation Information
3,Plant Simulation Omniverse Connector,105,105,Plant Simulation Options,4. Additional Installation Information
2,Trust-ID to Permit Models Access to the Computer,105,105,4. Additional Installation Information,4. Additional Installation Information
2,Installing Product Updates,105,106,4. Additional Installation Information,4. Additional Installation Information
2,Opening a Crashed Model,107,107,4. Additional Installation Information,4. Additional Installation Information
2,Open-source Software Used,107,107,4. Additional Installation Information,4. Additional Installation Information
2,OSS Source Code,108,108,4. Additional Installation Information,4. Additional Installation Information
1,5. Using Plant Simulation X,109,116,,5. Using Plant Simulation X
2,Plant Simulation X,109,109,5. Using Plant Simulation X,5. Using Plant Simulation X
2,Plant Simulation X Products and Features,109,111,5. Using Plant Simulation X,5. Using Plant Simulation X
2,Install Plant Simulation X from Siemens Software Center,112,112,5. Using Plant Simulation X,5. Using Plant Simulation X
2,Start Plant Simulation X,113,115,5. Using Plant Simulation X,5. Using Plant Simulation X
2,Work Offline During an Internet Outage,116,116,5. Using Plant Simulation X,5. Using Plant Simulation X
1,6. Using Online Help,117,146,,6. Using Online Help
2,Using Online Help,117,118,6. Using Online Help,6. Using Online Help
2,Use the Plant Simulation Help,119,127,6. Using Online Help,6. Using Online Help
2,Search the Online Help,128,132,6. Using Online Help,6. Using Online Help
2,Search for Special Characters,133,135,6. Using Online Help,6. Using Online Help
2,Open the Online Help with F1 in a Method,136,138,6. Using Online Help,6. Using Online Help
2,This topic is helpful/This topic is not helpful,139,139,6. Using Online Help,6. Using Online Help
2,Install the Online Help Locally,140,144,6. Using Online Help,6. Using Online Help
2,Conventions in the Online Help,145,146,6. Using Online Help,6. Using Online Help
1,7. Introducing Plant Simulation,147,196,,7. Introducing Plant Simulation
2,Introducing Plant Simulation,147,147,7. Introducing Plant Simulation,7. Introducing Plant Simulation
2,Simulation Properties and 3D Properties,148,171,7. Introducing Plant Simulation,7. Introducing Plant Simulation
3,Simulation Properties and 3D Properties,148,148,Simulation Properties and 3D Properties,7. Introducing Plant Simulation
3,Plant Simulation Simulation Properties,149,151,Simulation Properties and 3D Properties,7. Introducing Plant Simulation
4,Simulation Properties Controlling the Simulation,149,150,Plant Simulation Simulation Properties,7. Introducing Plant Simulation
4,Simulation Properties,151,151,Plant Simulation Simulation Properties,7. Introducing Plant Simulation
3,Plant Simulation 3D Properties,152,171,Simulation Properties and 3D Properties,7. Introducing Plant Simulation
4,3D Properties Visualizing the Simulation,152,156,Plant Simulation 3D Properties,7. Introducing Plant Simulation
4,3D Properties,157,159,Plant Simulation 3D Properties,7. Introducing Plant Simulation
4,Simulation Object,160,160,Plant Simulation 3D Properties,7. Introducing Plant Simulation
4,Animatable Object,161,164,Plant Simulation 3D Properties,7. Introducing Plant Simulation
4,Graphic Group [defined],165,166,Plant Simulation 3D Properties,7. Introducing Plant Simulation
4,Graphic [defined],167,168,Plant Simulation 3D Properties,7. Introducing Plant Simulation
4,State Graphic [defined],169,170,Plant Simulation 3D Properties,7. Introducing Plant Simulation
4,What Plant Simulation Shows in a Window,171,171,Plant Simulation 3D Properties,7. Introducing Plant Simulation
2,Creating Simulation Models,172,187,7. Introducing Plant Simulation,7. Introducing Plant Simulation
3,Create a Simulation Model,172,177,Creating Simulation Models,7. Introducing Plant Simulation
3,Change Simulation Settings Controlling the Simulation,178,180,Creating Simulation Models,7. Introducing Plant Simulation
3,Change 3D Settings Controlling the Visualization,181,185,Creating Simulation Models,7. Introducing Plant Simulation
3,View Information About the Objects,186,187,Creating Simulation Models,7. Introducing Plant Simulation
2,Displaying Simulation Results,188,195,7. Introducing Plant Simulation,7. Introducing Plant Simulation
3,Display Simulation Results,188,195,Displaying Simulation Results,7. Introducing Plant Simulation
2,Notes on Information Security,196,196,7. Introducing Plant Simulation,7. Introducing Plant Simulation
1,8. Updating Arbitrary Old Models,197,232,,8. Updating Arbitrary Old Models
2,Update Arbitrary Old Models,197,197,8. Updating Arbitrary Old Models,8. Updating Arbitrary Old Models
2,Open an Old Model in a Newer Version,198,203,8. Updating Arbitrary Old Models,8. Updating Arbitrary Old Models
2,Show Non-Simulation-Relevant Objects,204,206,8. Updating Arbitrary Old Models,8. Updating Arbitrary Old Models
2,Convert the Source Code of All Methods to SimTalk 2.0,207,208,8. Updating Arbitrary Old Models,8. Updating Arbitrary Old Models
2,Replace Outdated Functions in the Source Code,209,211,8. Updating Arbitrary Old Models,8. Updating Arbitrary Old Models
2,Use the Standard Graphics of the 3D Simulation Objects,212,213,8. Updating Arbitrary Old Models,8. Updating Arbitrary Old Models
2,Adjust Color and Sizes of Objects,214,216,8. Updating Arbitrary Old Models,8. Updating Arbitrary Old Models
2,Fix Animation Problems in 3D,217,223,8. Updating Arbitrary Old Models,8. Updating Arbitrary Old Models
2,Use New Standard Graphics of the 2D Objects,224,229,8. Updating Arbitrary Old Models,8. Updating Arbitrary Old Models
2,Add Missing Objects to the Model,230,232,8. Updating Arbitrary Old Models,8. Updating Arbitrary Old Models
1,9. Plant Simulation User Interface,233,1470,,9. Plant Simulation User Interface
2,Plant Simulation User Interface,233,233,9. Plant Simulation User Interface,9. Plant Simulation User Interface
2,User Interface Components,234,237,9. Plant Simulation User Interface,9. Plant Simulation User Interface
2,Full Screen [program window],238,238,9. Plant Simulation User Interface,9. Plant Simulation User Interface
2,Send a Smile/Send a Frown,239,239,9. Plant Simulation User Interface,9. Plant Simulation User Interface
2,Help [program window],240,240,9. Plant Simulation User Interface,9. Plant Simulation User Interface
2,Ribbon Bar,240,1324,9. Plant Simulation User Interface,9. Plant Simulation User Interface
3,Ribbon Bar,240,242,Ribbon Bar,9. Plant Simulation User Interface
3,System Menu,243,243,Ribbon Bar,9. Plant Simulation User Interface
3,Quick Access Toolbar Commands,244,250,Ribbon Bar,9. Plant Simulation User Interface
4,Quick Access Toolbar,244,244,Quick Access Toolbar Commands,9. Plant Simulation User Interface
4,Customize Quick Access Toolbar Commands,245,250,Quick Access Toolbar Commands,9. Plant Simulation User Interface
5,Customize Quick Access Toolbar,245,246,Customize Quick Access Toolbar Commands,9. Plant Simulation User Interface
5,More Commands,247,248,Customize Quick Access Toolbar Commands,9. Plant Simulation User Interface
5,Show Below the Ribbon,249,249,Customize Quick Access Toolbar Commands,9. Plant Simulation User Interface
5,Minimize the Ribbon,250,250,Customize Quick Access Toolbar Commands,9. Plant Simulation User Interface
5,Add to Quick Access Toolbar,251,251,Customize Quick Access Toolbar Commands,9. Plant Simulation User Interface
3,File Menu Commands,251,444,Ribbon Bar,9. Plant Simulation User Interface
4,File Menu [Plant Simulation],251,254,File Menu Commands,9. Plant Simulation User Interface
4,New Model,255,256,File Menu Commands,9. Plant Simulation User Interface
4,Open Model File,257,258,File Menu Commands,9. Plant Simulation User Interface
4,Close Model,259,259,File Menu Commands,9. Plant Simulation User Interface
4,Save Model File,260,260,File Menu Commands,9. Plant Simulation User Interface
4,Save Model File As,261,273,File Menu Commands,9. Plant Simulation User Interface
5,Save Model File As,261,263,Save Model File As,9. Plant Simulation User Interface
5,Save preview,264,264,Save Model File As,9. Plant Simulation User Interface
5,Save Folder Model,264,273,Save Model File As,9. Plant Simulation User Interface
6,What is a Folder Model?,264,268,Save Folder Model,9. Plant Simulation User Interface
6,Save As > Folder Model,269,271,Save Folder Model,9. Plant Simulation User Interface
6,Compact format,272,272,Save Folder Model,9. Plant Simulation User Interface
6,Git support,273,273,Save Folder Model,9. Plant Simulation User Interface
4,Teamcenter [File Menu],274,285,File Menu Commands,9. Plant Simulation User Interface
5,Teamcenter [on File menu],274,275,Teamcenter [File Menu],9. Plant Simulation User Interface
5,Use Active Workspace,276,276,Teamcenter [File Menu],9. Plant Simulation User Interface
5,Open from Teamcenter,277,278,Teamcenter [File Menu],9. Plant Simulation User Interface
5,Add to Teamcenter,279,280,Teamcenter [File Menu],9. Plant Simulation User Interface
5,Change Environment or Server,281,281,Teamcenter [File Menu],9. Plant Simulation User Interface
5,Check In [Teamcenter],282,282,Teamcenter [File Menu],9. Plant Simulation User Interface
5,Check Out [Teamcenter],283,283,Teamcenter [File Menu],9. Plant Simulation User Interface
5,Cancel Checkout,284,284,Teamcenter [File Menu],9. Plant Simulation User Interface
5,Revise,285,285,Teamcenter [File Menu],9. Plant Simulation User Interface
4,Compare Model Files,286,289,File Menu Commands,9. Plant Simulation User Interface
4,Share [Menu Item],290,292,File Menu Commands,9. Plant Simulation User Interface
5,Share,290,290,Share [Menu Item],9. Plant Simulation User Interface
5,Send Using E-mail,291,291,Share [Menu Item],9. Plant Simulation User Interface
5,Pack and Go,292,292,Share [Menu Item],9. Plant Simulation User Interface
4,Options [Menu Item],293,304,File Menu Commands,9. Plant Simulation User Interface
5,Options,293,293,Options [Menu Item],9. Plant Simulation User Interface
5,Model File Properties,294,294,Options [Menu Item],9. Plant Simulation User Interface
5,Show Model History,295,295,Options [Menu Item],9. Plant Simulation User Interface
5,Encrypt Model File,296,296,Options [Menu Item],9. Plant Simulation User Interface
5,Encrypt Methods,297,297,Options [Menu Item],9. Plant Simulation User Interface
5,Decrypt Methods,298,298,Options [Menu Item],9. Plant Simulation User Interface
5,Restrict Permission,299,300,Options [Menu Item],9. Plant Simulation User Interface
5,Random Number Seed Values,301,302,Options [Menu Item],9. Plant Simulation User Interface
5,Borrow Licenses,303,304,Options [Menu Item],9. Plant Simulation User Interface
4,Model Settings [Menu Item],305,343,File Menu Commands,9. Plant Simulation User Interface
5,Model Settings,305,305,Model Settings [Menu Item],9. Plant Simulation User Interface
5,General Tab,306,314,Model Settings [Menu Item],9. Plant Simulation User Interface
6,General [model settings],306,306,General Tab,9. Plant Simulation User Interface
6,Model Language [model settings],307,308,General Tab,9. Plant Simulation User Interface
6,Date and Time Format [model settings],309,309,General Tab,9. Plant Simulation User Interface
6,Model Saving History [model settings],310,310,General Tab,9. Plant Simulation User Interface
6,Connect Objects Automatically [model settings],311,312,General Tab,9. Plant Simulation User Interface
6,Prohibit Access to the Computer [model settings],313,314,General Tab,9. Plant Simulation User Interface
5,Simulation Tab,315,322,Model Settings [Menu Item],9. Plant Simulation User Interface
6,Simulation [model settings],315,316,Simulation Tab,9. Plant Simulation User Interface
6,Maximum Depth of Calls [model settings],317,317,Simulation Tab,9. Plant Simulation User Interface
6,Maximum Number of Call Chains [model settings],318,318,Simulation Tab,9. Plant Simulation User Interface
6,Maximum Number of Suspended Methods [model settings],319,319,Simulation Tab,9. Plant Simulation User Interface
6,Tolerance For About Equal (~=) Comparison [model settings],320,320,Simulation Tab,9. Plant Simulation User Interface
6,Maximum Number of Samples [model settings],321,321,Simulation Tab,9. Plant Simulation User Interface
6,Worker Width [model settings],322,322,Simulation Tab,9. Plant Simulation User Interface
6,Maximum Edge Length [model settings],323,323,Simulation Tab,9. Plant Simulation User Interface
5,Units Tab,323,340,Model Settings [Menu Item],9. Plant Simulation User Interface
6,Units [model settings],323,325,Units Tab,9. Plant Simulation User Interface
6,Mass [model settings],326,326,Units Tab,9. Plant Simulation User Interface
6,Currency [model settings],327,328,Units Tab,9. Plant Simulation User Interface
6,Speed [model settings],329,330,Units Tab,9. Plant Simulation User Interface
6,Acceleration [model settings],331,332,Units Tab,9. Plant Simulation User Interface
6,Length [model settings],333,334,Units Tab,9. Plant Simulation User Interface
6,Time Scale [model settings],335,335,Units Tab,9. Plant Simulation User Interface
6,Daylight Saving Time,336,340,Units Tab,9. Plant Simulation User Interface
7,Daylight Saving Time [model settings],336,337,Daylight Saving Time,9. Plant Simulation User Interface
7,Month [model settings],338,338,Daylight Saving Time,9. Plant Simulation User Interface
7,Week [model settings],339,339,Daylight Saving Time,9. Plant Simulation User Interface
7,Day [model settings],340,340,Daylight Saving Time,9. Plant Simulation User Interface
7,Hour [model settings],341,341,Daylight Saving Time,9. Plant Simulation User Interface
5,3D Tab,341,343,Model Settings [Menu Item],9. Plant Simulation User Interface
6,3D [model settings],341,342,3D Tab,9. Plant Simulation User Interface
6,Screen Coverage Threshold [model settings],343,343,3D Tab,9. Plant Simulation User Interface
6,Create Optimized Graphics for Rendering [model settings],344,344,3D Tab,9. Plant Simulation User Interface
4,Preferences [Menu Item],344,434,File Menu Commands,9. Plant Simulation User Interface
5,Preferences,344,344,Preferences [Menu Item],9. Plant Simulation User Interface
5,General Tab,345,354,Preferences [Menu Item],9. Plant Simulation User Interface
6,General [preferences],345,345,General Tab,9. Plant Simulation User Interface
6,Model Language [preferences],346,347,General Tab,9. Plant Simulation User Interface
6,Date and Time Format [preferences],348,348,General Tab,9. Plant Simulation User Interface
6,Model Saving History [preferences],349,349,General Tab,9. Plant Simulation User Interface
6,Connect Objects Automatically [preferences],350,351,General Tab,9. Plant Simulation User Interface
6,Libraries Directories,352,353,General Tab,9. Plant Simulation User Interface
6,Local Documentation Server,354,354,General Tab,9. Plant Simulation User Interface
6,Create Backup Files with Time Stamp,355,355,General Tab,9. Plant Simulation User Interface
5,Simulation Tab,355,361,Preferences [Menu Item],9. Plant Simulation User Interface
6,Simulation [preferences],355,355,Simulation Tab,9. Plant Simulation User Interface
6,Maximum Depth of Calls [preferences],356,356,Simulation Tab,9. Plant Simulation User Interface
6,Maximum Number of Call Chains [preferences],357,357,Simulation Tab,9. Plant Simulation User Interface
6,Maximum Number of Suspended Methods [preferences],358,358,Simulation Tab,9. Plant Simulation User Interface
6,Tolerance for About Equal (~=) Comparison [preferences],359,359,Simulation Tab,9. Plant Simulation User Interface
6,Maximum Number of Samples [preferences],360,360,Simulation Tab,9. Plant Simulation User Interface
6,Worker Width [preferences],361,361,Simulation Tab,9. Plant Simulation User Interface
6,Maximum Edge Length [preferences],362,362,Simulation Tab,9. Plant Simulation User Interface
5,Units Tab,362,379,Preferences [Menu Item],9. Plant Simulation User Interface
6,Units [preferences],362,364,Units Tab,9. Plant Simulation User Interface
6,Mass [preferences],365,365,Units Tab,9. Plant Simulation User Interface
6,Currency [preferences],366,367,Units Tab,9. Plant Simulation User Interface
6,Speed [preferences],368,369,Units Tab,9. Plant Simulation User Interface
6,Acceleration [preferences],370,371,Units Tab,9. Plant Simulation User Interface
6,Length [preferences],372,373,Units Tab,9. Plant Simulation User Interface
6,Time Scale [preferences],374,374,Units Tab,9. Plant Simulation User Interface
6,Daylight Saving Time,375,379,Units Tab,9. Plant Simulation User Interface
7,Daylight Saving Time [preferences],375,376,Daylight Saving Time,9. Plant Simulation User Interface
7,Month [preferences],377,377,Daylight Saving Time,9. Plant Simulation User Interface
7,Week [preferences],378,378,Daylight Saving Time,9. Plant Simulation User Interface
7,Day [preferences],379,379,Daylight Saving Time,9. Plant Simulation User Interface
7,Hour [preferences],380,380,Daylight Saving Time,9. Plant Simulation User Interface
5,User Interface Tab,380,393,Preferences [Menu Item],9. Plant Simulation User Interface
6,User Interface,380,381,User Interface Tab,9. Plant Simulation User Interface
6,Theme,382,385,User Interface Tab,9. Plant Simulation User Interface
6,Confirm Deleting Objects,386,386,User Interface Tab,9. Plant Simulation User Interface
6,Console Filter,387,388,User Interface Tab,9. Plant Simulation User Interface
6,Display Down-list Boxes in the SimTalk Language of the Model,389,391,User Interface Tab,9. Plant Simulation User Interface
6,Use Tab Page Icons in Object Dialogs,392,393,User Interface Tab,9. Plant Simulation User Interface
6,Transparent Dialogs,394,394,User Interface Tab,9. Plant Simulation User Interface
5,Editor Tab,394,406,Preferences [Menu Item],9. Plant Simulation User Interface
6,Editor [preferences],394,395,Editor Tab,9. Plant Simulation User Interface
6,Syntax-controlled Indentation [preferences],396,396,Editor Tab,9. Plant Simulation User Interface
6,Highlight Current Line [preferences],397,397,Editor Tab,9. Plant Simulation User Interface
6,Show Line Numbers [preferences],398,398,Editor Tab,9. Plant Simulation User Interface
6,Show Completion Tooltip [preferences],399,399,Editor Tab,9. Plant Simulation User Interface
6,Show Outlining [preferences],400,400,Editor Tab,9. Plant Simulation User Interface
6,Match Whole Word Only [preferences],401,401,Editor Tab,9. Plant Simulation User Interface
6,Match Case [preferences],402,402,Editor Tab,9. Plant Simulation User Interface
6,Search for Regular Expressions,403,403,Editor Tab,9. Plant Simulation User Interface
6,Restart Search at End,404,404,Editor Tab,9. Plant Simulation User Interface
6,Tab Size,405,405,Editor Tab,9. Plant Simulation User Interface
6,Font [preferences],406,406,Editor Tab,9. Plant Simulation User Interface
6,Template Directory,407,407,Editor Tab,9. Plant Simulation User Interface
5,3D Tab,407,416,Preferences [Menu Item],9. Plant Simulation User Interface
6,3D [preferences],407,407,3D Tab,9. Plant Simulation User Interface
6,Screen Coverage Threshold [preferences],408,408,3D Tab,9. Plant Simulation User Interface
6,Create Optimized Graphics for Rendering [preferences],409,409,3D Tab,9. Plant Simulation User Interface
6,Grid Settings,409,414,3D Tab,9. Plant Simulation User Interface
7,Grid Settings [preferences],409,410,Grid Settings,9. Plant Simulation User Interface
7,Base Plate Material [preferences],411,411,Grid Settings,9. Plant Simulation User Interface
7,Axes Color [preferences],412,412,Grid Settings,9. Plant Simulation User Interface
7,Grid Lines [preferences],413,414,Grid Settings,9. Plant Simulation User Interface
6,Mouse Wheel Behavior,415,415,3D Tab,9. Plant Simulation User Interface
6,OpenGL Version,416,416,3D Tab,9. Plant Simulation User Interface
6,Background Color [3D],417,417,3D Tab,9. Plant Simulation User Interface
5,License Tab,417,430,Preferences [Menu Item],9. Plant Simulation User Interface
6,License,417,419,License Tab,9. Plant Simulation User Interface
6,Use Cloud Licensing,420,420,License Tab,9. Plant Simulation User Interface
6,Subscription,421,421,License Tab,9. Plant Simulation User Interface
6,License Type,422,423,License Tab,9. Plant Simulation User Interface
6,License File,424,424,License Tab,9. Plant Simulation User Interface
6,Server [license] - 1,425,425,License Tab,9. Plant Simulation User Interface
6,Server [license] - 2,426,426,License Tab,9. Plant Simulation User Interface
6,Server [license] - 3,427,427,License Tab,9. Plant Simulation User Interface
6,Use a License Server Triad,428,428,License Tab,9. Plant Simulation User Interface
6,Query Host IDs,429,429,License Tab,9. Plant Simulation User Interface
6,Host IDs,430,430,License Tab,9. Plant Simulation User Interface
6,Help [license],431,431,License Tab,9. Plant Simulation User Interface
5,Data Privacy,431,434,Preferences [Menu Item],9. Plant Simulation User Interface
6,Data Privacy,431,431,Data Privacy,9. Plant Simulation User Interface
6,Data Privacy 1,432,433,Data Privacy,9. Plant Simulation User Interface
6,Data Privacy 2,434,434,Data Privacy,9. Plant Simulation User Interface
4,Help [Menu Item],435,440,File Menu Commands,9. Plant Simulation User Interface
5,Help [on File menu],435,435,Help [Menu Item],9. Plant Simulation User Interface
5,Contents [help],436,436,Help [Menu Item],9. Plant Simulation User Interface
5,Plant Simulation Community Forum,437,437,Help [Menu Item],9. Plant Simulation User Interface
5,Academic Community Forum,438,438,Help [Menu Item],9. Plant Simulation User Interface
5,GTAC Support Center,439,439,Help [Menu Item],9. Plant Simulation User Interface
5,Check for Update,440,440,Help [Menu Item],9. Plant Simulation User Interface
5,About Plant Simulation,441,441,Help [Menu Item],9. Plant Simulation User Interface
4,Exit [Menu Item],441,443,File Menu Commands,9. Plant Simulation User Interface
5,Exit Application,441,442,Exit [Menu Item],9. Plant Simulation User Interface
5,Exiting if Plant Simulation Locks Up,443,443,Exit [Menu Item],9. Plant Simulation User Interface
4,Search [on File menu],444,444,File Menu Commands,9. Plant Simulation User Interface
4,Recent Files,445,445,File Menu Commands,9. Plant Simulation User Interface
3,Home Ribbon Tab,445,943,Ribbon Bar,9. Plant Simulation User Interface
4,Home Ribbon Tab,445,449,Home Ribbon Tab,9. Plant Simulation User Interface
4,Open Event Controller,450,450,Home Ribbon Tab,9. Plant Simulation User Interface
4,Event Controller,451,458,Home Ribbon Tab,9. Plant Simulation User Interface
5,Event Controller [Home ribbon],451,452,Event Controller,9. Plant Simulation User Interface
5,Reset Simulation [Home ribbon],453,453,Event Controller,9. Plant Simulation User Interface
5,Start/Stop Simulation [Home ribbon],454,454,Event Controller,9. Plant Simulation User Interface
5,Start Full Speed Simulation [Home ribbon],455,455,Event Controller,9. Plant Simulation User Interface
5,Start Fast Forward Simulation [Home ribbon],456,456,Event Controller,9. Plant Simulation User Interface
5,Single Step Simulation [Home ribbon],457,457,Event Controller,9. Plant Simulation User Interface
5,Simulation Speed [Home ribbon],458,458,Event Controller,9. Plant Simulation User Interface
4,MUs and States [Home ribbon],459,460,Home Ribbon Tab,9. Plant Simulation User Interface
4,Open Location [Home ribbon],461,461,Home Ribbon Tab,9. Plant Simulation User Interface
4,Open Origin [Home ribbon],462,462,Home Ribbon Tab,9. Plant Simulation User Interface
4,Open Class [Home ribbon],463,463,Home Ribbon Tab,9. Plant Simulation User Interface
4,Paste Contents of the Clipboard,463,466,Home Ribbon Tab,9. Plant Simulation User Interface
5,Paste Contents of the Clipboard [Home ribbon],463,464,Paste Contents of the Clipboard,9. Plant Simulation User Interface
5,Multiple Paste,465,466,Paste Contents of the Clipboard,9. Plant Simulation User Interface
4,Cut [Home ribbon],467,467,Home Ribbon Tab,9. Plant Simulation User Interface
4,Copy [Home ribbon],468,469,Home Ribbon Tab,9. Plant Simulation User Interface
4,Delete [Home ribbon],470,470,Home Ribbon Tab,9. Plant Simulation User Interface
4,Select All [Home ribbon],471,471,Home Ribbon Tab,9. Plant Simulation User Interface
4,Delete MUs [Home ribbon],472,472,Home Ribbon Tab,9. Plant Simulation User Interface
4,Rename Object or User-defined Attribute,472,474,Home Ribbon Tab,9. Plant Simulation User Interface
5,Rename [Home ribbon],472,473,Rename Object or User-defined Attribute,9. Plant Simulation User Interface
5,Replace Only in Local Methods,474,474,Rename Object or User-defined Attribute,9. Plant Simulation User Interface
4,Edit 3D Properties,475,902,Home Ribbon Tab,9. Plant Simulation User Interface
5,Edit 3D Properties [Home Ribbon],475,475,Edit 3D Properties,9. Plant Simulation User Interface
5,Edit 3D Properties,475,902,Edit 3D Properties,9. Plant Simulation User Interface
6,Edit 3D Properties [dialog],475,479,Edit 3D Properties,9. Plant Simulation User Interface
6,Change Settings with Mouse Wheel or Keyboard Keys,480,481,Edit 3D Properties,9. Plant Simulation User Interface
6,Name [text box] - 3D properties,482,482,Edit 3D Properties,9. Plant Simulation User Interface
6,Tab Appearance of Objects and MUs,483,497,Edit 3D Properties,9. Plant Simulation User Interface
7,Appearance of Objects and MUs,483,488,Tab Appearance of Objects and MUs,9. Plant Simulation User Interface
7,Material Active [check box] - MUs,489,489,Tab Appearance of Objects and MUs,9. Plant Simulation User Interface
7,Diffuse Color [MUs],490,490,Tab Appearance of Objects and MUs,9. Plant Simulation User Interface
7,Ambient Color [MUs],491,491,Tab Appearance of Objects and MUs,9. Plant Simulation User Interface
7,Specular Color [MUs],492,492,Tab Appearance of Objects and MUs,9. Plant Simulation User Interface
7,Emissive Color [MUs],493,493,Tab Appearance of Objects and MUs,9. Plant Simulation User Interface
7,Transparency [MUs],494,494,Tab Appearance of Objects and MUs,9. Plant Simulation User Interface
7,Shininess [MUs],495,495,Tab Appearance of Objects and MUs,9. Plant Simulation User Interface
7,Show Safety Zones,495,496,Tab Appearance of Objects and MUs,9. Plant Simulation User Interface
7,Copy the Current Material Settings [MUs],497,497,Tab Appearance of Objects and MUs,9. Plant Simulation User Interface
7,Paste Material Settings [MUs],498,498,Tab Appearance of Objects and MUs,9. Plant Simulation User Interface
6,Tab Appearance of the Length-oriented Objects,498,538,Edit 3D Properties,9. Plant Simulation User Interface
7,Appearance of the Length-oriented Objects,498,502,Tab Appearance of the Length-oriented Objects,9. Plant Simulation User Interface
7,Segments [tab Appearance],503,503,Tab Appearance of the Length-oriented Objects,9. Plant Simulation User Interface
7,Base Height [tab Appearance],504,506,Tab Appearance of the Length-oriented Objects,9. Plant Simulation User Interface
7,Width [tab Appearance],507,507,Tab Appearance of the Length-oriented Objects,9. Plant Simulation User Interface
7,Configuration,507,530,Tab Appearance of the Length-oriented Objects,9. Plant Simulation User Interface
8,Configuration [inheritance] - Conveyor,507,507,Configuration,9. Plant Simulation User Interface
8,Conveyor Type,508,530,Configuration,9. Plant Simulation User Interface
9,Type [drop-down list] - conveyor,508,509,Conveyor Type,9. Plant Simulation User Interface
9,User-defined [Conveyor type],510,514,Conveyor Type,9. Plant Simulation User Interface
9,Track [appearance],515,515,Conveyor Type,9. Plant Simulation User Interface
9,Belt conveyor,516,517,Conveyor Type,9. Plant Simulation User Interface
9,Guide-railed belt conveyor,518,519,Conveyor Type,9. Plant Simulation User Interface
9,Roller conveyor,520,521,Conveyor Type,9. Plant Simulation User Interface
9,Rail conveyor,522,524,Conveyor Type,9. Plant Simulation User Interface
9,Tube conveyor,525,526,Conveyor Type,9. Plant Simulation User Interface
9,Chute conveyor,527,528,Conveyor Type,9. Plant Simulation User Interface
9,Suspension track,529,530,Conveyor Type,9. Plant Simulation User Interface
7,Legs,531,534,Tab Appearance of the Length-oriented Objects,9. Plant Simulation User Interface
7,Lanes,535,537,Tab Appearance of the Length-oriented Objects,9. Plant Simulation User Interface
7,Support Frame,538,538,Tab Appearance of the Length-oriented Objects,9. Plant Simulation User Interface
6,Tab Appearance of the Store,539,562,Edit 3D Properties,9. Plant Simulation User Interface
7,Appearance of the Store,539,542,Tab Appearance of the Store,9. Plant Simulation User Interface
7,Auto Graphics Active,543,543,Tab Appearance of the Store,9. Plant Simulation User Interface
7,Type [drop-down list] - Store,544,548,Tab Appearance of the Store,9. Plant Simulation User Interface
7,X [text box] - Store,549,549,Tab Appearance of the Store,9. Plant Simulation User Interface
7,Y [text box] - Store,550,550,Tab Appearance of the Store,9. Plant Simulation User Interface
7,Z [text box] - Store,551,551,Tab Appearance of the Store,9. Plant Simulation User Interface
7,Origin [graphic],552,554,Tab Appearance of the Store,9. Plant Simulation User Interface
7,Gap [rack],555,556,Tab Appearance of the Store,9. Plant Simulation User Interface
7,Floor Thickness,557,557,Tab Appearance of the Store,9. Plant Simulation User Interface
7,Board Thickness,558,558,Tab Appearance of the Store,9. Plant Simulation User Interface
7,Ground Clearance,559,559,Tab Appearance of the Store,9. Plant Simulation User Interface
7,Storage Area Material,560,561,Tab Appearance of the Store,9. Plant Simulation User Interface
8,Storage Area Material,560,560,Storage Area Material,9. Plant Simulation User Interface
8,Dialog Material,560,561,Storage Area Material,9. Plant Simulation User Interface
9,Dialog Box Material [storage area],560,561,Dialog Material,9. Plant Simulation User Interface
7,Post and Spacing Material,562,562,Tab Appearance of the Store,9. Plant Simulation User Interface
8,Post and Spacing Material,562,562,Post and Spacing Material,9. Plant Simulation User Interface
8,Dialog Material,562,562,Post and Spacing Material,9. Plant Simulation User Interface
9,Dialog Box Material [post],562,562,Dialog Material,9. Plant Simulation User Interface
6,Tab Background,563,566,Edit 3D Properties,9. Plant Simulation User Interface
7,Background [tab] - Frame,563,564,Tab Background,9. Plant Simulation User Interface
7,Assign a Background Color of Its Own,565,565,Tab Background,9. Plant Simulation User Interface
7,Base Color,566,566,Tab Background,9. Plant Simulation User Interface
7,Corner Brightness,567,567,Tab Background,9. Plant Simulation User Interface
6,Tab Barred Area Settings,567,568,Edit 3D Properties,9. Plant Simulation User Interface
7,Barred Area Settings,567,568,Tab Barred Area Settings,9. Plant Simulation User Interface
6,Tab Box Settings,569,569,Edit 3D Properties,9. Plant Simulation User Interface
7,Box Settings,569,569,Tab Box Settings,9. Plant Simulation User Interface
6,Tab Camera Animation,570,613,Edit 3D Properties,9. Plant Simulation User Interface
7,Camera Animation [Frame],570,572,Tab Camera Animation,9. Plant Simulation User Interface
7,How the Camera is Animated in the Frame,573,579,Tab Camera Animation,9. Plant Simulation User Interface
7,Animation Paths,580,609,Tab Camera Animation,9. Plant Simulation User Interface
8,Animation Paths [camera animation],580,580,Animation Paths,9. Plant Simulation User Interface
8,Add,581,593,Animation Paths,9. Plant Simulation User Interface
9,Add [button] - camera animation path,581,581,Add,9. Plant Simulation User Interface
9,Path Name [camera animation],582,582,Add,9. Plant Simulation User Interface
9,Path Type [camera animation],582,593,Add,9. Plant Simulation User Interface
10,Path Type [camera animation],582,582,Path Type [camera animation],9. Plant Simulation User Interface
10,Rotation Path [camera animation] - Lines,582,590,Path Type [camera animation],9. Plant Simulation User Interface
11,Rotation path [camera animation] - Lines,582,586,Rotation Path [camera animation] - Lines,9. Plant Simulation User Interface
11,Start Angle [camera animation],587,587,Rotation Path [camera animation] - Lines,9. Plant Simulation User Interface
11,End Angle [camera animation],588,588,Rotation Path [camera animation] - Lines,9. Plant Simulation User Interface
11,Radius [camera animation],589,589,Rotation Path [camera animation] - Lines,9. Plant Simulation User Interface
11,Axis XYZ [camera animation],590,590,Rotation Path [camera animation] - Lines,9. Plant Simulation User Interface
11,Center [camera animation],591,591,Rotation Path [camera animation] - Lines,9. Plant Simulation User Interface
10,Context Menu of Anchor Points of a Path,591,593,Path Type [camera animation],9. Plant Simulation User Interface
11,Context Menu of Anchor Points of a Path,591,591,Context Menu of Anchor Points of a Path,9. Plant Simulation User Interface
11,Look at Object,592,592,Context Menu of Anchor Points of a Path,9. Plant Simulation User Interface
11,Delete Anchor Point,593,593,Context Menu of Anchor Points of a Path,9. Plant Simulation User Interface
8,Extend [camera animation],594,594,Animation Paths,9. Plant Simulation User Interface
8,Edit,594,609,Animation Paths,9. Plant Simulation User Interface
9,Edit [camera animation],594,597,Edit,9. Plant Simulation User Interface
9,"Add [button] - anchor point, camera animation",598,598,Edit,9. Plant Simulation User Interface
9,Edit Values,599,609,Edit,9. Plant Simulation User Interface
10,"Edit Values - anchor point, camera animation",599,601,Edit Values,9. Plant Simulation User Interface
10,Position [camera animation],602,602,Edit Values,9. Plant Simulation User Interface
10,Rotation [camera animation],603,603,Edit Values,9. Plant Simulation User Interface
10,Velocity [camera animation],604,604,Edit Values,9. Plant Simulation User Interface
10,Segments [camera animation],605,605,Edit Values,9. Plant Simulation User Interface
10,Add Common Offset [camera animation],606,606,Edit Values,9. Plant Simulation User Interface
10,Define View Direction,607,608,Edit Values,9. Plant Simulation User Interface
10,Show in View [camera animation],609,609,Edit Values,9. Plant Simulation User Interface
8,Delete [camera animation],610,610,Animation Paths,9. Plant Simulation User Interface
7,Test Path,610,613,Tab Camera Animation,9. Plant Simulation User Interface
8,Test Path [camera animation],610,610,Test Path,9. Plant Simulation User Interface
8,Factor [test camera animation],611,611,Test Path,9. Plant Simulation User Interface
8,Backwards [test camera animation],612,612,Test Path,9. Plant Simulation User Interface
8,Play/Pause/Stop [test camera animation],613,613,Test Path,9. Plant Simulation User Interface
6,Tab Captions,614,624,Edit 3D Properties,9. Plant Simulation User Interface
7,Captions,614,615,Tab Captions,9. Plant Simulation User Interface
7,Name/Label Activated,616,618,Tab Captions,9. Plant Simulation User Interface
7,Settings for the Position [captions],619,620,Tab Captions,9. Plant Simulation User Interface
7,Settings for the Rotation [captions],621,622,Tab Captions,9. Plant Simulation User Interface
7,Add Rotation [captions],623,623,Tab Captions,9. Plant Simulation User Interface
7,Settings for the Scale [captions],624,624,Tab Captions,9. Plant Simulation User Interface
6,Tab Dimensioning Settings,625,625,Edit 3D Properties,9. Plant Simulation User Interface
7,Dimensioning Settings,625,625,Tab Dimensioning Settings,9. Plant Simulation User Interface
6,Tab Factory Walls Settings,625,627,Edit 3D Properties,9. Plant Simulation User Interface
7,Factory Walls Settings,625,627,Tab Factory Walls Settings,9. Plant Simulation User Interface
6,Tab Fence Settings,628,629,Edit 3D Properties,9. Plant Simulation User Interface
7,Fence Settings,628,629,Tab Fence Settings,9. Plant Simulation User Interface
6,Tab Fill Level,630,636,Edit 3D Properties,9. Plant Simulation User Interface
7,Fill Level,630,631,Tab Fill Level,9. Plant Simulation User Interface
7,Show Contents As,632,633,Tab Fill Level,9. Plant Simulation User Interface
7,Settings for the Position [Buffer],634,634,Tab Fill Level,9. Plant Simulation User Interface
7,Settings for the Rotation [Buffer],634,636,Tab Fill Level,9. Plant Simulation User Interface
8,Settings for the Rotation [Buffer],634,635,Settings for the Rotation [Buffer],9. Plant Simulation User Interface
8,Add Rotation [Buffer],636,636,Settings for the Rotation [Buffer],9. Plant Simulation User Interface
7,Settings for the Dimensions,637,637,Tab Fill Level,9. Plant Simulation User Interface
6,Tab Graphics,637,686,Edit 3D Properties,9. Plant Simulation User Interface
7,Graphics [tab],637,638,Tab Graphics,9. Plant Simulation User Interface
7,Graphic Groups,639,674,Tab Graphics,9. Plant Simulation User Interface
8,Graphic Groups [described],639,643,Graphic Groups,9. Plant Simulation User Interface
8,Generated and Non-Generated Graphics,644,646,Graphic Groups,9. Plant Simulation User Interface
8,Add,647,659,Graphic Groups,9. Plant Simulation User Interface
9,Add [graphic group],647,648,Add,9. Plant Simulation User Interface
9,Name [text box] - graphic group,649,649,Add,9. Plant Simulation User Interface
9,Locked [graphic group],650,651,Add,9. Plant Simulation User Interface
9,Visible [graphic group],652,653,Add,9. Plant Simulation User Interface
9,External [graphic group],654,656,Add,9. Plant Simulation User Interface
9,Internal [graphic group],657,659,Add,9. Plant Simulation User Interface
8,Delete [button] - graphic group,660,660,Graphic Groups,9. Plant Simulation User Interface
8,Visibilities,661,661,Graphic Groups,9. Plant Simulation User Interface
8,Context Menu of a Graphic Group,662,674,Graphic Groups,9. Plant Simulation User Interface
9,Context Menu of a Graphic Group,662,662,Context Menu of a Graphic Group,9. Plant Simulation User Interface
9,Locked [context menu],663,663,Context Menu of a Graphic Group,9. Plant Simulation User Interface
9,External [context menu],664,666,Context Menu of a Graphic Group,9. Plant Simulation User Interface
9,Internal [context menu],667,669,Context Menu of a Graphic Group,9. Plant Simulation User Interface
9,Visible [context menu],670,670,Context Menu of a Graphic Group,9. Plant Simulation User Interface
9,Generated [context menu],671,671,Context Menu of a Graphic Group,9. Plant Simulation User Interface
9,Rename [graphic group],672,672,Context Menu of a Graphic Group,9. Plant Simulation User Interface
9,Copy [graphic group],673,673,Context Menu of a Graphic Group,9. Plant Simulation User Interface
9,Delete [graphic group],674,674,Context Menu of a Graphic Group,9. Plant Simulation User Interface
7,Show Content,675,676,Tab Graphics,9. Plant Simulation User Interface
7,Adjust Graphics to MU Size,677,677,Tab Graphics,9. Plant Simulation User Interface
7,"Exclude From ""Show content"" of the Location",678,678,Tab Graphics,9. Plant Simulation User Interface
7,Show Sensors [check box],679,679,Tab Graphics,9. Plant Simulation User Interface
7,Show Material Flow Direction [check box],679,683,Tab Graphics,9. Plant Simulation User Interface
7,Obstacle for the Worker [drop-down list],684,686,Tab Graphics,9. Plant Simulation User Interface
6,Tab Graphic Sequences,687,700,Edit 3D Properties,9. Plant Simulation User Interface
7,Graphic Sequences,687,688,Tab Graphic Sequences,9. Plant Simulation User Interface
7,Walk without part,689,694,Tab Graphic Sequences,9. Plant Simulation User Interface
8,Walk Without Part,689,690,Walk without part,9. Plant Simulation User Interface
8,Add [Walk Without Part],691,691,Walk without part,9. Plant Simulation User Interface
8,Insert Before [Walk Without Part],692,692,Walk without part,9. Plant Simulation User Interface
8,Delete [Walk Without Part],693,693,Walk without part,9. Plant Simulation User Interface
8,Move Up [Walk Without Part],694,694,Walk without part,9. Plant Simulation User Interface
8,Move Down [Walk Without Part],695,695,Walk without part,9. Plant Simulation User Interface
7,Walk and carry part,695,700,Tab Graphic Sequences,9. Plant Simulation User Interface
8,Walk and Carry Part,695,696,Walk and carry part,9. Plant Simulation User Interface
8,Add [Walk and Carry Part],697,697,Walk and carry part,9. Plant Simulation User Interface
8,Insert Before [Walk and Carry Part],698,698,Walk and carry part,9. Plant Simulation User Interface
8,Delete [Walk and Carry Part],699,699,Walk and carry part,9. Plant Simulation User Interface
8,Move Up [Walk and Carry Part],700,700,Walk and carry part,9. Plant Simulation User Interface
8,Move Down [Walk and Carry Part],701,701,Walk and carry part,9. Plant Simulation User Interface
6,Tab Graphic Settings,701,701,Edit 3D Properties,9. Plant Simulation User Interface
7,Graphic Settings,701,701,Tab Graphic Settings,9. Plant Simulation User Interface
6,Tab Joint,702,726,Edit 3D Properties,9. Plant Simulation User Interface
7,Joint,702,704,Tab Joint,9. Plant Simulation User Interface
7,General Settings for the Animation,705,709,Tab Joint,9. Plant Simulation User Interface
8,General Settings for the Animation,705,706,General Settings for the Animation,9. Plant Simulation User Interface
8,Rotation Axis [revolute joint],707,707,General Settings for the Animation,9. Plant Simulation User Interface
8,Rotation Center [revolute joint],708,708,General Settings for the Animation,9. Plant Simulation User Interface
8,Translation Direction,709,709,General Settings for the Animation,9. Plant Simulation User Interface
7,Joint Settings for the Animation,710,724,Tab Joint,9. Plant Simulation User Interface
8,Joint Settings of an Animatable Object,710,712,Joint Settings for the Animation,9. Plant Simulation User Interface
8,Type of Joint,713,714,Joint Settings for the Animation,9. Plant Simulation User Interface
8,Use Shortest Rotation Direction,715,715,Joint Settings for the Animation,9. Plant Simulation User Interface
8,Lower Limit,716,717,Joint Settings for the Animation,9. Plant Simulation User Interface
8,Upper Limit,718,719,Joint Settings for the Animation,9. Plant Simulation User Interface
8,Velocity [joint],720,721,Joint Settings for the Animation,9. Plant Simulation User Interface
8,Acceleration [text box] - joint,722,723,Joint Settings for the Animation,9. Plant Simulation User Interface
8,Deceleration [text box] - joint,724,724,Joint Settings for the Animation,9. Plant Simulation User Interface
7,Preview Translation or Rotation,725,726,Tab Joint,9. Plant Simulation User Interface
8,Preview Translation/Rotation,725,725,Preview Translation or Rotation,9. Plant Simulation User Interface
8,Value [translation/rotation],726,726,Preview Translation or Rotation,9. Plant Simulation User Interface
6,Tab Material,727,737,Edit 3D Properties,9. Plant Simulation User Interface
7,Material [tab],727,728,Tab Material,9. Plant Simulation User Interface
7,Material Active [check box] - graphic,729,729,Tab Material,9. Plant Simulation User Interface
7,Diffuse Color [material],730,730,Tab Material,9. Plant Simulation User Interface
7,Ambient Color [material],731,731,Tab Material,9. Plant Simulation User Interface
7,Specular Color [material],732,732,Tab Material,9. Plant Simulation User Interface
7,Emissive Color [material],733,733,Tab Material,9. Plant Simulation User Interface
7,Transparency [material],734,734,Tab Material,9. Plant Simulation User Interface
7,Shininess [material],735,735,Tab Material,9. Plant Simulation User Interface
7,Copy the Current Material Settings [material],736,736,Tab Material,9. Plant Simulation User Interface
7,Paste a Previously Copied Material,737,737,Tab Material,9. Plant Simulation User Interface
7,Remove the Materials in Nested Graphics,738,738,Tab Material,9. Plant Simulation User Interface
6,Tab Mezzanine Settings,738,739,Edit 3D Properties,9. Plant Simulation User Interface
7,Mezzanine Settings,738,739,Tab Mezzanine Settings,9. Plant Simulation User Interface
6,Tab MU Animation,740,801,Edit 3D Properties,9. Plant Simulation User Interface
7,MU Animation [tab],740,743,Tab MU Animation,9. Plant Simulation User Interface
7,Animation Object,744,745,Tab MU Animation,9. Plant Simulation User Interface
7,MU Side to Attach,746,753,Tab MU Animation,9. Plant Simulation User Interface
7,Sub-tab Animation Paths,754,777,Tab MU Animation,9. Plant Simulation User Interface
8,Animation Paths [MU animation],754,754,Sub-tab Animation Paths,9. Plant Simulation User Interface
8,Add,755,765,Sub-tab Animation Paths,9. Plant Simulation User Interface
9,Add [button] - MU animation path,755,755,Add,9. Plant Simulation User Interface
9,Path Name [MU animation],756,756,Add,9. Plant Simulation User Interface
9,Path Type,757,765,Add,9. Plant Simulation User Interface
10,Path Type [MU animation],757,757,Path Type,9. Plant Simulation User Interface
10,Rotation Path [MU animation] - Lines,758,765,Path Type,9. Plant Simulation User Interface
11,Rotation Path [MU animation] - Lines,758,760,Rotation Path [MU animation] - Lines,9. Plant Simulation User Interface
11,Start Angle [MU animation],761,761,Rotation Path [MU animation] - Lines,9. Plant Simulation User Interface
11,End Angle [MU animation],762,762,Rotation Path [MU animation] - Lines,9. Plant Simulation User Interface
11,Radius [MU animation],763,763,Rotation Path [MU animation] - Lines,9. Plant Simulation User Interface
11,Axis X/Y/Z [MU animation],764,764,Rotation Path [MU animation] - Lines,9. Plant Simulation User Interface
11,Center [MU rotation],765,765,Rotation Path [MU animation] - Lines,9. Plant Simulation User Interface
8,Extend [MU animation],766,766,Sub-tab Animation Paths,9. Plant Simulation User Interface
8,Edit,766,777,Sub-tab Animation Paths,9. Plant Simulation User Interface
9,Edit [MU animation],766,767,Edit,9. Plant Simulation User Interface
9,"Add [button] - anchor point, MU animation",768,768,Edit,9. Plant Simulation User Interface
9,Edit Values,769,776,Edit,9. Plant Simulation User Interface
10,"Edit Values [button] - anchor point, MU animation",769,772,Edit Values,9. Plant Simulation User Interface
10,Position [MU animation],773,773,Edit Values,9. Plant Simulation User Interface
10,Rotation [MU animation],774,774,Edit Values,9. Plant Simulation User Interface
10,Segments [MU animation],775,775,Edit Values,9. Plant Simulation User Interface
10,Velocity [MU animation],776,776,Edit Values,9. Plant Simulation User Interface
9,Add Common Offset [MU animation],777,777,Edit,9. Plant Simulation User Interface
8,Delete [button] - MU animation path,778,778,Sub-tab Animation Paths,9. Plant Simulation User Interface
7,Sub-tab Animation Area,778,793,Tab MU Animation,9. Plant Simulation User Interface
8,Animation Area [described],778,779,Sub-tab Animation Area,9. Plant Simulation User Interface
8,Animation Area [check box],780,780,Sub-tab Animation Area,9. Plant Simulation User Interface
8,Show MUs as Cuboids [check box],781,781,Sub-tab Animation Area,9. Plant Simulation User Interface
8,Orientation [animation area],782,783,Sub-tab Animation Area,9. Plant Simulation User Interface
8,Relative/Absolute,784,784,Sub-tab Animation Area,9. Plant Simulation User Interface
8,Length [text box] - animation area,785,786,Sub-tab Animation Area,9. Plant Simulation User Interface
8,Width [text box] - animation area,787,788,Sub-tab Animation Area,9. Plant Simulation User Interface
8,Center [animation area],789,790,Sub-tab Animation Area,9. Plant Simulation User Interface
8,MU Rotation,791,791,Sub-tab Animation Area,9. Plant Simulation User Interface
8,Show/Hide [animation area],792,793,Sub-tab Animation Area,9. Plant Simulation User Interface
7,Animation Offset,794,795,Tab MU Animation,9. Plant Simulation User Interface
7,Gravity Mode,796,796,Tab MU Animation,9. Plant Simulation User Interface
7,Smooth Rotation,797,797,Tab MU Animation,9. Plant Simulation User Interface
7,Test path,797,801,Tab MU Animation,9. Plant Simulation User Interface
8,Test Path [MU animation],797,798,Test path,9. Plant Simulation User Interface
8,Object [test MU animation],799,799,Test path,9. Plant Simulation User Interface
8,Factor [test MU animation],800,800,Test path,9. Plant Simulation User Interface
8,Backwards [test MU animation],801,801,Test path,9. Plant Simulation User Interface
8,Play/Pause/Stop [test MU animation],802,802,Test path,9. Plant Simulation User Interface
6,Tab Point Cloud,802,806,Edit 3D Properties,9. Plant Simulation User Interface
7,Point Cloud,802,803,Tab Point Cloud,9. Plant Simulation User Interface
7,File Path,804,804,Tab Point Cloud,9. Plant Simulation User Interface
7,Position [point cloud],805,805,Tab Point Cloud,9. Plant Simulation User Interface
7,Rotation [point cloud],806,806,Tab Point Cloud,9. Plant Simulation User Interface
6,Tab Poses,807,819,Edit 3D Properties,9. Plant Simulation User Interface
7,Poses,807,810,Tab Poses,9. Plant Simulation User Interface
7,Add Pose,811,813,Tab Poses,9. Plant Simulation User Interface
7,Edit Pose,814,815,Tab Poses,9. Plant Simulation User Interface
7,Delete Pose,816,816,Tab Poses,9. Plant Simulation User Interface
7,Synchronized Joints,817,817,Tab Poses,9. Plant Simulation User Interface
7,Movement Interruptible,817,817,Tab Poses,9. Plant Simulation User Interface
7,Move Poses and Joints with Mouse and Keyboard Keys,818,819,Tab Poses,9. Plant Simulation User Interface
6,Tab Rack Settings,820,821,Edit 3D Properties,9. Plant Simulation User Interface
7,Rack Settings,820,821,Tab Rack Settings,9. Plant Simulation User Interface
6,Tab Robot Arm Animation,822,832,Edit 3D Properties,9. Plant Simulation User Interface
7,Robot Arm Animation [PickAndPlace],822,823,Tab Robot Arm Animation,9. Plant Simulation User Interface
7,Animation Paths,824,832,Tab Robot Arm Animation,9. Plant Simulation User Interface
8,Animation Paths [robot arm],824,824,Animation Paths,9. Plant Simulation User Interface
8,Add,825,826,Animation Paths,9. Plant Simulation User Interface
9,Add [button] - robot arm animation,825,825,Add,9. Plant Simulation User Interface
9,Path [robot arm animation],826,826,Add,9. Plant Simulation User Interface
8,Extend [robot arm animation],827,827,Animation Paths,9. Plant Simulation User Interface
8,Edit,827,832,Animation Paths,9. Plant Simulation User Interface
9,Edit [button] - robot arm animation,827,828,Edit,9. Plant Simulation User Interface
9,"Add [button] - anchor point, robot arm",829,830,Edit,9. Plant Simulation User Interface
9,"Edit Values [button] - anchor point, robot arm",831,831,Edit,9. Plant Simulation User Interface
9,"Add Common Offset [button] - anchor point, robot arm",832,832,Edit,9. Plant Simulation User Interface
8,"Delete [button] - anchor point, robot arm",833,833,Animation Paths,9. Plant Simulation User Interface
6,Tab Self Animation,833,862,Edit 3D Properties,9. Plant Simulation User Interface
7,Self Animation,833,834,Tab Self Animation,9. Plant Simulation User Interface
7,How Plant Simulation Animates the Objects Themselves,835,835,Tab Self Animation,9. Plant Simulation User Interface
7,Animation Paths,836,845,Tab Self Animation,9. Plant Simulation User Interface
8,Animation Paths [self animation],836,836,Animation Paths,9. Plant Simulation User Interface
8,Add,837,845,Animation Paths,9. Plant Simulation User Interface
9,Add [button] - self animation path,837,837,Add,9. Plant Simulation User Interface
9,Path Name [self animation],838,838,Add,9. Plant Simulation User Interface
9,Path Type,838,845,Add,9. Plant Simulation User Interface
10,Path Type [self animation],838,838,Path Type,9. Plant Simulation User Interface
10,Rotation Path [self animation] - Lines,838,845,Path Type,9. Plant Simulation User Interface
11,Rotation Path [self animation] - Lines,838,840,Rotation Path [self animation] - Lines,9. Plant Simulation User Interface
11,Start Angle [self animation],841,841,Rotation Path [self animation] - Lines,9. Plant Simulation User Interface
11,End Angle [self animation],842,842,Rotation Path [self animation] - Lines,9. Plant Simulation User Interface
11,Radius [self animation],843,843,Rotation Path [self animation] - Lines,9. Plant Simulation User Interface
11,Axis XYZ [self animation],844,844,Rotation Path [self animation] - Lines,9. Plant Simulation User Interface
11,Center [self animation],845,845,Rotation Path [self animation] - Lines,9. Plant Simulation User Interface
7,Extend [self animation],846,846,Tab Self Animation,9. Plant Simulation User Interface
7,Edit,846,856,Tab Self Animation,9. Plant Simulation User Interface
8,Edit [self animation],846,847,Edit,9. Plant Simulation User Interface
8,"Add [button] - anchor point, self animation",848,848,Edit,9. Plant Simulation User Interface
8,Edit Values,849,855,Edit,9. Plant Simulation User Interface
9,"Edit Values [button] - anchor point, self animation",849,851,Edit Values,9. Plant Simulation User Interface
9,Position [self animation],852,852,Edit Values,9. Plant Simulation User Interface
9,Rotation [self animation],853,853,Edit Values,9. Plant Simulation User Interface
9,Segments [self animation],854,854,Edit Values,9. Plant Simulation User Interface
9,Velocity [self animation],855,855,Edit Values,9. Plant Simulation User Interface
8,Add Common Offset [self animation],856,856,Edit,9. Plant Simulation User Interface
7,Delete [self animation] - path,857,857,Tab Self Animation,9. Plant Simulation User Interface
7,Rotation Axis,858,858,Tab Self Animation,9. Plant Simulation User Interface
7,Rotation Center,859,859,Tab Self Animation,9. Plant Simulation User Interface
7,Test Path,859,862,Tab Self Animation,9. Plant Simulation User Interface
8,Test Path [self animation],859,860,Test Path,9. Plant Simulation User Interface
8,Factor [test self animation],861,861,Test Path,9. Plant Simulation User Interface
8,Backwards [test self animation],862,862,Test Path,9. Plant Simulation User Interface
8,Play/Pause/Stop [test self animation],863,863,Test Path,9. Plant Simulation User Interface
6,Tab Stairs Settings,863,865,Edit 3D Properties,9. Plant Simulation User Interface
7,Stairs Settings,863,865,Tab Stairs Settings,9. Plant Simulation User Interface
6,Tab States,866,880,Edit 3D Properties,9. Plant Simulation User Interface
7,States,866,866,Tab States,9. Plant Simulation User Interface
7,State Graphic,867,880,Tab States,9. Plant Simulation User Interface
8,State Graphic [defined],867,869,State Graphic,9. Plant Simulation User Interface
8,Orientation [state graphic],870,874,State Graphic,9. Plant Simulation User Interface
8,Scale With Object [check box],875,875,State Graphic,9. Plant Simulation User Interface
8,Position [state graphic],876,876,State Graphic,9. Plant Simulation User Interface
8,Mirror [state graphic],877,877,State Graphic,9. Plant Simulation User Interface
8,Scale [state graphic],878,878,State Graphic,9. Plant Simulation User Interface
8,Show All Possible States,879,880,State Graphic,9. Plant Simulation User Interface
6,Tab Transformation,881,897,Edit 3D Properties,9. Plant Simulation User Interface
7,Transformation,881,882,Tab Transformation,9. Plant Simulation User Interface
7,Settings for the Position,883,885,Tab Transformation,9. Plant Simulation User Interface
8,Settings for the Position [transformation],883,884,Settings for the Position,9. Plant Simulation User Interface
8,Move to Zero,885,885,Settings for the Position,9. Plant Simulation User Interface
7,Settings for the Rotation,886,888,Tab Transformation,9. Plant Simulation User Interface
8,Settings for the Rotation [transformation],886,887,Settings for the Rotation,9. Plant Simulation User Interface
8,Add Rotation [Buffer],888,888,Settings for the Rotation,9. Plant Simulation User Interface
7,Settings for Mirroring,889,889,Tab Transformation,9. Plant Simulation User Interface
7,Settings for the Scale,890,895,Tab Transformation,9. Plant Simulation User Interface
8,Settings for the Scale [transformation],890,891,Settings for the Scale,9. Plant Simulation User Interface
8,Uniform Scaling,892,893,Settings for the Scale,9. Plant Simulation User Interface
8,Set Dimensions,894,895,Settings for the Scale,9. Plant Simulation User Interface
7,Scale Automatically,896,897,Tab Transformation,9. Plant Simulation User Interface
6,Open Simulation Settings,898,898,Edit 3D Properties,9. Plant Simulation User Interface
6,Navigate Menu,899,900,Edit 3D Properties,9. Plant Simulation User Interface
7,Navigate Menu,899,899,Navigate Menu,9. Plant Simulation User Interface
7,Open [simulation settings dialog],900,900,Navigate Menu,9. Plant Simulation User Interface
6,View Menu,901,901,Edit 3D Properties,9. Plant Simulation User Interface
6,Help Menu,902,902,Edit 3D Properties,9. Plant Simulation User Interface
4,Edit Icons [Home ribbon],903,903,Home Ribbon Tab,9. Plant Simulation User Interface
4,Edit Controls [Home ribbon],904,904,Home Ribbon Tab,9. Plant Simulation User Interface
4,Edit Observers [Home ribbon],905,905,Home Ribbon Tab,9. Plant Simulation User Interface
4,Edit User-defined Attributes [Home ribbon],906,906,Home Ribbon Tab,9. Plant Simulation User Interface
4,Show Attributes and Methods,907,926,Home Ribbon Tab,9. Plant Simulation User Interface
5,Show Attributes and Methods [described],907,910,Show Attributes and Methods,9. Plant Simulation User Interface
5,Show Attributes,911,914,Show Attributes and Methods,9. Plant Simulation User Interface
5,Show Read-Only Attributes,915,916,Show Attributes and Methods,9. Plant Simulation User Interface
5,Show Methods,917,918,Show Attributes and Methods,9. Plant Simulation User Interface
5,Working with the Window Show Attributes and Methods,919,924,Show Attributes and Methods,9. Plant Simulation User Interface
5,Simultaneously Show and Change Attributes of Several Objects,925,926,Show Attributes and Methods,9. Plant Simulation User Interface
4,Show Statistics Report [Home ribbon],927,927,Home Ribbon Tab,9. Plant Simulation User Interface
4,Show Structure [Home ribbon],928,932,Home Ribbon Tab,9. Plant Simulation User Interface
4,Show Inheritance [Home ribbon],933,934,Home Ribbon Tab,9. Plant Simulation User Interface
4,Context Help [Home ribbon],935,935,Home Ribbon Tab,9. Plant Simulation User Interface
4,Optimize Model,936,938,Home Ribbon Tab,9. Plant Simulation User Interface
4,Manage Class Library,939,943,Home Ribbon Tab,9. Plant Simulation User Interface
3,Debugger Ribbon Tab,944,980,Ribbon Bar,9. Plant Simulation User Interface
4,Debugger Ribbon Tab of the Method,944,949,Debugger Ribbon Tab,9. Plant Simulation User Interface
4,Switch to Debugger,950,950,Debugger Ribbon Tab,9. Plant Simulation User Interface
4,Stop on Controls,950,951,Debugger Ribbon Tab,9. Plant Simulation User Interface
5,Stop on Controls,950,950,Stop on Controls,9. Plant Simulation User Interface
5,Stop on Controls in Object,951,951,Stop on Controls,9. Plant Simulation User Interface
4,Stop on Wakeup,952,952,Debugger Ribbon Tab,9. Plant Simulation User Interface
4,Stop on Formulas,953,953,Debugger Ribbon Tab,9. Plant Simulation User Interface
4,Stop on Error Handlers,954,954,Debugger Ribbon Tab,9. Plant Simulation User Interface
4,Ignore Breakpoints,955,955,Debugger Ribbon Tab,9. Plant Simulation User Interface
4,Ignore Error Handlers,955,956,Debugger Ribbon Tab,9. Plant Simulation User Interface
4,Ignore Errors,957,957,Debugger Ribbon Tab,9. Plant Simulation User Interface
4,Ignore Errors in Formulas,958,958,Debugger Ribbon Tab,9. Plant Simulation User Interface
4,Manage Breakpoints,959,959,Debugger Ribbon Tab,9. Plant Simulation User Interface
4,Delete All Breakpoints [Debugger ribbon],960,960,Debugger Ribbon Tab,9. Plant Simulation User Interface
4,Delete All Expressions,961,961,Debugger Ribbon Tab,9. Plant Simulation User Interface
4,Show Incorrect Methods,962,962,Debugger Ribbon Tab,9. Plant Simulation User Interface
4,Find Outdated Functions,963,965,Debugger Ribbon Tab,9. Plant Simulation User Interface
4,Show Suspended Methods,966,966,Debugger Ribbon Tab,9. Plant Simulation User Interface
4,Terminate Suspended Methods,967,967,Debugger Ribbon Tab,9. Plant Simulation User Interface
4,Activate Profiler,967,968,Debugger Ribbon Tab,9. Plant Simulation User Interface
5,Activate Profiler,967,968,Activate Profiler,9. Plant Simulation User Interface
5,Working with the Profiler,969,969,Activate Profiler,9. Plant Simulation User Interface
4,Show Profiler Data,969,980,Debugger Ribbon Tab,9. Plant Simulation User Interface
5,Show Profiler Data [button],969,972,Show Profiler Data,9. Plant Simulation User Interface
5,Top 50 Most Relevant Methods,973,974,Show Profiler Data,9. Plant Simulation User Interface
5,Top 50 Call Cycles,975,975,Show Profiler Data,9. Plant Simulation User Interface
5,OPC UA Communication Statistics,976,978,Show Profiler Data,9. Plant Simulation User Interface
5,MQTT Communication Statistics,979,980,Show Profiler Data,9. Plant Simulation User Interface
4,Reset Profiler,981,981,Debugger Ribbon Tab,9. Plant Simulation User Interface
3,Window Ribbon Tab,981,1010,Ribbon Bar,9. Plant Simulation User Interface
4,Window Ribbon Tab,981,983,Window Ribbon Tab,9. Plant Simulation User Interface
4,Full Screen [Window ribbon],984,984,Window Ribbon Tab,9. Plant Simulation User Interface
4,Open Start Page,985,986,Window Ribbon Tab,9. Plant Simulation User Interface
4,Show Class Library,987,987,Window Ribbon Tab,9. Plant Simulation User Interface
4,Show Favorites,988,988,Window Ribbon Tab,9. Plant Simulation User Interface
4,Show Toolbox,989,989,Window Ribbon Tab,9. Plant Simulation User Interface
4,Show Console,990,990,Window Ribbon Tab,9. Plant Simulation User Interface
4,Show Copilot,991,1000,Window Ribbon Tab,9. Plant Simulation User Interface
4,Show Status Bar,1001,1001,Window Ribbon Tab,9. Plant Simulation User Interface
4,Show Message Bar,1002,1002,Window Ribbon Tab,9. Plant Simulation User Interface
4,Cascade Windows,1003,1003,Window Ribbon Tab,9. Plant Simulation User Interface
4,Tile Horizontally,1004,1004,Window Ribbon Tab,9. Plant Simulation User Interface
4,Tile Vertically,1005,1005,Window Ribbon Tab,9. Plant Simulation User Interface
4,Close All Windows,1006,1006,Window Ribbon Tab,9. Plant Simulation User Interface
4,List Open Windows,1006,1010,Window Ribbon Tab,9. Plant Simulation User Interface
5,List Windows,1006,1006,List Open Windows,9. Plant Simulation User Interface
5,Arrange Icons [program window],1007,1007,List Open Windows,9. Plant Simulation User Interface
5,List of Open Windows,1008,1009,List Open Windows,9. Plant Simulation User Interface
5,List Windows,1010,1010,List Open Windows,9. Plant Simulation User Interface
3,Cloud Ribbon Tab,1011,1013,Ribbon Bar,9. Plant Simulation User Interface
4,Cloud Ribbon Tab,1011,1011,Cloud Ribbon Tab,9. Plant Simulation User Interface
4,Check In [Cloud],1012,1012,Cloud Ribbon Tab,9. Plant Simulation User Interface
4,Check Out [Cloud],1013,1013,Cloud Ribbon Tab,9. Plant Simulation User Interface
4,Refresh [Cloud],1014,1014,Cloud Ribbon Tab,9. Plant Simulation User Interface
3,Edit Ribbon Tab,1014,1218,Ribbon Bar,9. Plant Simulation User Interface
4,Edit Ribbon Tab [3D],1014,1017,Edit Ribbon Tab,9. Plant Simulation User Interface
4,Import Graphics,1018,1025,Edit Ribbon Tab,9. Plant Simulation User Interface
5,Import Graphics,1018,1018,Import Graphics,9. Plant Simulation User Interface
5,Import Graphics [command],1019,1020,Import Graphics,9. Plant Simulation User Interface
5,Place Imported Graphics in the Window,1021,1025,Import Graphics,9. Plant Simulation User Interface
4,Exchange Graphics,1026,1028,Edit Ribbon Tab,9. Plant Simulation User Interface
4,Export Scene Command,1029,1033,Edit Ribbon Tab,9. Plant Simulation User Interface
5,Export Scene,1029,1029,Export Scene Command,9. Plant Simulation User Interface
5,Export Graphics,1030,1031,Export Scene Command,9. Plant Simulation User Interface
5,Export Object,1032,1032,Export Scene Command,9. Plant Simulation User Interface
5,Export Bitmap,1033,1033,Export Scene Command,9. Plant Simulation User Interface
4,Print Scene,1034,1034,Edit Ribbon Tab,9. Plant Simulation User Interface
4,Show Graphic Structure,1034,1071,Edit Ribbon Tab,9. Plant Simulation User Interface
5,Show Graphic Structure [button],1034,1039,Show Graphic Structure,9. Plant Simulation User Interface
5,Inherit Graphic Groups,1040,1040,Show Graphic Structure,9. Plant Simulation User Interface
5,Inherit Graphic Group Visibilities,1041,1041,Show Graphic Structure,9. Plant Simulation User Interface
5,Context Menu of an Object in the Graphic Structure,1041,1046,Show Graphic Structure,9. Plant Simulation User Interface
6,Context Menu of an Object in the Graphic Structure,1041,1042,Context Menu of an Object in the Graphic Structure,9. Plant Simulation User Interface
6,Show [graphic],1043,1043,Context Menu of an Object in the Graphic Structure,9. Plant Simulation User Interface
6,Paste [graphic],1044,1044,Context Menu of an Object in the Graphic Structure,9. Plant Simulation User Interface
6,Optimize [graphic],1045,1045,Context Menu of an Object in the Graphic Structure,9. Plant Simulation User Interface
6,Remove Texture [graphic],1046,1046,Context Menu of an Object in the Graphic Structure,9. Plant Simulation User Interface
6,Move Transformations to Graphics,1047,1047,Context Menu of an Object in the Graphic Structure,9. Plant Simulation User Interface
5,Context Menu of a Simulation Object,1047,1055,Show Graphic Structure,9. Plant Simulation User Interface
6,Context Menu of a Simulation Object in the Graphic Structure,1047,1047,Context Menu of a Simulation Object,9. Plant Simulation User Interface
6,Open [3D object],1048,1048,Context Menu of a Simulation Object,9. Plant Simulation User Interface
6,Open in New Window [3D object],1049,1049,Context Menu of a Simulation Object,9. Plant Simulation User Interface
6,Rename [3D object],1050,1050,Context Menu of a Simulation Object,9. Plant Simulation User Interface
6,Edit 3D Properties [3D object],1051,1051,Context Menu of a Simulation Object,9. Plant Simulation User Interface
6,Paste [graphic group],1052,1052,Context Menu of a Simulation Object,9. Plant Simulation User Interface
6,Delete [3D object],1053,1053,Context Menu of a Simulation Object,9. Plant Simulation User Interface
6,Add Animatable Object,1054,1054,Context Menu of a Simulation Object,9. Plant Simulation User Interface
6,Add Graphic Group,1055,1055,Context Menu of a Simulation Object,9. Plant Simulation User Interface
5,Context Menu of a Graphic in the Graphic Structure,1056,1061,Show Graphic Structure,9. Plant Simulation User Interface
6,Context Menu of a Graphic in the Graphic Structure,1056,1057,Context Menu of a Graphic in the Graphic Structure,9. Plant Simulation User Interface
6,Show [graphic],1058,1058,Context Menu of a Graphic in the Graphic Structure,9. Plant Simulation User Interface
6,Paste [graphic],1059,1059,Context Menu of a Graphic in the Graphic Structure,9. Plant Simulation User Interface
6,Optimize [graphic],1060,1060,Context Menu of a Graphic in the Graphic Structure,9. Plant Simulation User Interface
6,Remove Texture [graphic],1061,1061,Context Menu of a Graphic in the Graphic Structure,9. Plant Simulation User Interface
6,Move Transformations to Graphics,1062,1062,Context Menu of a Graphic in the Graphic Structure,9. Plant Simulation User Interface
5,Context Menu of the Selected Graphic,1062,1071,Show Graphic Structure,9. Plant Simulation User Interface
6,Context Menu of the Selected Graphic,1062,1064,Context Menu of the Selected Graphic,9. Plant Simulation User Interface
6,Cut [3D graphic],1065,1065,Context Menu of the Selected Graphic,9. Plant Simulation User Interface
6,Copy [3D graphic],1066,1066,Context Menu of the Selected Graphic,9. Plant Simulation User Interface
6,Paste [3D graphic],1067,1067,Context Menu of the Selected Graphic,9. Plant Simulation User Interface
6,Delete [3D graphic],1068,1068,Context Menu of the Selected Graphic,9. Plant Simulation User Interface
6,Edit 3D Properties [selected graphic],1069,1069,Context Menu of the Selected Graphic,9. Plant Simulation User Interface
6,Show Graphic Structure [context menu],1070,1070,Context Menu of the Selected Graphic,9. Plant Simulation User Interface
6,Ungroup [3D graphic],1071,1071,Context Menu of the Selected Graphic,9. Plant Simulation User Interface
6,Remove Texture [3D graphic],1072,1072,Context Menu of the Selected Graphic,9. Plant Simulation User Interface
4,Optimize Selected Graphic,1072,1089,Edit Ribbon Tab,9. Plant Simulation User Interface
5,Optimize Selected Graphic,1072,1074,Optimize Selected Graphic,9. Plant Simulation User Interface
5,Step 1: Prune Tiny Graphics,1075,1075,Optimize Selected Graphic,9. Plant Simulation User Interface
5,Step 2 Flatten Structure,1075,1079,Optimize Selected Graphic,9. Plant Simulation User Interface
6,Step 2: Flatten Structure,1075,1076,Step 2 Flatten Structure,9. Plant Simulation User Interface
6,Keep Grouping,1077,1077,Step 2 Flatten Structure,9. Plant Simulation User Interface
6,Preserve Obstacles,1078,1078,Step 2 Flatten Structure,9. Plant Simulation User Interface
6,Preserve References,1079,1079,Step 2 Flatten Structure,9. Plant Simulation User Interface
6,Remove Polyline and Point Sets,1080,1080,Step 2 Flatten Structure,9. Plant Simulation User Interface
5,Step 3: Visibility filter,1080,1083,Optimize Selected Graphic,9. Plant Simulation User Interface
6,Step 3: Visibility Filter,1080,1081,Step 3: Visibility filter,9. Plant Simulation User Interface
6,Cull Granularity,1082,1082,Step 3: Visibility filter,9. Plant Simulation User Interface
6,Reduction Level,1083,1083,Step 3: Visibility filter,9. Plant Simulation User Interface
5,Generate SimTalk Code and Copy to Clipboard [optimize graphic],1084,1085,Optimize Selected Graphic,9. Plant Simulation User Interface
5,Preview Result,1086,1086,Optimize Selected Graphic,9. Plant Simulation User Interface
5,Revert,1087,1087,Optimize Selected Graphic,9. Plant Simulation User Interface
5,Accept Result,1088,1088,Optimize Selected Graphic,9. Plant Simulation User Interface
5,Graphic Complexity,1089,1089,Optimize Selected Graphic,9. Plant Simulation User Interface
4,Group Graphics,1090,1090,Edit Ribbon Tab,9. Plant Simulation User Interface
4,Ungroup Group of Graphics,1091,1091,Edit Ribbon Tab,9. Plant Simulation User Interface
4,Insert Shape,1091,1151,Edit Ribbon Tab,9. Plant Simulation User Interface
5,Insert Shape,1091,1093,Insert Shape,9. Plant Simulation User Interface
5,Graphic Group [for shape],1094,1095,Insert Shape,9. Plant Simulation User Interface
5,Barred Area,1096,1099,Insert Shape,9. Plant Simulation User Interface
5,Box,1100,1102,Insert Shape,9. Plant Simulation User Interface
5,Cone Frustum,1103,1106,Insert Shape,9. Plant Simulation User Interface
5,Cuboid,1107,1109,Insert Shape,9. Plant Simulation User Interface
5,Cylinder,1110,1114,Insert Shape,9. Plant Simulation User Interface
5,Dimensioning,1115,1122,Insert Shape,9. Plant Simulation User Interface
5,Factory Walls,1123,1127,Insert Shape,9. Plant Simulation User Interface
5,Fence,1128,1134,Insert Shape,9. Plant Simulation User Interface
5,Mezzanine,1135,1137,Insert Shape,9. Plant Simulation User Interface
5,Rack,1138,1140,Insert Shape,9. Plant Simulation User Interface
5,Sphere,1141,1141,Insert Shape,9. Plant Simulation User Interface
5,Stairs,1142,1144,Insert Shape,9. Plant Simulation User Interface
5,Text [graphic shape],1145,1145,Insert Shape,9. Plant Simulation User Interface
5,Textured Plate,1146,1151,Insert Shape,9. Plant Simulation User Interface
6,Textured Plate,1146,1147,Textured Plate,9. Plant Simulation User Interface
6,From Clipboard,1148,1148,Textured Plate,9. Plant Simulation User Interface
6,Image [textured plate],1149,1149,Textured Plate,9. Plant Simulation User Interface
6,Plate [settings],1150,1150,Textured Plate,9. Plant Simulation User Interface
6,Texture,1151,1151,Textured Plate,9. Plant Simulation User Interface
4,Make Animatable Object,1152,1155,Edit Ribbon Tab,9. Plant Simulation User Interface
4,Make Simulation Object,1156,1196,Edit Ribbon Tab,9. Plant Simulation User Interface
5,Make Simulation Object,1156,1159,Make Simulation Object,9. Plant Simulation User Interface
5,Context Menu of the Selected Simulation Object,1160,1175,Make Simulation Object,9. Plant Simulation User Interface
6,Context Menu of the Selected Simulation Object,1160,1161,Context Menu of the Selected Simulation Object,9. Plant Simulation User Interface
6,Cut [simulation object],1162,1162,Context Menu of the Selected Simulation Object,9. Plant Simulation User Interface
6,Copy [simulation object],1163,1163,Context Menu of the Selected Simulation Object,9. Plant Simulation User Interface
6,Delete [simulation object],1164,1164,Context Menu of the Selected Simulation Object,9. Plant Simulation User Interface
6,Open [simulation object],1165,1165,Context Menu of the Selected Simulation Object,9. Plant Simulation User Interface
6,Open in New Window [simulation object],1166,1166,Context Menu of the Selected Simulation Object,9. Plant Simulation User Interface
6,Hide [simulation object],1167,1167,Context Menu of the Selected Simulation Object,9. Plant Simulation User Interface
6,Stop at Next Event,1168,1168,Context Menu of the Selected Simulation Object,9. Plant Simulation User Interface
6,Use as Animation Object,1169,1170,Context Menu of the Selected Simulation Object,9. Plant Simulation User Interface
6,Show Manipulators [context menu],1171,1171,Context Menu of the Selected Simulation Object,9. Plant Simulation User Interface
6,Segments,1171,1175,Context Menu of the Selected Simulation Object,9. Plant Simulation User Interface
7,Segments [context menu],1171,1171,Segments,9. Plant Simulation User Interface
7,Append [segment],1172,1172,Segments,9. Plant Simulation User Interface
7,Edit [segment],1173,1173,Segments,9. Plant Simulation User Interface
7,Reverse [segment],1174,1174,Segments,9. Plant Simulation User Interface
7,Split Up [segment],1175,1175,Segments,9. Plant Simulation User Interface
5,Context Menu of Several Selected Objects,1176,1195,Make Simulation Object,9. Plant Simulation User Interface
6,Context Menu of Several Selected Objects,1176,1177,Context Menu of Several Selected Objects,9. Plant Simulation User Interface
6,Hide Objects [context menu],1178,1178,Context Menu of Several Selected Objects,9. Plant Simulation User Interface
6,Zoom to Objects [context menu],1179,1179,Context Menu of Several Selected Objects,9. Plant Simulation User Interface
6,Group Graphics [context menu],1180,1180,Context Menu of Several Selected Objects,9. Plant Simulation User Interface
6,Create Tugger Train,1181,1181,Context Menu of Several Selected Objects,9. Plant Simulation User Interface
6,Arrange Objects,1181,1188,Context Menu of Several Selected Objects,9. Plant Simulation User Interface
7,Arrange Objects,1181,1182,Arrange Objects,9. Plant Simulation User Interface
7,Align X-Coordinates,1183,1183,Arrange Objects,9. Plant Simulation User Interface
7,Align Y-Coordinates,1184,1184,Arrange Objects,9. Plant Simulation User Interface
7,Align Z-Coordinates,1185,1185,Arrange Objects,9. Plant Simulation User Interface
7,Distribute in X-Direction,1186,1186,Arrange Objects,9. Plant Simulation User Interface
7,Distribute in Y-Direction,1187,1187,Arrange Objects,9. Plant Simulation User Interface
7,Distribute in Z-Direction,1188,1188,Arrange Objects,9. Plant Simulation User Interface
7,Align to Grid [context menu],1189,1189,Arrange Objects,9. Plant Simulation User Interface
6,Transformation Inheritance,1189,1194,Context Menu of Several Selected Objects,9. Plant Simulation User Interface
7,Transformation Inheritance,1189,1189,Transformation Inheritance,9. Plant Simulation User Interface
7,Inherit Positions,1190,1190,Transformation Inheritance,9. Plant Simulation User Interface
7,Inherit Rotations,1191,1191,Transformation Inheritance,9. Plant Simulation User Interface
7,Inherit Mirrorings,1192,1192,Transformation Inheritance,9. Plant Simulation User Interface
7,Inherit Scalings,1193,1193,Transformation Inheritance,9. Plant Simulation User Interface
7,Inherit All,1194,1194,Transformation Inheritance,9. Plant Simulation User Interface
6,Show Statistics Report [context menu],1195,1195,Context Menu of Several Selected Objects,9. Plant Simulation User Interface
5,Context Menu of a Sub-Frame [Show Content on],1196,1196,Make Simulation Object,9. Plant Simulation User Interface
4,Undo [3D],1197,1203,Edit Ribbon Tab,9. Plant Simulation User Interface
4,Redo [3D],1204,1204,Edit Ribbon Tab,9. Plant Simulation User Interface
4,Show Manipulators [button],1205,1211,Edit Ribbon Tab,9. Plant Simulation User Interface
4,Align to Grid [3D button],1212,1212,Edit Ribbon Tab,9. Plant Simulation User Interface
4,Snap to Grid,1213,1213,Edit Ribbon Tab,9. Plant Simulation User Interface
4,Snap to Objects,1214,1214,Edit Ribbon Tab,9. Plant Simulation User Interface
4,Apply Changes [MUs],1215,1215,Edit Ribbon Tab,9. Plant Simulation User Interface
4,edddison,1216,1217,Edit Ribbon Tab,9. Plant Simulation User Interface
4,Omniverse Connector,1218,1218,Edit Ribbon Tab,9. Plant Simulation User Interface
4,RealityConnect,1219,1219,Edit Ribbon Tab,9. Plant Simulation User Interface
3,View Ribbon Tab,1219,1296,Ribbon Bar,9. Plant Simulation User Interface
4,View Ribbon Tab,1219,1222,View Ribbon Tab,9. Plant Simulation User Interface
4,View All,1223,1223,View Ribbon Tab,9. Plant Simulation User Interface
4,Zoom to Objects [button],1224,1224,View Ribbon Tab,9. Plant Simulation User Interface
4,Left View,1225,1225,View Ribbon Tab,9. Plant Simulation User Interface
4,Front View,1226,1226,View Ribbon Tab,9. Plant Simulation User Interface
4,Top View,1227,1227,View Ribbon Tab,9. Plant Simulation User Interface
4,Right View,1228,1228,View Ribbon Tab,9. Plant Simulation User Interface
4,Back View,1229,1229,View Ribbon Tab,9. Plant Simulation User Interface
4,Bottom View,1230,1230,View Ribbon Tab,9. Plant Simulation User Interface
4,Grid Position and Orientation,1230,1236,View Ribbon Tab,9. Plant Simulation User Interface
5,Grid Position and Orientation,1230,1231,Grid Position and Orientation,9. Plant Simulation User Interface
5,Position [grid],1232,1234,Grid Position and Orientation,9. Plant Simulation User Interface
5,Orientation [grid],1235,1236,Grid Position and Orientation,9. Plant Simulation User Interface
4,Edit Grid and Base Plate Settings,1237,1242,View Ribbon Tab,9. Plant Simulation User Interface
5,Edit Grid and Base Plate Settings,1237,1237,Edit Grid and Base Plate Settings,9. Plant Simulation User Interface
5,Base Plate Material,1238,1240,Edit Grid and Base Plate Settings,9. Plant Simulation User Interface
5,Axes Color [scene window],1241,1241,Edit Grid and Base Plate Settings,9. Plant Simulation User Interface
5,Grid Lines,1242,1242,Edit Grid and Base Plate Settings,9. Plant Simulation User Interface
4,Camera Marks,1243,1248,View Ribbon Tab,9. Plant Simulation User Interface
5,Camera Marks,1243,1245,Camera Marks,9. Plant Simulation User Interface
5,Generate SimTalk Code and Copy to Clipboard [camera mark],1246,1246,Camera Marks,9. Plant Simulation User Interface
5,Generate HtmlReport Code and Copy to Clipboard,1247,1248,Camera Marks,9. Plant Simulation User Interface
4,Attach Camera,1249,1249,View Ribbon Tab,9. Plant Simulation User Interface
4,Detach Camera,1250,1250,View Ribbon Tab,9. Plant Simulation User Interface
4,Add to Camera Path,1251,1251,View Ribbon Tab,9. Plant Simulation User Interface
4,Animate Camera,1252,1253,View Ribbon Tab,9. Plant Simulation User Interface
4,Use Planning View,1254,1256,View Ribbon Tab,9. Plant Simulation User Interface
4,Show Object Names,1257,1257,View Ribbon Tab,9. Plant Simulation User Interface
4,Show Object Labels,1258,1258,View Ribbon Tab,9. Plant Simulation User Interface
4,Show User-defined Attributes,1259,1259,View Ribbon Tab,9. Plant Simulation User Interface
4,Show Connections,1260,1261,View Ribbon Tab,9. Plant Simulation User Interface
4,Show Material Flow Directions [button],1262,1262,View Ribbon Tab,9. Plant Simulation User Interface
4,Show Grid,1263,1265,View Ribbon Tab,9. Plant Simulation User Interface
4,Show Base Plate,1266,1266,View Ribbon Tab,9. Plant Simulation User Interface
4,Show External Graphic Groups,1267,1268,View Ribbon Tab,9. Plant Simulation User Interface
4,Show Point Clouds,1269,1269,View Ribbon Tab,9. Plant Simulation User Interface
4,Show Shadows,1270,1270,View Ribbon Tab,9. Plant Simulation User Interface
4,Show Sky,1271,1271,View Ribbon Tab,9. Plant Simulation User Interface
4,Inherit View Options,1272,1272,View Ribbon Tab,9. Plant Simulation User Interface
4,Hide Objects [button],1273,1273,View Ribbon Tab,9. Plant Simulation User Interface
4,Unhide Objects,1274,1274,View Ribbon Tab,9. Plant Simulation User Interface
4,Draw Wireframe,1275,1275,View Ribbon Tab,9. Plant Simulation User Interface
4,Show Obstacles,1276,1279,View Ribbon Tab,9. Plant Simulation User Interface
4,Go VR,1280,1296,View Ribbon Tab,9. Plant Simulation User Interface
5,Use a HTC Vive HMD,1280,1280,Go VR,9. Plant Simulation User Interface
5,Plant Simulation VR Requirements and Setup,1281,1281,Go VR,9. Plant Simulation User Interface
5,Start Plant Simulation VR with Go VR,1282,1284,Go VR,9. Plant Simulation User Interface
5,Troubleshoot Go VR,1285,1286,Go VR,9. Plant Simulation User Interface
5,Plant Simulation VR Controller Mappings,1287,1287,Go VR,9. Plant Simulation User Interface
5,Moving in Plant Simulation VR,1288,1293,Go VR,9. Plant Simulation User Interface
6,Move in Plant Simulation VR,1288,1289,Moving in Plant Simulation VR,9. Plant Simulation User Interface
6,Walk or Fly with the Hand Controller,1290,1291,Moving in Plant Simulation VR,9. Plant Simulation User Interface
6,Turn Left or Right with the Hand Controller,1292,1292,Moving in Plant Simulation VR,9. Plant Simulation User Interface
6,Teleport with the Hand Controller,1293,1293,Moving in Plant Simulation VR,9. Plant Simulation User Interface
5,Interacting with the Virtual Scene,1294,1296,Go VR,9. Plant Simulation User Interface
6,Interact with the Virtual Scene,1294,1294,Interacting with the Virtual Scene,9. Plant Simulation User Interface
6,Click a Button or Checkbox in Plant Simulation VR,1295,1295,Interacting with the Virtual Scene,9. Plant Simulation User Interface
6,Start or Stop the Simulation in Plant Simulation VR,1296,1296,Interacting with the Virtual Scene,9. Plant Simulation User Interface
5,Terminate Plant Simulation VR,1297,1297,Go VR,9. Plant Simulation User Interface
3,Video Ribbon Tab,1297,1324,Ribbon Bar,9. Plant Simulation User Interface
4,Video Ribbon Tab,1297,1297,Video Ribbon Tab,9. Plant Simulation User Interface
4,Start Simple Recording,1298,1304,Video Ribbon Tab,9. Plant Simulation User Interface
5,Start Simple Recording,1298,1299,Start Simple Recording,9. Plant Simulation User Interface
5,Output File,1300,1300,Start Simple Recording,9. Plant Simulation User Interface
5,Frame Rate [video settings],1301,1301,Start Simple Recording,9. Plant Simulation User Interface
5,Description [video],1302,1302,Start Simple Recording,9. Plant Simulation User Interface
5,Record Entire Application,1303,1303,Start Simple Recording,9. Plant Simulation User Interface
5,Resize For,1304,1304,Start Simple Recording,9. Plant Simulation User Interface
5,Start,1305,1305,Start Simple Recording,9. Plant Simulation User Interface
4,Start Simulation Recording,1305,1320,Video Ribbon Tab,9. Plant Simulation User Interface
5,Start Simulation Recording,1305,1306,Start Simulation Recording,9. Plant Simulation User Interface
5,Output File,1307,1307,Start Simulation Recording,9. Plant Simulation User Interface
5,Frame Rate [video settings],1308,1308,Start Simulation Recording,9. Plant Simulation User Interface
5,Description [video],1309,1309,Start Simulation Recording,9. Plant Simulation User Interface
5,Real-time x [video],1310,1310,Start Simulation Recording,9. Plant Simulation User Interface
5,Record Entire Application,1311,1311,Start Simulation Recording,9. Plant Simulation User Interface
5,Start Simulation-time,1312,1312,Start Simulation Recording,9. Plant Simulation User Interface
5,End Simulation-time,1313,1313,Start Simulation Recording,9. Plant Simulation User Interface
5,Play Camera Path,1313,1318,Start Simulation Recording,9. Plant Simulation User Interface
6,Play Camera Path,1313,1315,Play Camera Path,9. Plant Simulation User Interface
6,Loop Infinitely,1316,1316,Play Camera Path,9. Plant Simulation User Interface
6,Start Path with Recording,1317,1317,Play Camera Path,9. Plant Simulation User Interface
6,End Recording with Path End,1318,1318,Play Camera Path,9. Plant Simulation User Interface
5,Resize For,1319,1319,Start Simulation Recording,9. Plant Simulation User Interface
5,Start,1320,1320,Start Simulation Recording,9. Plant Simulation User Interface
4,Pause/Resume Recording,1321,1321,Video Ribbon Tab,9. Plant Simulation User Interface
4,Cancel Recording,1322,1322,Video Ribbon Tab,9. Plant Simulation User Interface
4,Finish Recording,1323,1323,Video Ribbon Tab,9. Plant Simulation User Interface
4,Play Video,1324,1324,Video Ribbon Tab,9. Plant Simulation User Interface
3,Command Search,1325,1325,Ribbon Bar,9. Plant Simulation User Interface
2,Class Library,1325,1390,9. Plant Simulation User Interface,9. Plant Simulation User Interface
3,Class Library,1325,1328,Class Library,9. Plant Simulation User Interface
3,UserObjects,1329,1330,Class Library,9. Plant Simulation User Interface
3,Arranging the Order of Folders in the Tree Window,1331,1331,Class Library,9. Plant Simulation User Interface
3,Context Menu of the Selected Object in the Class Library,1331,1390,Class Library,9. Plant Simulation User Interface
4,Context Menu of the Selected Object in the Class Library,1331,1333,Context Menu of the Selected Object in the Class Library,9. Plant Simulation User Interface
4,"New [Folder, Frame, Toolbar]",1334,1337,Context Menu of the Selected Object in the Class Library,9. Plant Simulation User Interface
4,Paste [object class],1338,1338,Context Menu of the Selected Object in the Class Library,9. Plant Simulation User Interface
4,Open [object class],1339,1339,Context Menu of the Selected Object in the Class Library,9. Plant Simulation User Interface
4,Open in 3D [object class],1340,1342,Context Menu of the Selected Object in the Class Library,9. Plant Simulation User Interface
4,Show Toolbar,1343,1343,Context Menu of the Selected Object in the Class Library,9. Plant Simulation User Interface
4,Duplicate,1344,1344,Context Menu of the Selected Object in the Class Library,9. Plant Simulation User Interface
4,Derive,1345,1345,Context Menu of the Selected Object in the Class Library,9. Plant Simulation User Interface
4,Cut Inheritance,1346,1346,Context Menu of the Selected Object in the Class Library,9. Plant Simulation User Interface
4,Delete [class library],1347,1347,Context Menu of the Selected Object in the Class Library,9. Plant Simulation User Interface
4,Rename [model or object],1348,1348,Context Menu of the Selected Object in the Class Library,9. Plant Simulation User Interface
4,Show Origin [class library],1349,1349,Context Menu of the Selected Object in the Class Library,9. Plant Simulation User Interface
4,Show Structure [class library],1350,1351,Context Menu of the Selected Object in the Class Library,9. Plant Simulation User Interface
4,Show Graphic Structure [context menu],1352,1352,Context Menu of the Selected Object in the Class Library,9. Plant Simulation User Interface
4,Show Inheritance [object],1353,1353,Context Menu of the Selected Object in the Class Library,9. Plant Simulation User Interface
4,Show MU Statistics,1354,1354,Context Menu of the Selected Object in the Class Library,9. Plant Simulation User Interface
4,Show Attributes and Methods [Home ribbon],1355,1355,Context Menu of the Selected Object in the Class Library,9. Plant Simulation User Interface
4,Edit User-defined Attributes [Class Library],1356,1356,Context Menu of the Selected Object in the Class Library,9. Plant Simulation User Interface
4,Edit Controls [class library],1357,1358,Context Menu of the Selected Object in the Class Library,9. Plant Simulation User Interface
4,Edit Icons [context menu],1359,1359,Context Menu of the Selected Object in the Class Library,9. Plant Simulation User Interface
4,Edit 3D Properties [Frame],1360,1360,Context Menu of the Selected Object in the Class Library,9. Plant Simulation User Interface
4,Make Library,1360,1365,Context Menu of the Selected Object in the Class Library,9. Plant Simulation User Interface
5,Make Library,1360,1363,Make Library,9. Plant Simulation User Interface
5,Prohibit Access to the Computer [Make Library],1364,1364,Make Library,9. Plant Simulation User Interface
5,Lock Library,1365,1365,Make Library,9. Plant Simulation User Interface
4,Edit Library Information,1366,1366,Context Menu of the Selected Object in the Class Library,9. Plant Simulation User Interface
4,Find Object,1367,1379,Context Menu of the Selected Object in the Class Library,9. Plant Simulation User Interface
5,Find Object [context menu],1367,1367,Find Object,9. Plant Simulation User Interface
5,Drop-down list boxes,1368,1369,Find Object,9. Plant Simulation User Interface
5,Regular Expression Window,1370,1370,Find Object,9. Plant Simulation User Interface
5,Match Whole Word Only [Find],1371,1371,Find Object,9. Plant Simulation User Interface
5,Match Case [Find],1372,1372,Find Object,9. Plant Simulation User Interface
5,Regular Expression [Find],1373,1373,Find Object,9. Plant Simulation User Interface
5,Ignore Inherited Name or Text,1374,1374,Find Object,9. Plant Simulation User Interface
5,Look In,1375,1375,Find Object,9. Plant Simulation User Interface
5,Include Subframes [Frame],1376,1376,Find Object,9. Plant Simulation User Interface
5,Find [button],1377,1377,Find Object,9. Plant Simulation User Interface
5,List of Search Results,1378,1379,Find Object,9. Plant Simulation User Interface
4,Save Object As,1380,1380,Context Menu of the Selected Object in the Class Library,9. Plant Simulation User Interface
4,Save/Load,1380,1387,Context Menu of the Selected Object in the Class Library,9. Plant Simulation User Interface
5,Save/Load,1380,1381,Save/Load,9. Plant Simulation User Interface
5,Save Folder As,1382,1382,Save/Load,9. Plant Simulation User Interface
5,Save Library As,1383,1383,Save/Load,9. Plant Simulation User Interface
5,Load Object,1384,1385,Save/Load,9. Plant Simulation User Interface
5,Load Object into Folder,1386,1386,Save/Load,9. Plant Simulation User Interface
5,Update Class Library,1387,1387,Save/Load,9. Plant Simulation User Interface
4,Convert all Methods to New Syntax,1388,1388,Context Menu of the Selected Object in the Class Library,9. Plant Simulation User Interface
4,Revert all Objects to Standard Graphics,1389,1390,Context Menu of the Selected Object in the Class Library,9. Plant Simulation User Interface
2,Favorites,1391,1391,9. Plant Simulation User Interface,9. Plant Simulation User Interface
2,Toolbox,1392,1431,9. Plant Simulation User Interface,9. Plant Simulation User Interface
3,Toolbox,1392,1394,Toolbox,9. Plant Simulation User Interface
3,Open [object in Toolbox],1395,1395,Toolbox,9. Plant Simulation User Interface
3,Remove from Toolbar,1396,1396,Toolbox,9. Plant Simulation User Interface
3,Insert a Separator,1397,1397,Toolbox,9. Plant Simulation User Interface
3,Remove the Separator,1398,1398,Toolbox,9. Plant Simulation User Interface
3,Show in Class Library,1399,1399,Toolbox,9. Plant Simulation User Interface
3,Show Graphic Structure [in Toolbox],1400,1400,Toolbox,9. Plant Simulation User Interface
3,Show Inheritance [in Toolbox],1401,1401,Toolbox,9. Plant Simulation User Interface
3,Show Attributes and Methods [in Toolbox],1402,1402,Toolbox,9. Plant Simulation User Interface
3,Edit Icons [in Toolbox],1403,1403,Toolbox,9. Plant Simulation User Interface
3,Edit 3D Properties [in Toolbox],1404,1404,Toolbox,9. Plant Simulation User Interface
3,Help on Object,1405,1405,Toolbox,9. Plant Simulation User Interface
3,Context Menu of a Toolbar in the Toolbox,1405,1405,Toolbox,9. Plant Simulation User Interface
4,Context Menu of a Toolbar in the Toolbox,1405,1405,Context Menu of a Toolbar in the Toolbox,9. Plant Simulation User Interface
4,Visible [toolbar],1406,1406,Context Menu of a Toolbar in the Toolbox,9. Plant Simulation User Interface
3,SimTalk Access to the Toolbox,1406,1410,Toolbox,9. Plant Simulation User Interface
4,_SimTalk Access to the Toolbox,1406,1407,SimTalk Access to the Toolbox,9. Plant Simulation User Interface
4,addObject [SimTalk] - Toolbar,1408,1408,SimTalk Access to the Toolbox,9. Plant Simulation User Interface
4,delObject [SimTalk],1409,1409,SimTalk Access to the Toolbox,9. Plant Simulation User Interface
4,redraw [SimTalk] - Toolbar,1410,1410,SimTalk Access to the Toolbox,9. Plant Simulation User Interface
4,Visible [SimTalk] - Toolbar,1411,1411,SimTalk Access to the Toolbox,9. Plant Simulation User Interface
3,SimTalk Access to the Folder in the Class Library,1411,1431,Toolbox,9. Plant Simulation User Interface
4,_SimTalk Access to the Folder in the Class Library,1411,1413,SimTalk Access to the Folder in the Class Library,9. Plant Simulation User Interface
4,createFolder [SimTalk],1414,1414,SimTalk Access to the Folder in the Class Library,9. Plant Simulation User Interface
4,createToolbar [SimTalk],1415,1415,SimTalk Access to the Folder in the Class Library,9. Plant Simulation User Interface
4,getLibraryInfo [SimTalk],1416,1417,SimTalk Access to the Folder in the Class Library,9. Plant Simulation User Interface
4,HiddenWhenInLockedFolder [SimTalk],1418,1418,SimTalk Access to the Folder in the Class Library,9. Plant Simulation User Interface
4,IsLocked [SimTalk],1419,1419,SimTalk Access to the Folder in the Class Library,9. Plant Simulation User Interface
4,loadObjectAs [SimTalk],1420,1421,SimTalk Access to the Folder in the Class Library,9. Plant Simulation User Interface
4,lockFolder [SimTalk],1422,1423,SimTalk Access to the Folder in the Class Library,9. Plant Simulation User Interface
4,node [SimTalk] - folder,1424,1424,SimTalk Access to the Folder in the Class Library,9. Plant Simulation User Interface
4,numNodes [SimTalk] - folder,1425,1425,SimTalk Access to the Folder in the Class Library,9. Plant Simulation User Interface
4,pasteClipboard [SimTalk] - class library,1426,1426,SimTalk Access to the Folder in the Class Library,9. Plant Simulation User Interface
4,setLibraryInfo [SimTalk],1427,1427,SimTalk Access to the Folder in the Class Library,9. Plant Simulation User Interface
4,setRequiredLicense [SimTalk],1428,1430,SimTalk Access to the Folder in the Class Library,9. Plant Simulation User Interface
4,ShowToolbar [SimTalk],1431,1431,SimTalk Access to the Folder in the Class Library,9. Plant Simulation User Interface
2,Console,1432,1434,9. Plant Simulation User Interface,9. Plant Simulation User Interface
2,Moving Docking Windows,1435,1435,9. Plant Simulation User Interface,9. Plant Simulation User Interface
2,Icon Editor,1435,1470,9. Plant Simulation User Interface,9. Plant Simulation User Interface
3,Icon Editor,1435,1436,Icon Editor,9. Plant Simulation User Interface
3,Window of the Icon Editor,1437,1439,Icon Editor,9. Plant Simulation User Interface
4,Window of the Icon Editor,1437,1438,Window of the Icon Editor,9. Plant Simulation User Interface
4,Color Palette,1439,1439,Window of the Icon Editor,9. Plant Simulation User Interface
3,Edit Ribbon Tab,1440,1468,Icon Editor,9. Plant Simulation User Interface
4,Edit Ribbon Tab [Icon Editor],1440,1443,Edit Ribbon Tab,9. Plant Simulation User Interface
4,New Icon,1444,1444,Edit Ribbon Tab,9. Plant Simulation User Interface
4,Import,1444,1446,Edit Ribbon Tab,9. Plant Simulation User Interface
5,Import,1444,1444,Import,9. Plant Simulation User Interface
5,Import Bitmap File,1445,1445,Import,9. Plant Simulation User Interface
5,Import Icon Resource,1446,1446,Import,9. Plant Simulation User Interface
4,Export Icon to File,1447,1447,Edit Ribbon Tab,9. Plant Simulation User Interface
4,Overview [Edit ribbon],1448,1448,Edit Ribbon Tab,9. Plant Simulation User Interface
4,Zoom In [Edit ribbon],1449,1449,Edit Ribbon Tab,9. Plant Simulation User Interface
4,Zoom Out [Edit ribbon],1450,1450,Edit Ribbon Tab,9. Plant Simulation User Interface
4,Set Drawing Color,1451,1451,Edit Ribbon Tab,9. Plant Simulation User Interface
4,Pick Color,1452,1452,Edit Ribbon Tab,9. Plant Simulation User Interface
4,Draw Freehand,1453,1453,Edit Ribbon Tab,9. Plant Simulation User Interface
4,Draw Line,1454,1454,Edit Ribbon Tab,9. Plant Simulation User Interface
4,Draw Polyline,1455,1455,Edit Ribbon Tab,9. Plant Simulation User Interface
4,Draw Ellipse,1456,1456,Edit Ribbon Tab,9. Plant Simulation User Interface
4,Draw Rectangle,1457,1457,Edit Ribbon Tab,9. Plant Simulation User Interface
4,Draw Filled Rectangle,1458,1458,Edit Ribbon Tab,9. Plant Simulation User Interface
4,Fill Area,1459,1459,Edit Ribbon Tab,9. Plant Simulation User Interface
4,Copy and Paste Area,1460,1460,Edit Ribbon Tab,9. Plant Simulation User Interface
4,Paste Area,1461,1461,Edit Ribbon Tab,9. Plant Simulation User Interface
4,Replace Color,1462,1462,Edit Ribbon Tab,9. Plant Simulation User Interface
4,Delete Icon,1463,1463,Edit Ribbon Tab,9. Plant Simulation User Interface
4,Set Icon Size,1464,1465,Edit Ribbon Tab,9. Plant Simulation User Interface
4,Activate Transparency,1466,1466,Edit Ribbon Tab,9. Plant Simulation User Interface
4,Inherit Icon,1467,1467,Edit Ribbon Tab,9. Plant Simulation User Interface
4,Apply Changes [icon],1468,1468,Edit Ribbon Tab,9. Plant Simulation User Interface
3,Drag-and-Drop in the Icon Editor,1469,1470,Icon Editor,9. Plant Simulation User Interface
1,10. Step-by-Step Help,1471,2930,,10. Step-by-Step Help
2,Step-by-Step Help,1471,1471,10. Step-by-Step Help,10. Step-by-Step Help
2,Getting to Know Plant Simulation,1472,1521,10. Step-by-Step Help,10. Step-by-Step Help
3,Getting to Know Plant Simulation,1472,1472,Getting to Know Plant Simulation,10. Step-by-Step Help
3,Simulation and Modeling Concepts,1472,1479,Getting to Know Plant Simulation,10. Step-by-Step Help
4,Simulation and Modeling Concepts,1472,1473,Simulation and Modeling Concepts,10. Step-by-Step Help
4,What is Simulation?,1474,1474,Simulation and Modeling Concepts,10. Step-by-Step Help
4,Time-Oriented Simulation and Event-Controlled Simulation,1475,1476,Simulation and Modeling Concepts,10. Step-by-Step Help
4,Why Use Simulation?,1477,1478,Simulation and Modeling Concepts,10. Step-by-Step Help
4,Implement a Simulation Project,1479,1479,Simulation and Modeling Concepts,10. Step-by-Step Help
3,Getting to Know Plant Simulation,1480,1484,Getting to Know Plant Simulation,10. Step-by-Step Help
4,Get to Know Plant Simulation,1480,1480,Getting to Know Plant Simulation,10. Step-by-Step Help
4,View the Videos on YouTube,1481,1481,Getting to Know Plant Simulation,10. Step-by-Step Help
4,View the Sample Models,1482,1484,Getting to Know Plant Simulation,10. Step-by-Step Help
4,Consult the Step-by-Step Help,1485,1485,Getting to Know Plant Simulation,10. Step-by-Step Help
3,"Working with Plant Simulation, Basics",1485,1521,Getting to Know Plant Simulation,10. Step-by-Step Help
4,"Working with Plant Simulation, Basics",1485,1485,"Working with Plant Simulation, Basics",10. Step-by-Step Help
4,Working with Window Types,1485,1496,"Working with Plant Simulation, Basics",10. Step-by-Step Help
5,Work with Window Types,1485,1487,Working with Window Types,10. Step-by-Step Help
5,Docking Windows,1488,1491,Working with Window Types,10. Step-by-Step Help
5,Object Windows,1492,1494,Working with Window Types,10. Step-by-Step Help
5,Changing Between Docking and Object Windows,1495,1495,Working with Window Types,10. Step-by-Step Help
5,Dialog Boxes,1496,1496,Working with Window Types,10. Step-by-Step Help
4,Selecting Settings in Plant Simulation,1497,1504,"Working with Plant Simulation, Basics",10. Step-by-Step Help
5,Select Settings in Plant Simulation,1497,1499,Selecting Settings in Plant Simulation,10. Step-by-Step Help
5,Select General Options,1500,1502,Selecting Settings in Plant Simulation,10. Step-by-Step Help
5,Select Options for Units and for Displaying the Time,1503,1504,Selecting Settings in Plant Simulation,10. Step-by-Step Help
4,Changing the Settings of the Objects,1505,1512,"Working with Plant Simulation, Basics",10. Step-by-Step Help
5,Change the Settings of the Objects,1505,1505,Changing the Settings of the Objects,10. Step-by-Step Help
5,Change Values in the Dialog of the Objects,1506,1508,Changing the Settings of the Objects,10. Step-by-Step Help
5,Change Values by Assigning a Value in SimTalk,1509,1511,Changing the Settings of the Objects,10. Step-by-Step Help
5,Change Values in the Window Show Attributes and Methods,1512,1512,Changing the Settings of the Objects,10. Step-by-Step Help
5,Change Values with the AttributeExplorer,1513,1513,Changing the Settings of the Objects,10. Step-by-Step Help
4,Finding Objects and Text in Your Simulation Model,1513,1521,"Working with Plant Simulation, Basics",10. Step-by-Step Help
5,Find Objects and Text in Your Simulation Model,1513,1515,Finding Objects and Text in Your Simulation Model,10. Step-by-Step Help
5,Find the Name of an Object,1516,1517,Finding Objects and Text in Your Simulation Model,10. Step-by-Step Help
5,Find a Condition of an Object,1518,1518,Finding Objects and Text in Your Simulation Model,10. Step-by-Step Help
5,Find Text in a Built-in or a User-defined Attribute of an Object,1519,1519,Finding Objects and Text in Your Simulation Model,10. Step-by-Step Help
5,Find Any Source Code in a Method,1520,1521,Finding Objects and Text in Your Simulation Model,10. Step-by-Step Help
5,Find Any Value within a List or Table,1522,1522,Finding Objects and Text in Your Simulation Model,10. Step-by-Step Help
2,Modeling the Material Flow,1522,2357,10. Step-by-Step Help,10. Step-by-Step Help
3,Modeling the Material Flow,1522,1523,Modeling the Material Flow,10. Step-by-Step Help
3,Creating a Simulation Model,1524,1620,Modeling the Material Flow,10. Step-by-Step Help
4,Creating a Simulation Model,1524,1527,Creating a Simulation Model,10. Step-by-Step Help
4,Creating a German Model with English Identifiers,1528,1531,Creating a Simulation Model,10. Step-by-Step Help
4,Introducing Classes,1532,1540,Creating a Simulation Model,10. Step-by-Step Help
5,Introducing Classes,1532,1532,Introducing Classes,10. Step-by-Step Help
5,"Classes, Subclasses, and Instances",1532,1536,Introducing Classes,10. Step-by-Step Help
5,Replacing and Merging Objects with Drag-and-Drop,1537,1537,Introducing Classes,10. Step-by-Step Help
5,Using Inheritance,1538,1540,Introducing Classes,10. Step-by-Step Help
6,Using Inheritance,1538,1538,Using Inheritance,10. Step-by-Step Help
6,Show Inheritance Relations in the Class Library,1539,1539,Using Inheritance,10. Step-by-Step Help
6,Show the Origin of an Object in the Class Library,1539,1540,Using Inheritance,10. Step-by-Step Help
4,Working with Classes in the Class Library,1541,1566,Creating a Simulation Model,10. Step-by-Step Help
5,Working with Classes in the Class Library,1541,1541,Working with Classes in the Class Library,10. Step-by-Step Help
5,Configure the Class Library,1542,1548,Working with Classes in the Class Library,10. Step-by-Step Help
6,Configure the Class Library,1542,1542,Configure the Class Library,10. Step-by-Step Help
6,Add Basic Objects to the Class Library or Remove Them from It,1543,1543,Configure the Class Library,10. Step-by-Step Help
6,Add a Library or a Tool to or Remove it from the Class Library,1544,1544,Configure the Class Library,10. Step-by-Step Help
6,"Add a Library, Which You Yourself Developed",1545,1546,Configure the Class Library,10. Step-by-Step Help
6,Update a Library,1547,1548,Configure the Class Library,10. Step-by-Step Help
5,Create a Folder Structure for Your Simulation Model,1549,1550,Working with Classes in the Class Library,10. Step-by-Step Help
5,Set the Root Folder for Your Simulation Model,1551,1552,Working with Classes in the Class Library,10. Step-by-Step Help
5,Creating User-defined Classes,1553,1555,Working with Classes in the Class Library,10. Step-by-Step Help
6,Create and Work with Your Own Classes,1553,1553,Creating User-defined Classes,10. Step-by-Step Help
6,Create Your Own Classes,1554,1554,Creating User-defined Classes,10. Step-by-Step Help
6,Work with Your Own Classes,1555,1555,Creating User-defined Classes,10. Step-by-Step Help
5,"Work with Folders, Frames, Objects in the Class Library",1556,1556,Working with Classes in the Class Library,10. Step-by-Step Help
5,Show the Contents of a Frame in the Class Library,1557,1557,Working with Classes in the Class Library,10. Step-by-Step Help
5,Saving a Folder or an Object and Loading it into Another Model,1558,1565,Working with Classes in the Class Library,10. Step-by-Step Help
6,Save a Folder or an Object and Load it into Another Model,1558,1558,Saving a Folder or an Object and Loading it into Another Model,10. Step-by-Step Help
6,Save a Folder as a Library,1559,1563,Saving a Folder or an Object and Loading it into Another Model,10. Step-by-Step Help
6,Save an Object or a Folder as an Object,1564,1564,Saving a Folder or an Object and Loading it into Another Model,10. Step-by-Step Help
6,Load an Object or a Folder into Your Simulation Model,1564,1565,Saving a Folder or an Object and Loading it into Another Model,10. Step-by-Step Help
6,Load an Object or a Folder into Another Folder,1566,1566,Saving a Folder or an Object and Loading it into Another Model,10. Step-by-Step Help
5,Update the Class Library,1566,1566,Working with Classes in the Class Library,10. Step-by-Step Help
4,Working with Objects in the Toolbox,1567,1568,Creating a Simulation Model,10. Step-by-Step Help
5,Work with Objects in the Toolbox,1567,1567,Working with Objects in the Toolbox,10. Step-by-Step Help
5,Add Objects to the Toolbox or Delete Them from It,1568,1568,Working with Objects in the Toolbox,10. Step-by-Step Help
5,Copy Objects from Toolbar to Toolbar,1568,1568,Working with Objects in the Toolbox,10. Step-by-Step Help
4,Modeling Hierarchically,1569,1571,Creating a Simulation Model,10. Step-by-Step Help
5,Model Hierarchically [general],1569,1570,Modeling Hierarchically,10. Step-by-Step Help
5,Test a Component You Modeled,1571,1571,Modeling Hierarchically,10. Step-by-Step Help
4,Working with the Frame,1572,1604,Creating a Simulation Model,10. Step-by-Step Help
5,Working with the Frame,1572,1572,Working with the Frame,10. Step-by-Step Help
5,Select View Options in the Frame,1573,1573,Working with the Frame,10. Step-by-Step Help
5,Model with Objects from the Class Library,1574,1574,Working with the Frame,10. Step-by-Step Help
6,Model with Objects from the Class Library,1574,1574,Model with Objects from the Class Library,10. Step-by-Step Help
6,Insert an Object from the Class Library,1574,1574,Model with Objects from the Class Library,10. Step-by-Step Help
6,Insert an Object from the Toolbox,1575,1575,Model with Objects from the Class Library,10. Step-by-Step Help
5,Insert Objects into the Frame,1575,1576,Working with the Frame,10. Step-by-Step Help
5,Connect Objects with the Connector,1577,1580,Working with the Frame,10. Step-by-Step Help
5,Add a Background Graphic to the Frame,1581,1583,Working with the Frame,10. Step-by-Step Help
5,Create Your Own Ribbon Tab/Context Menu in the Frame,1584,1586,Working with the Frame,10. Step-by-Step Help
5,Work with Objects in the Frame Window,1587,1589,Working with the Frame,10. Step-by-Step Help
5,Show Tooltips of Objects in the Frame,1590,1595,Working with the Frame,10. Step-by-Step Help
5,Connect Objects with the Connector,1596,1599,Working with the Frame,10. Step-by-Step Help
5,Model Transitions Between Frames,1600,1604,Working with the Frame,10. Step-by-Step Help
4,Controlling the Simulation with the EventController,1605,1614,Creating a Simulation Model,10. Step-by-Step Help
5,Control the Simulation with the EventController,1605,1607,Controlling the Simulation with the EventController,10. Step-by-Step Help
5,Select Settings for the Simulation,1608,1609,Controlling the Simulation with the EventController,10. Step-by-Step Help
5,Working with the Event Debugger,1610,1614,Controlling the Simulation with the EventController,10. Step-by-Step Help
6,Work with the Event Debugger,1610,1610,Working with the Event Debugger,10. Step-by-Step Help
6,"EventDebugger, Example 1",1611,1611,Working with the Event Debugger,10. Step-by-Step Help
6,"EventDebugger, Example 2",1612,1612,Working with the Event Debugger,10. Step-by-Step Help
6,"EventDebugger, Example 3",1613,1613,Working with the Event Debugger,10. Step-by-Step Help
6,EventDebugger Example 4,1613,1613,Working with the Event Debugger,10. Step-by-Step Help
6,"EventDebugger, Example 5",1614,1614,Working with the Event Debugger,10. Step-by-Step Help
4,Delete Parts with the Mouse or when Resetting the Model,1615,1615,Creating a Simulation Model,10. Step-by-Step Help
4,Working with Drag-and-Drop,1615,1620,Creating a Simulation Model,10. Step-by-Step Help
5,Work with Drag-and-Drop,1615,1615,Working with Drag-and-Drop,10. Step-by-Step Help
5,Drag an Object Onto Another Object and Drop It There,1616,1616,Working with Drag-and-Drop,10. Step-by-Step Help
5,Use a Drag-and-Drop Control for Several Objects,1617,1620,Working with Drag-and-Drop,10. Step-by-Step Help
3,"Modeling the Flow of Materials, Basics",1621,1773,Modeling the Material Flow,10. Step-by-Step Help
4,"Model the Flow of Materials, Basics",1621,1621,"Modeling the Flow of Materials, Basics",10. Step-by-Step Help
4,Active and Passive Objects,1622,1623,"Modeling the Flow of Materials, Basics",10. Step-by-Step Help
4,Producing Parts with the Source,1624,1639,"Modeling the Flow of Materials, Basics",10. Step-by-Step Help
5,Produce Parts with the Source,1624,1624,Producing Parts with the Source,10. Step-by-Step Help
5,"Select How the Source Proceeds, When it Cannot Produce MUs",1625,1625,Producing Parts with the Source,10. Step-by-Step Help
5,Produce Parts According to a Delivery Table,1625,1627,Producing Parts with the Source,10. Step-by-Step Help
5,Producing Parts During an Interval Which You Define,1628,1635,Producing Parts with the Source,10. Step-by-Step Help
6,Produce Parts During an Interval Which You Define,1628,1628,Producing Parts During an Interval Which You Define,10. Step-by-Step Help
6,Produce a Single Part Type Only,1629,1629,Producing Parts During an Interval Which You Define,10. Step-by-Step Help
6,Produce Parts in a Fixed Sequence Over and Over Again,1630,1631,Producing Parts During an Interval Which You Define,10. Step-by-Step Help
6,Produce Parts in a Fixed Sequence One Time Only,1632,1632,Producing Parts During an Interval Which You Define,10. Step-by-Step Help
6,Produce Parts With a Random Frequency Entered into a Data Table,1633,1634,Producing Parts During an Interval Which You Define,10. Step-by-Step Help
6,Produce Parts With a Percentage Entered into a Data Table,1635,1635,Producing Parts During an Interval Which You Define,10. Step-by-Step Help
7,Video on YouTube,1636,1636,Produce Parts With a Percentage Entered into a Data Table,10. Step-by-Step Help
5,Produce the Number of Parts You Need,1636,1637,Producing Parts with the Source,10. Step-by-Step Help
5,Produce Parts Using a Trigger Object,1638,1639,Producing Parts with the Source,10. Step-by-Step Help
4,Producing and Processing Parts with a Work Plan,1640,1650,"Modeling the Flow of Materials, Basics",10. Step-by-Step Help
5,Produce and Process Parts with a Work Plan,1640,1641,Producing and Processing Parts with a Work Plan,10. Step-by-Step Help
5,Creating the Processing Stations,1642,1645,Producing and Processing Parts with a Work Plan,10. Step-by-Step Help
6,Create the Processing Stations,1642,1642,Creating the Processing Stations,10. Step-by-Step Help
6,Define Times in the Class of the Processing Stations,1643,1643,Creating the Processing Stations,10. Step-by-Step Help
6,Define Set-up Behavior in the Class of the Processing Stations,1644,1644,Creating the Processing Stations,10. Step-by-Step Help
6,Specify the Name of the Exit Control in the Class of the Processing Stations,1645,1645,Creating the Processing Stations,10. Step-by-Step Help
5,Create the Work Plan,1646,1647,Producing and Processing Parts with a Work Plan,10. Step-by-Step Help
5,Produce the Parts with a Source Using a Sequence Table,1648,1649,Producing and Processing Parts with a Work Plan,10. Step-by-Step Help
5,Program the Exit Control,1650,1650,Producing and Processing Parts with a Work Plan,10. Step-by-Step Help
4,Remove Parts from the Installation with the Drain,1651,1651,"Modeling the Flow of Materials, Basics",10. Step-by-Step Help
4,Transferring Parts from Station to Station,1652,1691,"Modeling the Flow of Materials, Basics",10. Step-by-Step Help
5,Transfer Parts from Station to Station,1652,1652,Transferring Parts from Station to Station,10. Step-by-Step Help
5,How Plant Simulation Moves Parts On,1653,1653,Transferring Parts from Station to Station,10. Step-by-Step Help
5,Use the Standard Transfer Behavior,1654,1656,Transferring Parts from Station to Station,10. Step-by-Step Help
5,Selecting an Exit Strategy,1657,1674,Transferring Parts from Station to Station,10. Step-by-Step Help
6,Select an Exit Strategy,1657,1658,Selecting an Exit Strategy,10. Step-by-Step Help
6,"Cyclic [exit strategy, example]",1659,1659,Selecting an Exit Strategy,10. Step-by-Step Help
6,Cyclic Sequence [example],1660,1661,Selecting an Exit Strategy,10. Step-by-Step Help
6,Least Recent Demand [example],1662,1662,Selecting an Exit Strategy,10. Step-by-Step Help
6,Linear Sequence [example],1663,1663,Selecting an Exit Strategy,10. Step-by-Step Help
6,Maximum Contents,1664,1664,Selecting an Exit Strategy,10. Step-by-Step Help
6,Maximum Number In,1665,1665,Selecting an Exit Strategy,10. Step-by-Step Help
6,Maximum Processing Time,1665,1665,Selecting an Exit Strategy,10. Step-by-Step Help
6,Maximum Relative Occupation,1666,1666,Selecting an Exit Strategy,10. Step-by-Step Help
6,Maximum Set-up Time,1666,1666,Selecting an Exit Strategy,10. Step-by-Step Help
6,Minimum Contents,1667,1667,Selecting an Exit Strategy,10. Step-by-Step Help
6,Minimum Number In,1667,1667,Selecting an Exit Strategy,10. Step-by-Step Help
6,Minimum Processing Time,1667,1667,Selecting an Exit Strategy,10. Step-by-Step Help
6,Minimum Relative Occupation,1668,1668,Selecting an Exit Strategy,10. Step-by-Step Help
6,Minimum Set-up Time,1668,1668,Selecting an Exit Strategy,10. Step-by-Step Help
6,Most Recent Demand [example],1669,1669,Selecting an Exit Strategy,10. Step-by-Step Help
6,MU Attribute [example],1669,1670,Selecting an Exit Strategy,10. Step-by-Step Help
7,Video on YouTube,1671,1671,MU Attribute [example],10. Step-by-Step Help
6,"Percentage [exit strategy, example]",1671,1672,Selecting an Exit Strategy,10. Step-by-Step Help
6,"Random [exit strategy, example]",1673,1673,Selecting an Exit Strategy,10. Step-by-Step Help
6,Start at Successor 1 [example],1674,1674,Selecting an Exit Strategy,10. Step-by-Step Help
5,Distributing Parts with the FlowControl,1675,1682,Transferring Parts from Station to Station,10. Step-by-Step Help
6,Distribute Parts Among its Successors with the FlowControl,1675,1676,Distributing Parts with the FlowControl,10. Step-by-Step Help
6,Configure the Source that Produces the Parts [FlowControl],1677,1680,Distributing Parts with the FlowControl,10. Step-by-Step Help
6,Configure the FlowControl Which Distributes the Parts,1681,1682,Distributing Parts with the FlowControl,10. Step-by-Step Help
5,"Loading, Unloading, and Reloading Parts",1683,1691,Transferring Parts from Station to Station,10. Step-by-Step Help
6,"Load, Unload, and Reload Parts with the TransferStation",1683,1683,"Loading, Unloading, and Reloading Parts",10. Step-by-Step Help
6,Load Parts with the Transfer Station,1684,1687,"Loading, Unloading, and Reloading Parts",10. Step-by-Step Help
6,Reload Parts with the Transfer Station,1688,1689,"Loading, Unloading, and Reloading Parts",10. Step-by-Step Help
6,Unload Parts with the Transfer Station,1690,1691,"Loading, Unloading, and Reloading Parts",10. Step-by-Step Help
4,Setting a Station Up,1692,1698,"Modeling the Flow of Materials, Basics",10. Step-by-Step Help
5,Set a Station Up,1692,1692,Setting a Station Up,10. Step-by-Step Help
5,Selecting Set-up Options,1693,1696,Setting a Station Up,10. Step-by-Step Help
6,Select Set-up Options,1693,1693,Selecting Set-up Options,10. Step-by-Step Help
6,Set the Station Up Automatically,1693,1693,Selecting Set-up Options,10. Step-by-Step Help
6,Only Set the Station Up When it is Empty,1694,1694,Selecting Set-up Options,10. Step-by-Step Help
6,Set the Station Up after it Processed a Certain Number of Parts,1695,1695,Selecting Set-up Options,10. Step-by-Step Help
6,Select the Set-Up Criteria,1696,1696,Selecting Set-up Options,10. Step-by-Step Help
5,Select the Set-Up Time,1697,1698,Setting a Station Up,10. Step-by-Step Help
4,Defining Processing Times,1699,1706,"Modeling the Flow of Materials, Basics",10. Step-by-Step Help
5,Define Processing Times,1699,1700,Defining Processing Times,10. Step-by-Step Help
6,Video on YouTube,1700,1700,Define Processing Times,10. Step-by-Step Help
5,Specify Times in Object Dialogs,1701,1701,Defining Processing Times,10. Step-by-Step Help
5,Specify Data of a Probability Distribution,1701,1702,Defining Processing Times,10. Step-by-Step Help
5,Define Processing Times Depending on the Type of MU,1703,1703,Defining Processing Times,10. Step-by-Step Help
5,Define Processing Times in a Formula,1704,1705,Defining Processing Times,10. Step-by-Step Help
5,Define Processing Times of a ParallelStation,1706,1706,Defining Processing Times,10. Step-by-Step Help
4,Modeling Failures,1707,1713,"Modeling the Flow of Materials, Basics",10. Step-by-Step Help
5,Model Failures,1707,1707,Modeling Failures,10. Step-by-Step Help
5,Configure Failures,1708,1711,Modeling Failures,10. Step-by-Step Help
6,Video on YouTube,1712,1712,Configure Failures,10. Step-by-Step Help
5,Change Failure Settings During the Simulation Run,1712,1713,Modeling Failures,10. Step-by-Step Help
4,Buffering Parts within the Production Line,1714,1726,"Modeling the Flow of Materials, Basics",10. Step-by-Step Help
5,Buffer Parts within the Production Line,1714,1714,Buffering Parts within the Production Line,10. Step-by-Step Help
5,Use a Buffer between Processing Stations,1715,1716,Buffering Parts within the Production Line,10. Step-by-Step Help
5,Checking the Fill Level of the Buffers,1717,1726,Buffering Parts within the Production Line,10. Step-by-Step Help
6,Check the Fill Level of the Buffers in the Plant,1717,1717,Checking the Fill Level of the Buffers,10. Step-by-Step Help
6,Configure the Processing Stations,1718,1719,Checking the Fill Level of the Buffers,10. Step-by-Step Help
6,Configure the Buffers,1720,1720,Checking the Fill Level of the Buffers,10. Step-by-Step Help
6,Configure the Chart for Showing the Full and Empty Portions,1721,1723,Checking the Fill Level of the Buffers,10. Step-by-Step Help
6,Show the Fill Level of the Buffers,1724,1726,Checking the Fill Level of the Buffers,10. Step-by-Step Help
4,Placing Parts into Stock and Removing Them,1727,1739,"Modeling the Flow of Materials, Basics",10. Step-by-Step Help
5,Place Parts into Stock and Remove Parts from It,1727,1729,Placing Parts into Stock and Removing Them,10. Step-by-Step Help
5,Configure the Stations,1730,1732,Placing Parts into Stock and Removing Them,10. Step-by-Step Help
5,Program the Method that Places Parts into Stock,1733,1733,Placing Parts into Stock and Removing Them,10. Step-by-Step Help
5,Program the Method that Removes Parts from Stock,1734,1734,Placing Parts into Stock and Removing Them,10. Step-by-Step Help
5,Program the Method that Manages the Inventory Table,1735,1735,Placing Parts into Stock and Removing Them,10. Step-by-Step Help
5,Display a Value During the Simulation with a Variable,1736,1737,Placing Parts into Stock and Removing Them,10. Step-by-Step Help
5,Visualize the Occupancy of the Store Over Time,1738,1739,Placing Parts into Stock and Removing Them,10. Step-by-Step Help
4,Using the Store as Supermarket,1740,1747,"Modeling the Flow of Materials, Basics",10. Step-by-Step Help
5,Use the Store as Supermarket,1740,1741,Using the Store as Supermarket,10. Step-by-Step Help
6,Video on YouTube,1742,1742,Use the Store as Supermarket,10. Step-by-Step Help
5,Model the Pulling Material Flow,1742,1744,Using the Store as Supermarket,10. Step-by-Step Help
5,Configure the Store as Supermarket and the Source as Order-Controlled,1745,1746,Using the Store as Supermarket,10. Step-by-Step Help
5,Show the Amount of Waiting Parts and the Amount of Orders,1747,1747,Using the Store as Supermarket,10. Step-by-Step Help
4,Stack Parts in the Store,1748,1750,"Modeling the Flow of Materials, Basics",10. Step-by-Step Help
4,Loading a Container Layer by Layer,1751,1751,"Modeling the Flow of Materials, Basics",10. Step-by-Step Help
4,Working with Workpiece Carriers,1752,1765,"Modeling the Flow of Materials, Basics",10. Step-by-Step Help
5,Work with Workpiece Carriers,1752,1753,Working with Workpiece Carriers,10. Step-by-Step Help
5,"Configure Workpiece Carriers, Main Parts, and Add-On Parts",1754,1759,Working with Workpiece Carriers,10. Step-by-Step Help
5,Configure the Sources for Workpiece Carriers and Main Parts,1760,1761,Working with Workpiece Carriers,10. Step-by-Step Help
5,"Configure the Processing Station, the Set-Up and Processing Table",1762,1762,Working with Workpiece Carriers,10. Step-by-Step Help
5,Configure the Sources for the Add-On Parts,1763,1763,Working with Workpiece Carriers,10. Step-by-Step Help
5,Configure the AssemblyStation Which Assembles the Parts,1764,1764,Working with Workpiece Carriers,10. Step-by-Step Help
5,Run the Simulation and View the Results,1764,1765,Working with Workpiece Carriers,10. Step-by-Step Help
4,Balancing a Production Line,1766,1773,"Modeling the Flow of Materials, Basics",10. Step-by-Step Help
5,Balance a Production Line,1766,1767,Balancing a Production Line,10. Step-by-Step Help
5,Open the Production Line Model Created in 2D,1768,1768,Balancing a Production Line,10. Step-by-Step Help
5,Convert the Production Line Model to a 3D Model,1769,1773,Balancing a Production Line,10. Step-by-Step Help
3,Modeling Random Processes,1774,1778,Modeling the Material Flow,10. Step-by-Step Help
4,Model Random Processes,1774,1774,Modeling Random Processes,10. Step-by-Step Help
4,Random Numbers and Their Statistical Distribution,1775,1775,Modeling Random Processes,10. Step-by-Step Help
4,Use Pseudo Random Numbers,1776,1776,Modeling Random Processes,10. Step-by-Step Help
4,Use Probability Distributions,1777,1778,Modeling Random Processes,10. Step-by-Step Help
3,"Modeling the Flow of Materials, Advanced",1779,1842,Modeling the Material Flow,10. Step-by-Step Help
4,"Model the Flow of Materials, Advanced",1779,1779,"Modeling the Flow of Materials, Advanced",10. Step-by-Step Help
4,Customizing the Behavior of Objects,1779,1797,"Modeling the Flow of Materials, Advanced",10. Step-by-Step Help
5,Customize the Behavior of Objects,1779,1779,Customizing the Behavior of Objects,10. Step-by-Step Help
5,Defining Controls,1779,1782,Customizing the Behavior of Objects,10. Step-by-Step Help
6,Define Controls,1779,1779,Defining Controls,10. Step-by-Step Help
6,Assign a Control Method,1780,1780,Defining Controls,10. Step-by-Step Help
6,Create a Control Which is Part of the Object,1781,1782,Defining Controls,10. Step-by-Step Help
5,Create a User-defined Attribute Manually,1783,1784,Customizing the Behavior of Objects,10. Step-by-Step Help
5,Create a User-defined Attribute During the Simulation,1785,1793,Customizing the Behavior of Objects,10. Step-by-Step Help
5,Create a Tooltip as a User-defined Attribute,1794,1797,Customizing the Behavior of Objects,10. Step-by-Step Help
4,Creating Entrance and Exit Controls,1798,1823,"Modeling the Flow of Materials, Advanced",10. Step-by-Step Help
5,Create Entrance and Exit Controls,1798,1800,Creating Entrance and Exit Controls,10. Step-by-Step Help
5,Defining Controls for Point-Oriented Objects,1801,1820,Creating Entrance and Exit Controls,10. Step-by-Step Help
6,Define Controls for Point-Oriented Objects,1801,1802,Defining Controls for Point-Oriented Objects,10. Step-by-Step Help
6,Change the Processing Time in the Entrance Control,1803,1807,Defining Controls for Point-Oriented Objects,10. Step-by-Step Help
6,Change the Importer Services in the Entrance Control,1808,1811,Defining Controls for Point-Oriented Objects,10. Step-by-Step Help
6,Change the Assembly Table in the Entrance Control,1812,1816,Defining Controls for Point-Oriented Objects,10. Step-by-Step Help
6,Distribute Parts with an Exit Control,1817,1820,Defining Controls for Point-Oriented Objects,10. Step-by-Step Help
5,Define Controls for Length-Oriented Objects,1821,1823,Creating Entrance and Exit Controls,10. Step-by-Step Help
4,Create a Sensor [material flow objects],1824,1828,"Modeling the Flow of Materials, Advanced",10. Step-by-Step Help
4,Create and Delete an Observer,1829,1834,"Modeling the Flow of Materials, Advanced",10. Step-by-Step Help
4,Working with a Distance Control without AGVPool,1835,1842,"Modeling the Flow of Materials, Advanced",10. Step-by-Step Help
5,Work with a Distance Control without AGVPool,1835,1835,Working with a Distance Control without AGVPool,10. Step-by-Step Help
5,Configure the Source That Produces the Transporters,1836,1836,Working with a Distance Control without AGVPool,10. Step-by-Step Help
5,Configure the Track on Which the Transporters Drive,1837,1838,Working with a Distance Control without AGVPool,10. Step-by-Step Help
5,Configure the Transporter That Drives on the Track,1839,1842,Working with a Distance Control without AGVPool,10. Step-by-Step Help
3,Simulating Free-Flowing Materials and Fluids,1843,1884,Modeling the Material Flow,10. Step-by-Step Help
4,Simulate Free-flowing Materials and Fluids,1843,1843,Simulating Free-Flowing Materials and Fluids,10. Step-by-Step Help
4,Modeling the Production of Chocolate Bars,1844,1857,Simulating Free-Flowing Materials and Fluids,10. Step-by-Step Help
5,Model the Production of Chocolate Bars,1844,1845,Modeling the Production of Chocolate Bars,10. Step-by-Step Help
5,Configure the Recipe in the MaterialsTable,1846,1846,Modeling the Production of Chocolate Bars,10. Step-by-Step Help
5,Configure the FluidSources Providing the Materials,1847,1847,Modeling the Production of Chocolate Bars,10. Step-by-Step Help
5,Configure the Tanks Storing the Materials,1848,1848,Modeling the Production of Chocolate Bars,10. Step-by-Step Help
5,Configure the Mixers Transmuting the Materials,1849,1850,Modeling the Production of Chocolate Bars,10. Step-by-Step Help
5,Configure the Source Providing the Refining Material,1851,1851,Modeling the Production of Chocolate Bars,10. Step-by-Step Help
5,Configure the Portioner Pouring the Chocolate Bars,1851,1851,Modeling the Production of Chocolate Bars,10. Step-by-Step Help
5,Configure the Conveyor and Run the Simulation,1852,1853,Modeling the Production of Chocolate Bars,10. Step-by-Step Help
5,Change the Shape of the Pipes,1854,1857,Modeling the Production of Chocolate Bars,10. Step-by-Step Help
4,Continuously Mix Fluids,1858,1863,Simulating Free-Flowing Materials and Fluids,10. Step-by-Step Help
5,Continuously Mix Juice and Water,1858,1859,Continuously Mix Fluids,10. Step-by-Step Help
5,Configure the Recipe for Mixing the Fluids,1860,1861,Continuously Mix Fluids,10. Step-by-Step Help
5,Configure the ContinuousMixer and Run the Simulation,1862,1863,Continuously Mix Fluids,10. Step-by-Step Help
4,Portioning and Deportioning Materials,1864,1877,Simulating Free-Flowing Materials and Fluids,10. Step-by-Step Help
5,Portion and Deportion Materials,1864,1864,Portioning and Deportioning Materials,10. Step-by-Step Help
5,Create the Required Parts,1865,1865,Portioning and Deportioning Materials,10. Step-by-Step Help
5,Configure the Recipe of the Product in the MaterialsTable,1866,1866,Portioning and Deportioning Materials,10. Step-by-Step Help
5,Configure the FluidSources Which Produce the Materials,1867,1867,Portioning and Deportioning Materials,10. Step-by-Step Help
5,Configure the Tanks Which Buffer the Materials,1868,1869,Portioning and Deportioning Materials,10. Step-by-Step Help
5,Configure the Mixer Which Mixes the Materials,1870,1871,Portioning and Deportioning Materials,10. Step-by-Step Help
5,Configure the Portioner Which Portions the Product,1872,1872,Portioning and Deportioning Materials,10. Step-by-Step Help
5,Configure the DePortioner,1873,1874,Portioning and Deportioning Materials,10. Step-by-Step Help
5,Configure the Tanks at the End of the Plant,1875,1877,Portioning and Deportioning Materials,10. Step-by-Step Help
4,Producing Fluids in a Fixed Sequence,1878,1884,Simulating Free-Flowing Materials and Fluids,10. Step-by-Step Help
5,Produce Fluids in a Fixed Sequence,1878,1878,Producing Fluids in a Fixed Sequence,10. Step-by-Step Help
5,"Configure FluidSource, MaterialsTable, and SequenceTable",1879,1880,Producing Fluids in a Fixed Sequence,10. Step-by-Step Help
5,Configure the Tanks Receiving the Materials,1881,1881,Producing Fluids in a Fixed Sequence,10. Step-by-Step Help
5,Define How the PatchMatrix Fills the Tanks,1881,1881,Producing Fluids in a Fixed Sequence,10. Step-by-Step Help
5,Run the Simulation to View the Results,1882,1884,Producing Fluids in a Fixed Sequence,10. Step-by-Step Help
3,Simulating the Accrued Costs of the Machines,1885,1896,Modeling the Material Flow,10. Step-by-Step Help
4,Simulate the Accrued Costs of the Machines,1885,1886,Simulating the Accrued Costs of the Machines,10. Step-by-Step Help
4,Specify the Costs of the Conveyors,1887,1888,Simulating the Accrued Costs of the Machines,10. Step-by-Step Help
4,Specify the Costs of the Stations and the Parts,1889,1892,Simulating the Accrued Costs of the Machines,10. Step-by-Step Help
4,Configure the Costs Report,1893,1894,Simulating the Accrued Costs of the Machines,10. Step-by-Step Help
4,View the Costs Report,1895,1896,Simulating the Accrued Costs of the Machines,10. Step-by-Step Help
3,Simulating the Power Consumption in Your Facility,1897,1906,Modeling the Material Flow,10. Step-by-Step Help
4,Simulate the Power Consumption in Your Facility,1897,1897,Simulating the Power Consumption in Your Facility,10. Step-by-Step Help
4,Configure the Processing Stations and the Conveyor,1898,1902,Simulating the Power Consumption in Your Facility,10. Step-by-Step Help
4,Configure the ShiftCalendar,1903,1903,Simulating the Power Consumption in Your Facility,10. Step-by-Step Help
4,Check the Power Consumption in the Dialogs of the Objects,1904,1904,Simulating the Power Consumption in Your Facility,10. Step-by-Step Help
4,Check the Power Consumption in the Statistics Report,1905,1905,Simulating the Power Consumption in Your Facility,10. Step-by-Step Help
4,Check the Power Consumption in the Chart,1906,1906,Simulating the Power Consumption in Your Facility,10. Step-by-Step Help
3,Modeling Workers and the Jobs They Do,1907,2028,Modeling the Material Flow,10. Step-by-Step Help
4,Model Workers and the Jobs They Do,1907,1908,Modeling Workers and the Jobs They Do,10. Step-by-Step Help
4,Model a Worker Who Works at a Machine,1909,1913,Modeling Workers and the Jobs They Do,10. Step-by-Step Help
4,Model a Worker Who Repairs a Machine,1914,1917,Modeling Workers and the Jobs They Do,10. Step-by-Step Help
4,Model a Worker Who Carries Parts Between Workplaces,1918,1941,Modeling Workers and the Jobs They Do,10. Step-by-Step Help
5,Model a Worker Who Carries Parts Between Workplaces,1918,1918,Model a Worker Who Carries Parts Between Workplaces,10. Step-by-Step Help
5,Model a Worker Who Walks on FootPaths,1919,1921,Model a Worker Who Carries Parts Between Workplaces,10. Step-by-Step Help
5,Model a Worker Who Carries Several Parts in 3D,1922,1933,Model a Worker Who Carries Parts Between Workplaces,10. Step-by-Step Help
6,Model a Worker Who Carries Several Parts,1922,1922,Model a Worker Who Carries Several Parts in 3D,10. Step-by-Step Help
6,Model a Worker Using the Animation Area,1922,1928,Model a Worker Who Carries Several Parts in 3D,10. Step-by-Step Help
6,Model a Worker Using Animation Paths,1929,1933,Model a Worker Who Carries Several Parts in 3D,10. Step-by-Step Help
5,Model a Worker Who Waits for a Free Target,1934,1941,Model a Worker Who Carries Parts Between Workplaces,10. Step-by-Step Help
4,Model a Worker Who Walks Freely,1942,1958,Modeling Workers and the Jobs They Do,10. Step-by-Step Help
5,Model a Worker Who Walks Freely,1942,1942,Model a Worker Who Walks Freely,10. Step-by-Step Help
5,Model a Worker Who Walks Freely Within the Model,1943,1945,Model a Worker Who Walks Freely,10. Step-by-Step Help
5,Model a Worker Who Walks One-Way,1946,1947,Model a Worker Who Walks Freely,10. Step-by-Step Help
5,Model a Worker Who Walks Through Doors,1948,1951,Model a Worker Who Walks Freely,10. Step-by-Step Help
5,Model a Worker Who Climbs Stairs,1952,1958,Model a Worker Who Walks Freely,10. Step-by-Step Help
4,Model a Worker Who Waits in Line,1959,1973,Modeling Workers and the Jobs They Do,10. Step-by-Step Help
5,Model a Worker Who Waits in Line,1959,1959,Model a Worker Who Waits in Line,10. Step-by-Step Help
5,Model a Worker Who Queues Up,1959,1967,Model a Worker Who Waits in Line,10. Step-by-Step Help
5,Model Workers Who Walk to the End of the Queue,1968,1969,Model a Worker Who Waits in Line,10. Step-by-Step Help
5,Model Workers Who Walk Along the Queue,1970,1973,Model a Worker Who Waits in Line,10. Step-by-Step Help
4,Model a Worker Who Returns to the Home Location,1974,1985,Modeling Workers and the Jobs They Do,10. Step-by-Step Help
5,Model a Worker Who Returns to the Home Location,1974,1974,Model a Worker Who Returns to the Home Location,10. Step-by-Step Help
5,Model the Material Flow for Home Location and Scope,1975,1981,Model a Worker Who Returns to the Home Location,10. Step-by-Step Help
5,Set Home Location and Scope for the Worker,1982,1985,Model a Worker Who Returns to the Home Location,10. Step-by-Step Help
4,Model a Worker Picking Up/Placing Parts At a Store,1986,2000,Modeling Workers and the Jobs They Do,10. Step-by-Step Help
5,Model a Worker Picking Parts Up at/Placing Parts in a Store,1986,1986,Model a Worker Picking Up/Placing Parts At a Store,10. Step-by-Step Help
5,Model a Worker Who Walks to a Workplace Attached to a Store,1987,1993,Model a Worker Picking Up/Placing Parts At a Store,10. Step-by-Step Help
5,Model a Worker Who Walks to a Store Column,1994,1997,Model a Worker Picking Up/Placing Parts At a Store,10. Step-by-Step Help
5,Model a Worker Who Walks Along the Store to a Store Column,1998,2000,Model a Worker Picking Up/Placing Parts At a Store,10. Step-by-Step Help
4,Show Worker Statistics in a Chart,2001,2011,Modeling Workers and the Jobs They Do,10. Step-by-Step Help
5,Show Worker Statistics in a Chart,2001,2002,Show Worker Statistics in a Chart,10. Step-by-Step Help
5,Configure the Stations and the Workplaces,2003,2005,Show Worker Statistics in a Chart,10. Step-by-Step Help
5,Configure the WorkerPools for the Chart,2006,2007,Show Worker Statistics in a Chart,10. Step-by-Step Help
5,Configure the Chart and View Worker Statistics,2008,2011,Show Worker Statistics in a Chart,10. Step-by-Step Help
4,Set How Many Workers Are Created During Initialization,2012,2016,Modeling Workers and the Jobs They Do,10. Step-by-Step Help
4,"Model Workers with Importer, Broker and Exporter",2017,2028,Modeling Workers and the Jobs They Do,10. Step-by-Step Help
5,"Model Workers with Importer, Broker, and Exporter",2017,2017,"Model Workers with Importer, Broker and Exporter",10. Step-by-Step Help
5,Model Processing Jobs,2017,2022,"Model Workers with Importer, Broker and Exporter",10. Step-by-Step Help
5,Model Processing and Set-up Jobs,2023,2028,"Model Workers with Importer, Broker and Exporter",10. Step-by-Step Help
3,Modeling a Shift System,2029,2040,Modeling the Material Flow,10. Step-by-Step Help
4,Model a Shift System,2029,2030,Modeling a Shift System,10. Step-by-Step Help
5,Starting and Ending a Shift,2030,2030,Model a Shift System,10. Step-by-Step Help
5,Starting and Ending a Break,2030,2030,Model a Shift System,10. Step-by-Step Help
4,Defining Shifts with the ShiftCalendar,2031,2037,Modeling a Shift System,10. Step-by-Step Help
5,Define Shifts with the ShiftCalendar,2031,2031,Defining Shifts with the ShiftCalendar,10. Step-by-Step Help
5,"Specify the Names of the Shifts, the Respective Times and Days",2032,2032,Defining Shifts with the ShiftCalendar,10. Step-by-Step Help
5,Specify Times During Which the Plant Works Part of the Time,2033,2034,Defining Shifts with the ShiftCalendar,10. Step-by-Step Help
5,Specify the Stations Which the ShiftCalendar Controls,2035,2035,Defining Shifts with the ShiftCalendar,10. Step-by-Step Help
5,Schedule Date and Time to Start or Finish the Production Process,2036,2037,Defining Shifts with the ShiftCalendar,10. Step-by-Step Help
4,Pausing Material Flow Objects and Frames,2038,2040,Modeling a Shift System,10. Step-by-Step Help
5,Pause Material Flow Objects and Frames,2038,2038,Pausing Material Flow Objects and Frames,10. Step-by-Step Help
5,Paused Material Flow Objects,2038,2038,Pausing Material Flow Objects and Frames,10. Step-by-Step Help
5,Paused Frames,2039,2040,Pausing Material Flow Objects and Frames,10. Step-by-Step Help
6,Example of a Pause Control,2040,2040,Paused Frames,10. Step-by-Step Help
6,Example of an Unplanned Control,2041,2041,Paused Frames,10. Step-by-Step Help
3,Modeling a Lockout Zone,2041,2055,Modeling the Material Flow,10. Step-by-Step Help
4,Model a Lockout Zone,2041,2041,Modeling a Lockout Zone,10. Step-by-Step Help
4,Specify the Stations Which the LockoutZone Stops,2042,2044,Modeling a Lockout Zone,10. Step-by-Step Help
4,Create a Failure Profile for One of the Stations,2045,2045,Modeling a Lockout Zone,10. Step-by-Step Help
4,Stop the Associated Stations Immediately After a Failure,2046,2047,Modeling a Lockout Zone,10. Step-by-Step Help
4,Stop the Associated Stations When the Repair Man Arrives,2048,2050,Modeling a Lockout Zone,10. Step-by-Step Help
4,Use a Stop Processing Control,2051,2051,Modeling a Lockout Zone,10. Step-by-Step Help
4,Use a Resume Processing Control,2052,2053,Modeling a Lockout Zone,10. Step-by-Step Help
4,Stopped Material Flow Objects and Frames,2054,2055,Modeling a Lockout Zone,10. Step-by-Step Help
3,Assembling Parts with the Assembly Station,2056,2102,Modeling the Material Flow,10. Step-by-Step Help
4,Assemble Parts with the AssemblyStation,2056,2056,Assembling Parts with the Assembly Station,10. Step-by-Step Help
4,Assemble Kitchen Tables,2057,2071,Assembling Parts with the Assembly Station,10. Step-by-Step Help
5,Assemble Kitchen Tables,2057,2057,Assemble Kitchen Tables,10. Step-by-Step Help
5,Create the Assembly of the Kitchen Tables,2058,2061,Assemble Kitchen Tables,10. Step-by-Step Help
5,Adjust the Graphics of the Assembly,2062,2071,Assemble Kitchen Tables,10. Step-by-Step Help
4,Always Fill-up Main MU with Parts,2072,2077,Assembling Parts with the Assembly Station,10. Step-by-Step Help
5,Always Fill-up the Main MU with Parts,2072,2072,Always Fill-up Main MU with Parts,10. Step-by-Step Help
5,Configure the Material Flow to Fill-up Main MU,2073,2075,Always Fill-up Main MU with Parts,10. Step-by-Step Help
5,Configure the Assembly Table to Fill-up the Main MU,2076,2077,Always Fill-up Main MU with Parts,10. Step-by-Step Help
4,Assemble Parts Sequentially,2078,2084,Assembling Parts with the Assembly Station,10. Step-by-Step Help
5,Assemble Parts Sequentially,2078,2079,Assemble Parts Sequentially,10. Step-by-Step Help
5,Configure the Material Flow to Assemble Parts Sequentially,2080,2083,Assemble Parts Sequentially,10. Step-by-Step Help
5,Configure the Assembly Table to Assemble Parts Sequentially,2084,2084,Assemble Parts Sequentially,10. Step-by-Step Help
4,Assemble Parts Sequentially with the Worker,2085,2093,Assembling Parts with the Assembly Station,10. Step-by-Step Help
5,Assemble Parts Sequentially with the Worker,2085,2086,Assemble Parts Sequentially with the Worker,10. Step-by-Step Help
5,Configure the AssemblyStation to Which the Worker Delivers Parts,2087,2090,Assemble Parts Sequentially with the Worker,10. Step-by-Step Help
5,Configure the Store Which Provides the Parts,2091,2092,Assemble Parts Sequentially with the Worker,10. Step-by-Step Help
5,Watch how the AssemblyStation Assembles the Parts Delivered by the Worker,2093,2093,Assemble Parts Sequentially with the Worker,10. Step-by-Step Help
4,Set How Workers Deliver Parts,2094,2102,Assembling Parts with the Assembly Station,10. Step-by-Step Help
5,Set How Workers Deliver Mounting Parts,2094,2094,Set How Workers Deliver Parts,10. Step-by-Step Help
5,Make Several Workers Deliver Parts in Parallel,2094,2098,Set How Workers Deliver Parts,10. Step-by-Step Help
5,Make a Single Worker Deliver Several Parts at Once,2099,2102,Set How Workers Deliver Parts,10. Step-by-Step Help
3,Removing Parts with the Dismantle Station,2103,2109,Modeling the Material Flow,10. Step-by-Step Help
4,Remove Parts with the Dismantle Station,2103,2103,Removing Parts with the Dismantle Station,10. Step-by-Step Help
4,Configure the Source Where the Cars Enter the Junk Yard,2104,2105,Removing Parts with the Dismantle Station,10. Step-by-Step Help
4,Configure the Dismantle Station That Removes the Parts,2106,2107,Removing Parts with the Dismantle Station,10. Step-by-Step Help
4,Configure the Station That Tests the Parts,2108,2108,Removing Parts with the Dismantle Station,10. Step-by-Step Help
4,Configure the Station That Distributes the Removed Parts,2109,2109,Removing Parts with the Dismantle Station,10. Step-by-Step Help
3,Picking and Placing Parts with the PickAndPlace Robot,2110,2174,Modeling the Material Flow,10. Step-by-Step Help
4,Pick and Place Parts with the PickAndPlace Robot,2110,2111,Picking and Placing Parts with the PickAndPlace Robot,10. Step-by-Step Help
4,Pick Up Parts and Place Them with the Robot,2112,2114,Picking and Placing Parts with the PickAndPlace Robot,10. Step-by-Step Help
4,Pick Up Several Parts and Place Them with the Robot,2115,2122,Picking and Placing Parts with the PickAndPlace Robot,10. Step-by-Step Help
5,Pick Up Several Parts and Place Them with the Robot,2115,2115,Pick Up Several Parts and Place Them with the Robot,10. Step-by-Step Help
5,"Configure Sources, Containers, and Parts to be Produced",2116,2117,Pick Up Several Parts and Place Them with the Robot,10. Step-by-Step Help
5,Configure the Robot to Pick Up Several Parts,2118,2122,Pick Up Several Parts and Place Them with the Robot,10. Step-by-Step Help
5,Configure the AssemblyStation [robot],2123,2123,Pick Up Several Parts and Place Them with the Robot,10. Step-by-Step Help
4,Place Parts with a Target Control,2123,2128,Picking and Placing Parts with the PickAndPlace Robot,10. Step-by-Step Help
5,Place Parts with a Target Control,2123,2123,Place Parts with a Target Control,10. Step-by-Step Help
5,Configure the Sources and the Parts to be Produced,2124,2125,Place Parts with a Target Control,10. Step-by-Step Help
5,Configure the Processing Station,2126,2126,Place Parts with a Target Control,10. Step-by-Step Help
5,Configure the Robot,2127,2128,Place Parts with a Target Control,10. Step-by-Step Help
4,Load Parts with an Exit Control,2129,2136,Picking and Placing Parts with the PickAndPlace Robot,10. Step-by-Step Help
5,Load Parts with an Exit Control,2129,2129,Load Parts with an Exit Control,10. Step-by-Step Help
5,Model the Material Flow and Program the Controls,2130,2133,Load Parts with an Exit Control,10. Step-by-Step Help
5,Configure the Robot and Program Exit and Target Control,2134,2136,Load Parts with an Exit Control,10. Step-by-Step Help
4,Automatically Load and Unload Parts at a Sensor,2137,2150,Picking and Placing Parts with the PickAndPlace Robot,10. Step-by-Step Help
5,Load and Unload Parts at the Sensor of a Conveyor,2137,2137,Automatically Load and Unload Parts at a Sensor,10. Step-by-Step Help
5,Configure the Material Flow Objects,2138,2141,Automatically Load and Unload Parts at a Sensor,10. Step-by-Step Help
5,Configure the Robots,2142,2150,Automatically Load and Unload Parts at a Sensor,10. Step-by-Step Help
4,Set the Conveying Direction of the Parts,2151,2154,Picking and Placing Parts with the PickAndPlace Robot,10. Step-by-Step Help
4,Unload Stacked Parts,2155,2167,Picking and Placing Parts with the PickAndPlace Robot,10. Step-by-Step Help
5,Unload Stacked Parts,2155,2156,Unload Stacked Parts,10. Step-by-Step Help
5,"Configure the Transporter, the Pallet, and the Box",2157,2158,Unload Stacked Parts,10. Step-by-Step Help
5,Configure the Source and the Track,2159,2161,Unload Stacked Parts,10. Step-by-Step Help
5,Configure the Conveyors,2162,2164,Unload Stacked Parts,10. Step-by-Step Help
5,Configure the Robots Unloading the Stacks,2165,2167,Unload Stacked Parts,10. Step-by-Step Help
4,Animate the Robot Arm in 3D,2168,2174,Picking and Placing Parts with the PickAndPlace Robot,10. Step-by-Step Help
5,Animate the Robot Arm,2168,2168,Animate the Robot Arm in 3D,10. Step-by-Step Help
5,Configure the Material Flow,2168,2168,Animate the Robot Arm in 3D,10. Step-by-Step Help
5,Exchange the Graphic of the Robot,2169,2169,Animate the Robot Arm in 3D,10. Step-by-Step Help
6,Video on YouTube,2170,2170,Exchange the Graphic of the Robot,10. Step-by-Step Help
5,Configure the Movement of the Robot Arm,2170,2174,Animate the Robot Arm in 3D,10. Step-by-Step Help
3,Convey Parts Laterally with the Converter,2175,2191,Modeling the Material Flow,10. Step-by-Step Help
4,Convey Parts Laterally with the Converter,2175,2175,Convey Parts Laterally with the Converter,10. Step-by-Step Help
4,Convey Parts Straight Through,2176,2177,Convey Parts Laterally with the Converter,10. Step-by-Step Help
4,Convey Parts Laterally According to Their Name,2178,2183,Convey Parts Laterally with the Converter,10. Step-by-Step Help
5,Convey Parts Laterally According to Their Name,2178,2178,Convey Parts Laterally According to Their Name,10. Step-by-Step Help
5,"Configure the Source that Produces the Parts [Converter, laterally]",2179,2180,Convey Parts Laterally According to Their Name,10. Step-by-Step Help
5,Configure the Converters that Convey Parts to and from ProcessingA,2181,2181,Convey Parts Laterally According to Their Name,10. Step-by-Step Help
5,Configure the Stations ProcessingA and ProcessingB,2182,2182,Convey Parts Laterally According to Their Name,10. Step-by-Step Help
5,Configure the Converters that Transport Parts to and from ProcessingB,2183,2183,Convey Parts Laterally According to Their Name,10. Step-by-Step Help
4,Conveying Parts According to a Strategy Control,2184,2186,Convey Parts Laterally with the Converter,10. Step-by-Step Help
5,Convey Parts According to a Strategy Control,2184,2184,Conveying Parts According to a Strategy Control,10. Step-by-Step Help
5,Configure the Source that Produces the Parts [Converter],2185,2185,Conveying Parts According to a Strategy Control,10. Step-by-Step Help
5,Configure the Converter that Conveys the Parts,2186,2186,Conveying Parts According to a Strategy Control,10. Step-by-Step Help
4,Send Parts to the Default Exit,2187,2188,Convey Parts Laterally with the Converter,10. Step-by-Step Help
4,Feed Parts from a Branch Line into the Main Line,2189,2191,Convey Parts Laterally with the Converter,10. Step-by-Step Help
3,Change the Conveying Direction with the AngularConverter,2192,2194,Modeling the Material Flow,10. Step-by-Step Help
3,Aligning and Shrink-Wrapping Parts with the Turnplate,2195,2212,Modeling the Material Flow,10. Step-by-Step Help
4,Align and Shrink-Wrap Parts with the Turnplate,2195,2196,Aligning and Shrink-Wrapping Parts with the Turnplate,10. Step-by-Step Help
4,Align Parts with the Turnplate,2197,2199,Aligning and Shrink-Wrapping Parts with the Turnplate,10. Step-by-Step Help
4,Model a Shrink Wrapper,2200,2212,Aligning and Shrink-Wrapping Parts with the Turnplate,10. Step-by-Step Help
5,Model a Shrink Wrapper,2200,2200,Model a Shrink Wrapper,10. Step-by-Step Help
5,Configure the Source and the Feeder Line,2201,2201,Model a Shrink Wrapper,10. Step-by-Step Help
5,Configure the Turnplate,2202,2202,Model a Shrink Wrapper,10. Step-by-Step Help
5,Configure the Conveyor Which Transfers the Parts,2203,2204,Model a Shrink Wrapper,10. Step-by-Step Help
5,Configure the Stations Which Handle the Pallet,2205,2206,Model a Shrink Wrapper,10. Step-by-Step Help
5,Adjust Shrinkwrapper and Parts,2207,2212,Model a Shrink Wrapper,10. Step-by-Step Help
3,Move Parts On with the Turntable,2213,2220,Modeling the Material Flow,10. Step-by-Step Help
3,Modeling Transport Systems,2221,2324,Modeling the Material Flow,10. Step-by-Step Help
4,Model Transport Systems,2221,2221,Modeling Transport Systems,10. Step-by-Step Help
4,Model a Transport System with Active Objects of Type Conveyor,2222,2236,Modeling Transport Systems,10. Step-by-Step Help
5,Model a Transport System with Active Objects,2222,2222,Model a Transport System with Active Objects of Type Conveyor,10. Step-by-Step Help
5,Model a Simple Conveyor Between Two Stations,2222,2222,Model a Transport System with Active Objects of Type Conveyor,10. Step-by-Step Help
5,Model an Accumulating/a Non-Accumulating Transport System,2223,2224,Model a Transport System with Active Objects of Type Conveyor,10. Step-by-Step Help
5,Model a Fixed Gap or a No Gap Conveyor,2225,2233,Model a Transport System with Active Objects of Type Conveyor,10. Step-by-Step Help
5,Model a Multiple Gap or a Multiple Pitch Conveyor,2234,2236,Model a Transport System with Active Objects of Type Conveyor,10. Step-by-Step Help
4,Model a Transport System with Passive Objects of Type Track,2237,2250,Modeling Transport Systems,10. Step-by-Step Help
5,Model a Transport System with Passive Objects,2237,2239,Model a Transport System with Passive Objects of Type Track,10. Step-by-Step Help
5,Model a Tugger Train,2240,2248,Model a Transport System with Passive Objects of Type Track,10. Step-by-Step Help
6,Model a Tugger Train,2240,2240,Model a Tugger Train,10. Step-by-Step Help
6,Define the Tractor of the Tugger Train,2240,2241,Model a Tugger Train,10. Step-by-Step Help
6,Model the Source Creating the Tugger Trains,2242,2245,Model a Tugger Train,10. Step-by-Step Help
7,Model the Source Creating the Tugger Trains,2242,2242,Model the Source Creating the Tugger Trains,10. Step-by-Step Help
7,Configure the Source and Create the Sequence Table,2243,2244,Model the Source Creating the Tugger Trains,10. Step-by-Step Help
8,Video on YouTube,2245,2245,Configure the Source and Create the Sequence Table,10. Step-by-Step Help
7,Program the Collision Control,2245,2245,Model the Source Creating the Tugger Trains,10. Step-by-Step Help
6,Model the Tracks on Which the Tugger Trains Drive,2246,2246,Model a Tugger Train,10. Step-by-Step Help
6,Configure the Loading and Unloading Stations,2247,2248,Model a Tugger Train,10. Step-by-Step Help
5,Stop the Transporter at Its Destination,2249,2250,Model a Transport System with Passive Objects of Type Track,10. Step-by-Step Help
4,Using Automatic Routing,2251,2276,Modeling Transport Systems,10. Step-by-Step Help
5,Use Automatic Routing,2251,2252,Using Automatic Routing,10. Step-by-Step Help
5,Working with Automatic Routing of the Transporter,2253,2264,Using Automatic Routing,10. Step-by-Step Help
6,Work with Automatic Routing of the Transporter,2253,2253,Working with Automatic Routing of the Transporter,10. Step-by-Step Help
6,Insert and Configure the Tracks,2253,2257,Working with Automatic Routing of the Transporter,10. Step-by-Step Help
6,Program the Control for Loading the Transporter,2258,2258,Working with Automatic Routing of the Transporter,10. Step-by-Step Help
6,Configure the Sources and the Transporter,2259,2260,Working with Automatic Routing of the Transporter,10. Step-by-Step Help
6,Program the Control for Unloading the Transporter,2261,2261,Working with Automatic Routing of the Transporter,10. Step-by-Step Help
6,Make the 3D Model Visually Pleasing,2262,2264,Working with Automatic Routing of the Transporter,10. Step-by-Step Help
5,Working with Automatic Routing of Part and Container,2265,2276,Using Automatic Routing,10. Step-by-Step Help
6,Work with Automatic Routing of Part and Container,2265,2265,Working with Automatic Routing of Part and Container,10. Step-by-Step Help
6,Insert and Configure the Conveyors,2266,2267,Working with Automatic Routing of Part and Container,10. Step-by-Step Help
6,Configure the Unloading Stations,2268,2268,Working with Automatic Routing of Part and Container,10. Step-by-Step Help
6,Program the Control for Loading the Pallet,2269,2270,Working with Automatic Routing of Part and Container,10. Step-by-Step Help
6,Configure the Sources and the Pallet,2271,2271,Working with Automatic Routing of Part and Container,10. Step-by-Step Help
6,Program the Control for Unloading the Pallet,2272,2272,Working with Automatic Routing of Part and Container,10. Step-by-Step Help
6,Make the Model Visually Pleasing,2273,2276,Working with Automatic Routing of Part and Container,10. Step-by-Step Help
4,Modeling an Automated Guided Vehicle System,2277,2307,Modeling Transport Systems,10. Step-by-Step Help
5,Model an Automated Guided Vehicle System (AGVS),2277,2279,Modeling an Automated Guided Vehicle System,10. Step-by-Step Help
5,Cover a Route Along Omnidirectional Markers,2280,2283,Modeling an Automated Guided Vehicle System,10. Step-by-Step Help
5,Cover a Route Along Directional Markers,2284,2286,Modeling an Automated Guided Vehicle System,10. Step-by-Step Help
5,Cover a Route According to a Segments Table,2287,2289,Modeling an Automated Guided Vehicle System,10. Step-by-Step Help
5,Load Parts Onto an AGV and Rotate Them,2290,2300,Modeling an Automated Guided Vehicle System,10. Step-by-Step Help
6,Load Parts Onto an AGV and Rotate Them,2290,2290,Load Parts Onto an AGV and Rotate Them,10. Step-by-Step Help
6,Insert the Material Flow Objects,2291,2293,Load Parts Onto an AGV and Rotate Them,10. Step-by-Step Help
6,Create the Conveyor on Which to Place the Pallet,2294,2295,Load Parts Onto an AGV and Rotate Them,10. Step-by-Step Help
6,Insert the Transport Components,2296,2300,Load Parts Onto an AGV and Rotate Them,10. Step-by-Step Help
5,Fine-position an AGV,2301,2302,Modeling an Automated Guided Vehicle System,10. Step-by-Step Help
5,Prevent AGVs from Colliding,2303,2307,Modeling an Automated Guided Vehicle System,10. Step-by-Step Help
4,"Modeling a Battery-powered Transporter, Basic",2308,2316,Modeling Transport Systems,10. Step-by-Step Help
5,"Model a Battery-powered Transporter, Basic",2308,2316,"Modeling a Battery-powered Transporter, Basic",10. Step-by-Step Help
4,"Modeling a Battery-powered Transporter, Extended",2317,2324,Modeling Transport Systems,10. Step-by-Step Help
5,"Model a Battery-powered Transporter, Extended",2317,2317,"Modeling a Battery-powered Transporter, Extended",10. Step-by-Step Help
5,Model the Material Flow,2318,2319,"Modeling a Battery-powered Transporter, Extended",10. Step-by-Step Help
5,Program the Sensor Control for Loading and Unloading the Parts,2320,2320,"Modeling a Battery-powered Transporter, Extended",10. Step-by-Step Help
5,Configure Battery-powered Operation of the Transporter,2320,2323,"Modeling a Battery-powered Transporter, Extended",10. Step-by-Step Help
6,Battery Settings,2320,2320,Configure Battery-powered Operation of the Transporter,10. Step-by-Step Help
6,Excursus: The relative and the absolute path,2321,2322,Configure Battery-powered Operation of the Transporter,10. Step-by-Step Help
6,Additional Settings,2323,2323,Configure Battery-powered Operation of the Transporter,10. Step-by-Step Help
5,Program the Battery Controls,2324,2324,"Modeling a Battery-powered Transporter, Extended",10. Step-by-Step Help
3,Preparing Data for the Simulation with DataFit,2325,2333,Modeling the Material Flow,10. Step-by-Step Help
4,Prepare Data for the Simulation with DataFit,2325,2325,Preparing Data for the Simulation with DataFit,10. Step-by-Step Help
4,Step 1: Define the Task and the Objectives,2326,2326,Preparing Data for the Simulation with DataFit,10. Step-by-Step Help
4,Step 2: Collect and Prepare Data,2326,2326,Preparing Data for the Simulation with DataFit,10. Step-by-Step Help
4,Step 3: Decide Which Distribution to Use,2327,2332,Preparing Data for the Simulation with DataFit,10. Step-by-Step Help
5,Step 3: Decide Which Distribution to Use,2327,2327,Step 3: Decide Which Distribution to Use,10. Step-by-Step Help
5,Distribution-Fitting with DataFit,2328,2328,Step 3: Decide Which Distribution to Use,10. Step-by-Step Help
5,Input Data in DataFit,2328,2329,Step 3: Decide Which Distribution to Use,10. Step-by-Step Help
5,Filter Data in DataFit,2330,2330,Step 3: Decide Which Distribution to Use,10. Step-by-Step Help
5,Fit Data in DataFit,2331,2331,Step 3: Decide Which Distribution to Use,10. Step-by-Step Help
5,Evaluate Data in DataFit,2332,2332,Step 3: Decide Which Distribution to Use,10. Step-by-Step Help
4,Use Distributions with Bounds,2333,2333,Preparing Data for the Simulation with DataFit,10. Step-by-Step Help
3,Running Simulation Experiments,2334,2355,Modeling the Material Flow,10. Step-by-Step Help
4,Run Simulation Experiments,2334,2334,Running Simulation Experiments,10. Step-by-Step Help
4,Running Experiments with the ExperimentManager,2335,2349,Running Simulation Experiments,10. Step-by-Step Help
5,Run Experiments with the ExperimentManager,2335,2336,Running Experiments with the ExperimentManager,10. Step-by-Step Help
5,Running a Simple Simulation Study,2337,2345,Running Experiments with the ExperimentManager,10. Step-by-Step Help
6,Run a Simple Simulation Study,2337,2337,Running a Simple Simulation Study,10. Step-by-Step Help
6,Step 1: Define input and output values of the experiments,2337,2339,Running a Simple Simulation Study,10. Step-by-Step Help
7,Video on YouTube,2340,2340,Step 1: Define input and output values of the experiments,10. Step-by-Step Help
6,Step 2: Run the experiments with the defined settings,2340,2341,Running a Simple Simulation Study,10. Step-by-Step Help
6,Step 3 Evaluate the results,2342,2345,Running a Simple Simulation Study,10. Step-by-Step Help
7,Step 3: Evaluate the results of the simulation study,2342,2342,Step 3 Evaluate the results,10. Step-by-Step Help
7,View the Results as a Table,2342,2343,Step 3 Evaluate the results,10. Step-by-Step Help
7,View the Results in a Chart,2344,2344,Step 3 Evaluate the results,10. Step-by-Step Help
7,View the Results in a HtmlReport,2345,2345,Step 3 Evaluate the results,10. Step-by-Step Help
5,Refining the Settings,2346,2349,Running Experiments with the ExperimentManager,10. Step-by-Step Help
6,Refine the Settings,2346,2346,Refining the Settings,10. Step-by-Step Help
6,Setting Static Parameters,2346,2346,Refining the Settings,10. Step-by-Step Help
7,Set Static Parameters,2346,2346,Setting Static Parameters,10. Step-by-Step Help
7,Modify Settings in the Configuration Method,2346,2346,Setting Static Parameters,10. Step-by-Step Help
6,Setting Dynamic Parameters,2347,2349,Refining the Settings,10. Step-by-Step Help
7,Set Dynamic Parameters,2347,2347,Setting Dynamic Parameters,10. Step-by-Step Help
7,Create a Rule of Your Own,2348,2349,Setting Dynamic Parameters,10. Step-by-Step Help
4,Optimizing Models with Genetic Algorithms,2350,2355,Running Simulation Experiments,10. Step-by-Step Help
5,Optimize Models with Genetic Algorithms,2350,2351,Optimizing Models with Genetic Algorithms,10. Step-by-Step Help
5,Configure the GAWizard,2352,2353,Optimizing Models with Genetic Algorithms,10. Step-by-Step Help
5,Analyze the Results of the Optimization,2354,2354,Optimizing Models with Genetic Algorithms,10. Step-by-Step Help
5,For the Advanced User,2355,2355,Optimizing Models with Genetic Algorithms,10. Step-by-Step Help
3,Pack a Model and Send It to Another User,2356,2357,Modeling the Material Flow,10. Step-by-Step Help
2,Visualizing the Material Flow,2358,2633,10. Step-by-Step Help,10. Step-by-Step Help
3,Visualizing the Material Flow,2358,2360,Visualizing the Material Flow,10. Step-by-Step Help
3,Creating a Simulation Model,2361,2363,Visualizing the Material Flow,10. Step-by-Step Help
3,Modeling Hierarchically [in 3D],2364,2364,Visualizing the Material Flow,10. Step-by-Step Help
3,Working with the Scene,2364,2378,Visualizing the Material Flow,10. Step-by-Step Help
4,Work with the Scene,2364,2364,Working with the Scene,10. Step-by-Step Help
4,Manipulate the Scene with the Mouse,2365,2366,Working with the Scene,10. Step-by-Step Help
4,Align the View to the Main Directions,2367,2368,Working with the Scene,10. Step-by-Step Help
4,Save a View with the Model and Return to It,2369,2370,Working with the Scene,10. Step-by-Step Help
4,Set the Background Color of the Scene,2371,2372,Working with the Scene,10. Step-by-Step Help
4,Flying on a Defined Path Through the Scene,2373,2378,Working with the Scene,10. Step-by-Step Help
5,Fly on a Defined Path Through the Scene,2373,2373,Flying on a Defined Path Through the Scene,10. Step-by-Step Help
5,Attach a Camera to an Object,2374,2376,Flying on a Defined Path Through the Scene,10. Step-by-Step Help
5,Detach the Camera from an Object,2377,2377,Flying on a Defined Path Through the Scene,10. Step-by-Step Help
5,Animate the Object Camera,2378,2378,Flying on a Defined Path Through the Scene,10. Step-by-Step Help
3,Controlling Your View in the Scene,2379,2380,Visualizing the Material Flow,10. Step-by-Step Help
4,Control Your View,2379,2379,Controlling Your View in the Scene,10. Step-by-Step Help
4,Set the Main Directions,2379,2379,Controlling Your View in the Scene,10. Step-by-Step Help
4,Set View Points,2380,2380,Controlling Your View in the Scene,10. Step-by-Step Help
4,Attach a Camera to an Object/Frame and Detach it,2380,2380,Controlling Your View in the Scene,10. Step-by-Step Help
4,Animate the Camera,2381,2381,Controlling Your View in the Scene,10. Step-by-Step Help
3,Working with the Grid,2381,2389,Visualizing the Material Flow,10. Step-by-Step Help
4,Work with the Grid,2381,2382,Working with the Grid,10. Step-by-Step Help
4,Show and Hide the Grid,2383,2383,Working with the Grid,10. Step-by-Step Help
4,Set Grid Properties,2384,2384,Working with the Grid,10. Step-by-Step Help
4,Edit Grid Lines,2385,2385,Working with the Grid,10. Step-by-Step Help
4,Position the Grid on Different Planes,2386,2386,Working with the Grid,10. Step-by-Step Help
4,Move the Grid in the Window,2387,2389,Working with the Grid,10. Step-by-Step Help
3,Working with Objects in the Frame,2390,2455,Visualizing the Material Flow,10. Step-by-Step Help
4,Work with Objects,2390,2390,Working with Objects in the Frame,10. Step-by-Step Help
4,Insert Objects into the Scene,2391,2391,Working with Objects in the Frame,10. Step-by-Step Help
4,Select Objects,2392,2392,Working with Objects in the Frame,10. Step-by-Step Help
4,Simultaneously Paste Multiple Copies,2393,2394,Working with Objects in the Frame,10. Step-by-Step Help
4,Move Objects in the Frame,2395,2397,Working with Objects in the Frame,10. Step-by-Step Help
5,Move Objects in the Frame,2395,2395,Move Objects in the Frame,10. Step-by-Step Help
5,Move an Object With the Mouse,2395,2395,Move Objects in the Frame,10. Step-by-Step Help
5,Move an Object With Keyboard Keys,2396,2396,Move Objects in the Frame,10. Step-by-Step Help
5,Move an Object Precisely,2397,2397,Move Objects in the Frame,10. Step-by-Step Help
4,Rotate Objects in the Scene,2398,2399,Working with Objects in the Frame,10. Step-by-Step Help
5,Rotate Objects in the Frame,2398,2398,Rotate Objects in the Scene,10. Step-by-Step Help
5,Rotate an Object with Keyboard Keys,2398,2398,Rotate Objects in the Scene,10. Step-by-Step Help
5,Rotate an Object Precisely,2399,2399,Rotate Objects in the Scene,10. Step-by-Step Help
4,Scale Objects in the Frame,2400,2401,Working with Objects in the Frame,10. Step-by-Step Help
4,Work with Length-oriented Objects,2402,2440,Working with Objects in the Frame,10. Step-by-Step Help
5,Work with Length-oriented Objects,2402,2402,Work with Length-oriented Objects,10. Step-by-Step Help
5,Insert Curved and Straight Segments,2403,2408,Work with Length-oriented Objects,10. Step-by-Step Help
5,Auto-connect Length-oriented Objects,2409,2411,Work with Length-oriented Objects,10. Step-by-Step Help
5,Draw Straight and Curved Segments with a 90° Angle,2412,2415,Work with Length-oriented Objects,10. Step-by-Step Help
5,Draw Straight and Curved Segments without Fixed Values,2416,2416,Work with Length-oriented Objects,10. Step-by-Step Help
5,Change the Shape of a Segment,2417,2422,Work with Length-oriented Objects,10. Step-by-Step Help
5,Create a Curved Object with SimTalk Commands,2423,2423,Work with Length-oriented Objects,10. Step-by-Step Help
5,Reuse the Segments of a Length-oriented Object,2423,2426,Work with Length-oriented Objects,10. Step-by-Step Help
5,Keyboard Shortcuts for Inserting Straight and Curved Segments of an Object,2427,2427,Work with Length-oriented Objects,10. Step-by-Step Help
5,Edit Length-oriented Objects with the Mouse,2428,2429,Work with Length-oriented Objects,10. Step-by-Step Help
6,Video on YouTube,2430,2430,Edit Length-oriented Objects with the Mouse,10. Step-by-Step Help
5,Editing Length-oriented Objects with Keyboard Keys,2430,2431,Work with Length-oriented Objects,10. Step-by-Step Help
6,Edit Length-oriented Objects with Keyboard Keys,2430,2430,Editing Length-oriented Objects with Keyboard Keys,10. Step-by-Step Help
6,Edit Manipulators with Keyboard Keys,2430,2431,Editing Length-oriented Objects with Keyboard Keys,10. Step-by-Step Help
6,Move Sensors with Keyboard Keys,2432,2432,Editing Length-oriented Objects with Keyboard Keys,10. Step-by-Step Help
5,Edit Length-oriented Objects Precisely,2432,2432,Work with Length-oriented Objects,10. Step-by-Step Help
5,Model Differences in Height Between Conveying Elements,2433,2436,Work with Length-oriented Objects,10. Step-by-Step Help
5,Model a Spiral Conveyor,2437,2440,Work with Length-oriented Objects,10. Step-by-Step Help
4,Setting the Capacity of a Material Flow Object,2441,2447,Working with Objects in the Frame,10. Step-by-Step Help
5,Set the Capacity of a Material Flow Object,2441,2441,Setting the Capacity of a Material Flow Object,10. Step-by-Step Help
5,Define the Capacity of a Simulation Object,2441,2441,Setting the Capacity of a Material Flow Object,10. Step-by-Step Help
5,Define the Animation Area of a Simulation Object,2442,2447,Setting the Capacity of a Material Flow Object,10. Step-by-Step Help
4,Context Menu of the Background of the Scene,2448,2452,Working with Objects in the Frame,10. Step-by-Step Help
5,Context Menu of the Background of the Window,2448,2450,Context Menu of the Background of the Scene,10. Step-by-Step Help
5,Create User-defined Attribute,2451,2452,Context Menu of the Background of the Scene,10. Step-by-Step Help
5,Previous Scene,2453,2453,Context Menu of the Background of the Scene,10. Step-by-Step Help
4,Adapt the 3D Model to the 2D Model,2453,2455,Working with Objects in the Frame,10. Step-by-Step Help
3,Working with Graphics,2456,2508,Visualizing the Material Flow,10. Step-by-Step Help
4,Work with Graphics,2456,2457,Working with Graphics,10. Step-by-Step Help
4,Inherit Graphics,2458,2459,Working with Graphics,10. Step-by-Step Help
4,Duplicate Graphics,2460,2460,Working with Graphics,10. Step-by-Step Help
4,Edit Grouped Graphics,2460,2460,Working with Graphics,10. Step-by-Step Help
4,Set the Material of a Graphic,2461,2462,Working with Graphics,10. Step-by-Step Help
4,Use a Different Graphic for an Object,2463,2465,Working with Graphics,10. Step-by-Step Help
5,Video on YouTube,2466,2466,Use a Different Graphic for an Object,10. Step-by-Step Help
4,Creating Your Own Objects,2466,2483,Working with Graphics,10. Step-by-Step Help
5,Create Your Own Objects,2466,2466,Creating Your Own Objects,10. Step-by-Step Help
5,Import a 3D Graphic,2467,2468,Creating Your Own Objects,10. Step-by-Step Help
6,Video on YouTube,2468,2468,Import a 3D Graphic,10. Step-by-Step Help
5,Model Your Own 3D Graphic,2469,2471,Creating Your Own Objects,10. Step-by-Step Help
5,Create a Textured Plate,2472,2475,Creating Your Own Objects,10. Step-by-Step Help
5,Create a Non-textured Plate [example],2476,2477,Creating Your Own Objects,10. Step-by-Step Help
5,Model a Bottle,2478,2483,Creating Your Own Objects,10. Step-by-Step Help
4,Set How Plant Simulation Shows an Object,2484,2485,Working with Graphics,10. Step-by-Step Help
4,What Plant Simulation Shows in a Window,2486,2486,Working with Graphics,10. Step-by-Step Help
4,Using Alternative Graphic Groups,2487,2503,Working with Graphics,10. Step-by-Step Help
5,Use Alternative Graphic Groups,2487,2487,Using Alternative Graphic Groups,10. Step-by-Step Help
5,Create a New MU Class for the Object,2487,2487,Using Alternative Graphic Groups,10. Step-by-Step Help
5,Create Alternative Graphic Groups for the Components,2488,2497,Using Alternative Graphic Groups,10. Step-by-Step Help
5,Displaying the Progress of the Airplane Assembly,2498,2503,Using Alternative Graphic Groups,10. Step-by-Step Help
6,Show the Progress of the Airplane Assembly,2498,2498,Displaying the Progress of the Airplane Assembly,10. Step-by-Step Help
6,Insert and Configure the Source and the Processing Stations,2498,2499,Displaying the Progress of the Airplane Assembly,10. Step-by-Step Help
6,Program the Visibility Controls,2500,2501,Displaying the Progress of the Airplane Assembly,10. Step-by-Step Help
6,Change Orientation and Position of the Object on the Stations,2502,2503,Displaying the Progress of the Airplane Assembly,10. Step-by-Step Help
4,Displaying Object States,2504,2508,Working with Graphics,10. Step-by-Step Help
5,Show Object States,2504,2504,Displaying Object States,10. Step-by-Step Help
5,Show States on a Signal Post Above the Machine,2505,2505,Displaying Object States,10. Step-by-Step Help
5,Show States at the Front of the Machine,2506,2508,Displaying Object States,10. Step-by-Step Help
3,Creating a Simulation Object with Animation,2509,2521,Visualizing the Material Flow,10. Step-by-Step Help
4,Create a Simulation Object with Animation,2509,2509,Creating a Simulation Object with Animation,10. Step-by-Step Help
4,Create the Simulation Object,2509,2512,Creating a Simulation Object with Animation,10. Step-by-Step Help
4,Add Animations and Interactions to the Simulation Objects,2513,2517,Creating a Simulation Object with Animation,10. Step-by-Step Help
4,Test the Station in the Simulation Model,2518,2519,Creating a Simulation Object with Animation,10. Step-by-Step Help
4,Fine-tune the Station,2520,2521,Creating a Simulation Object with Animation,10. Step-by-Step Help
3,Modeling a Complex Receiving Department,2522,2540,Visualizing the Material Flow,10. Step-by-Step Help
4,Model a Complex Receiving Department,2522,2522,Modeling a Complex Receiving Department,10. Step-by-Step Help
4,Insert the Objects Required for Modeling the Source,2522,2523,Modeling a Complex Receiving Department,10. Step-by-Step Help
4,Configure the Individual Stations,2524,2530,Modeling a Complex Receiving Department,10. Step-by-Step Help
4,Animate Bricks on the Animation Area of the Brick Carrier,2531,2531,Modeling a Complex Receiving Department,10. Step-by-Step Help
4,Animate Brick Carriers on the Animation Area of the Truck,2532,2536,Modeling a Complex Receiving Department,10. Step-by-Step Help
4,Show the Content of the Frame,2537,2540,Modeling a Complex Receiving Department,10. Step-by-Step Help
3,Working with Animation Paths,2541,2554,Visualizing the Material Flow,10. Step-by-Step Help
4,Work with Animation Paths,2541,2542,Working with Animation Paths,10. Step-by-Step Help
5,Videos on YouTube,2543,2543,Work with Animation Paths,10. Step-by-Step Help
4,Create an Animation Path,2543,2543,Working with Animation Paths,10. Step-by-Step Help
5,Videos on YouTube,2544,2544,Create an Animation Path,10. Step-by-Step Help
4,Create an Animation Path that Rotates Objects,2544,2545,Working with Animation Paths,10. Step-by-Step Help
4,Edit an Animation Path,2546,2548,Working with Animation Paths,10. Step-by-Step Help
4,Edit an Animation Path with the Mouse,2549,2550,Working with Animation Paths,10. Step-by-Step Help
4,Edit a Curved Path with the Mouse,2551,2551,Working with Animation Paths,10. Step-by-Step Help
4,Edit an Animation Path via Anchor Points,2551,2552,Working with Animation Paths,10. Step-by-Step Help
4,Test an Animation Path,2553,2554,Working with Animation Paths,10. Step-by-Step Help
3,Controlling the MU Animation,2555,2577,Visualizing the Material Flow,10. Step-by-Step Help
4,Control the MU Animation,2555,2555,Controlling the MU Animation,10. Step-by-Step Help
4,MU Animation on Length-Oriented Objects,2556,2558,Controlling the MU Animation,10. Step-by-Step Help
5,Video on YouTube,2558,2558,MU Animation on Length-Oriented Objects,10. Step-by-Step Help
4,MU Animation on Point-Oriented Objects,2559,2559,Controlling the MU Animation,10. Step-by-Step Help
5,Video on YouTube,2560,2560,MU Animation on Point-Oriented Objects,10. Step-by-Step Help
4,MU Animation on Point-Oriented Objects Holding Several Parts,2560,2562,Controlling the MU Animation,10. Step-by-Step Help
4,MU Animation on Objects with Loading Space,2563,2570,Controlling the MU Animation,10. Step-by-Step Help
4,MU Animation on Animation Paths on the Workplace,2571,2577,Controlling the MU Animation,10. Step-by-Step Help
5,Video on YouTube,2578,2578,MU Animation on Animation Paths on the Workplace,10. Step-by-Step Help
3,Modeling Joints and Poses,2578,2588,Visualizing the Material Flow,10. Step-by-Step Help
4,Model Joints and Poses,2578,2578,Modeling Joints and Poses,10. Step-by-Step Help
4,Configure the Simulation Objects,2579,2580,Modeling Joints and Poses,10. Step-by-Step Help
4,Create the Animation Objects,2581,2583,Modeling Joints and Poses,10. Step-by-Step Help
4,Configure the Joints,2584,2584,Modeling Joints and Poses,10. Step-by-Step Help
4,Configure the Poses,2585,2588,Modeling Joints and Poses,10. Step-by-Step Help
5,Video on YouTube,2589,2589,Configure the Poses,10. Step-by-Step Help
3,Creating a Realistic Looking Model,2589,2617,Visualizing the Material Flow,10. Step-by-Step Help
4,Create a Realistic Looking Model,2589,2590,Creating a Realistic Looking Model,10. Step-by-Step Help
5,Enhance the Visualization of Your Simulation Model in Omniverse,2590,2590,Create a Realistic Looking Model,10. Step-by-Step Help
4,Insert Factory Walls and Create Passageways,2591,2606,Creating a Realistic Looking Model,10. Step-by-Step Help
5,Insert Factory Walls and Create Passageways,2591,2591,Insert Factory Walls and Create Passageways,10. Step-by-Step Help
5,Cut an Open Passageway in a Wall,2592,2597,Insert Factory Walls and Create Passageways,10. Step-by-Step Help
5,Create a Passageway and a Gate,2598,2606,Insert Factory Walls and Create Passageways,10. Step-by-Step Help
6,Create a Passageway and a Gate,2598,2599,Create a Passageway and a Gate,10. Step-by-Step Help
6,Open and Close the Gate with Poses,2600,2604,Create a Passageway and a Gate,10. Step-by-Step Help
6,Open and Close the Gate without Poses,2605,2605,Create a Passageway and a Gate,10. Step-by-Step Help
6,Move the Gate Up to the Height of the Part,2606,2606,Create a Passageway and a Gate,10. Step-by-Step Help
4,Adding Text and Display Boards,2607,2611,Creating a Realistic Looking Model,10. Step-by-Step Help
5,Add Text and Display Boards,2607,2607,Adding Text and Display Boards,10. Step-by-Step Help
5,Show Text,2608,2608,Adding Text and Display Boards,10. Step-by-Step Help
5,Show a Display Board,2609,2611,Adding Text and Display Boards,10. Step-by-Step Help
4,Add a JT Layout File to Your Simulation Model,2612,2612,Creating a Realistic Looking Model,10. Step-by-Step Help
4,Add a Point Cloud,2613,2614,Creating a Realistic Looking Model,10. Step-by-Step Help
4,Import JT Graphics Representing an Object,2615,2617,Creating a Realistic Looking Model,10. Step-by-Step Help
3,Optimizing a Graphic,2618,2619,Visualizing the Material Flow,10. Step-by-Step Help
3,Optimizing the Model,2620,2622,Visualizing the Material Flow,10. Step-by-Step Help
3,Recording a Video,2623,2626,Visualizing the Material Flow,10. Step-by-Step Help
4,Record a Video,2623,2623,Recording a Video,10. Step-by-Step Help
4,Select Video Settings,2623,2624,Recording a Video,10. Step-by-Step Help
4,Set Up the Scene for Recording,2625,2625,Recording a Video,10. Step-by-Step Help
4,Record the Video,2626,2626,Recording a Video,10. Step-by-Step Help
4,Play the Video,2627,2627,Recording a Video,10. Step-by-Step Help
3,Visualizing the Simulation Model in Omniverse,2627,2633,Visualizing the Material Flow,10. Step-by-Step Help
4,Visualize the Simulation Model in Omniverse,2627,2627,Visualizing the Simulation Model in Omniverse,10. Step-by-Step Help
4,Start the Omniverse Connector,2628,2628,Visualizing the Simulation Model in Omniverse,10. Step-by-Step Help
4,Set Up a New Filesystem Connection,2629,2630,Visualizing the Simulation Model in Omniverse,10. Step-by-Step Help
4,Establish a Live Connection to Omniverse,2631,2632,Visualizing the Simulation Model in Omniverse,10. Step-by-Step Help
4,Use Omniverse with the Function MVA_WriteUSD,2633,2633,Visualizing the Simulation Model in Omniverse,10. Step-by-Step Help
2,Animating the Simulation Model and Viewing the Results,2634,2783,10. Step-by-Step Help,10. Step-by-Step Help
3,Animate the Simulation Model and View the Results,2634,2634,Animating the Simulation Model and Viewing the Results,10. Step-by-Step Help
3,Animating the Simulation Model,2635,2638,Animating the Simulation Model and Viewing the Results,10. Step-by-Step Help
4,Animate the Simulation Model,2635,2635,Animating the Simulation Model,10. Step-by-Step Help
4,Activating and Deactivating the Animation,2635,2635,Animating the Simulation Model,10. Step-by-Step Help
4,Working with Object Icons,2636,2638,Animating the Simulation Model,10. Step-by-Step Help
5,Work with Object Icons,2636,2636,Working with Object Icons,10. Step-by-Step Help
5,Create an Icon,2636,2636,Working with Object Icons,10. Step-by-Step Help
5,Edit an Icon,2637,2637,Working with Object Icons,10. Step-by-Step Help
5,Make Areas of an Icon Transparent,2638,2638,Working with Object Icons,10. Step-by-Step Help
3,Viewing and Visualizing Statistics,2639,2765,Animating the Simulation Model and Viewing the Results,10. Step-by-Step Help
4,View and Visualize Statistics,2639,2639,Viewing and Visualizing Statistics,10. Step-by-Step Help
4,Viewing Statistics in the Dialogs of the Objects,2640,2661,Viewing and Visualizing Statistics,10. Step-by-Step Help
5,View Statistics in the Dialogs of the Objects,2640,2643,Viewing Statistics in the Dialogs of the Objects,10. Step-by-Step Help
5,Check How Many Parts Were Introduced into the Plant,2644,2645,Viewing Statistics in the Dialogs of the Objects,10. Step-by-Step Help
5,Check How Many Parts Left the Plant,2646,2647,Viewing Statistics in the Dialogs of the Objects,10. Step-by-Step Help
5,Check Statistics of the Individual Stations,2648,2648,Viewing Statistics in the Dialogs of the Objects,10. Step-by-Step Help
5,Check the Contents List of the Stations,2649,2657,Viewing Statistics in the Dialogs of the Objects,10. Step-by-Step Help
6,Check the Contents List of the Stations,2649,2650,Check the Contents List of the Stations,10. Step-by-Step Help
6,Open the Contents List in the Dialog of the Material Flow Objects,2651,2653,Check the Contents List of the Stations,10. Step-by-Step Help
6,Write the Content List into a Table for Further Processing,2654,2656,Check the Contents List of the Stations,10. Step-by-Step Help
6,Print the Contents List to the Console as an Array,2657,2657,Check the Contents List of the Stations,10. Step-by-Step Help
5,Check Product Statistics of Parts,2658,2659,Viewing Statistics in the Dialogs of the Objects,10. Step-by-Step Help
5,Check Statistics of Exporter and Worker,2660,2661,Viewing Statistics in the Dialogs of the Objects,10. Step-by-Step Help
4,Viewing the Statistics Report,2662,2666,Viewing and Visualizing Statistics,10. Step-by-Step Help
4,Showing Statistics in a Chart,2667,2693,Viewing and Visualizing Statistics,10. Step-by-Step Help
5,Show Statistics in a Chart,2667,2667,Showing Statistics in a Chart,10. Step-by-Step Help
5,Select Settings in the Statistics Wizard,2668,2669,Showing Statistics in a Chart,10. Step-by-Step Help
5,Select Where the Data Comes From,2670,2672,Showing Statistics in a Chart,10. Step-by-Step Help
5,Selecting How the Chart Shows the Data,2673,2687,Showing Statistics in a Chart,10. Step-by-Step Help
6,Select How the Chart Shows the Data,2673,2673,Selecting How the Chart Shows the Data,10. Step-by-Step Help
6,Show Values in a Chart,2674,2674,Selecting How the Chart Shows the Data,10. Step-by-Step Help
6,Show Values in a 3D Chart,2675,2675,Selecting How the Chart Shows the Data,10. Step-by-Step Help
6,Show Values in a Histogram,2676,2676,Selecting How the Chart Shows the Data,10. Step-by-Step Help
6,Show Values in a 3D Histogram,2677,2677,Selecting How the Chart Shows the Data,10. Step-by-Step Help
6,Show Values as the Chart Plots Them,2678,2678,Selecting How the Chart Shows the Data,10. Step-by-Step Help
6,Show Values as an XY Graph,2679,2681,Selecting How the Chart Shows the Data,10. Step-by-Step Help
6,Select the Chart Type,2682,2683,Selecting How the Chart Shows the Data,10. Step-by-Step Help
6,Select Additional Display Options,2684,2687,Selecting How the Chart Shows the Data,10. Step-by-Step Help
5,Add Labels and a Legend,2688,2689,Showing Statistics in a Chart,10. Step-by-Step Help
5,Add Annotations,2690,2693,Showing Statistics in a Chart,10. Step-by-Step Help
4,Show Statistics and Other Values in a Report,2694,2702,Viewing and Visualizing Statistics,10. Step-by-Step Help
4,Showing Reports in a Hierarchically Structured Model,2703,2740,Viewing and Visualizing Statistics,10. Step-by-Step Help
5,Show Reports in a Hierarchically Structured Model,2703,2703,Showing Reports in a Hierarchically Structured Model,10. Step-by-Step Help
5,Creating the Classes of the Cells and the Lines,2704,2720,Showing Reports in a Hierarchically Structured Model,10. Step-by-Step Help
6,Create the Classes of the Cells and the Lines,2704,2706,Creating the Classes of the Cells and the Lines,10. Step-by-Step Help
6,Modeling the Car Body Cell,2707,2714,Creating the Classes of the Cells and the Lines,10. Step-by-Step Help
7,Model the Car Body Cell,2707,2707,Modeling the Car Body Cell,10. Step-by-Step Help
7,Configure the Assembly Stations That Assemble the Parts,2708,2710,Modeling the Car Body Cell,10. Step-by-Step Help
7,Configure the Sources That Provide the Assembly Stations With Parts,2711,2711,Modeling the Car Body Cell,10. Step-by-Step Help
7,Configure the Buffers between the Assembly Stations,2712,2712,Modeling the Car Body Cell,10. Step-by-Step Help
7,Configure the Chart as Histogram,2713,2713,Modeling the Car Body Cell,10. Step-by-Step Help
7,Configure the ReportObject of the Car Body Cell,2714,2714,Modeling the Car Body Cell,10. Step-by-Step Help
6,Modeling the Paint Line,2715,2716,Creating the Classes of the Cells and the Lines,10. Step-by-Step Help
7,Model the Paint Line,2715,2716,Modeling the Paint Line,10. Step-by-Step Help
6,Modeling the Assembly Line,2717,2720,Creating the Classes of the Cells and the Lines,10. Step-by-Step Help
7,Model the Assembly Line,2717,2717,Modeling the Assembly Line,10. Step-by-Step Help
7,Configure the Conveyors of the Assembly Line,2718,2718,Modeling the Assembly Line,10. Step-by-Step Help
7,Configure the Processing Stations and the Workplaces,2719,2719,Modeling the Assembly Line,10. Step-by-Step Help
7,Configure the ReportObject of the Assembly Line,2720,2720,Modeling the Assembly Line,10. Step-by-Step Help
7,Configure the ToDos of the Assembly Line,2721,2721,Modeling the Assembly Line,10. Step-by-Step Help
5,Modeling and Configuring the Installation,2721,2732,Showing Reports in a Hierarchically Structured Model,10. Step-by-Step Help
6,Model the Installation and Configure the Components,2721,2722,Modeling and Configuring the Installation,10. Step-by-Step Help
6,Configure the Receiving Department,2723,2723,Modeling and Configuring the Installation,10. Step-by-Step Help
6,Configure the Body Assembly,2724,2725,Modeling and Configuring the Installation,10. Step-by-Step Help
6,Configure the Paint Shop,2726,2727,Modeling and Configuring the Installation,10. Step-by-Step Help
6,Configure the Final Assembly,2728,2731,Modeling and Configuring the Installation,10. Step-by-Step Help
6,Configure the HtmlReport,2732,2732,Modeling and Configuring the Installation,10. Step-by-Step Help
5,Running the Simulation and Showing the Report,2733,2734,Showing Reports in a Hierarchically Structured Model,10. Step-by-Step Help
6,Run the Simulation and Show the Report,2733,2733,Running the Simulation and Showing the Report,10. Step-by-Step Help
6,Run the Simulation,2733,2733,Running the Simulation and Showing the Report,10. Step-by-Step Help
6,Show the HtmlReport,2734,2734,Running the Simulation and Showing the Report,10. Step-by-Step Help
5,Studying the HtmlReport,2735,2740,Showing Reports in a Hierarchically Structured Model,10. Step-by-Step Help
6,Study the HtmlReport,2735,2736,Studying the HtmlReport,10. Step-by-Step Help
6,Display the Production Areas,2737,2738,Studying the HtmlReport,10. Step-by-Step Help
6,Display the Energy Analysis,2739,2739,Studying the HtmlReport,10. Step-by-Step Help
6,Display the ToDos and Change to the Respective Frame,2740,2740,Studying the HtmlReport,10. Step-by-Step Help
4,Showing Values During the Simulation Run with the Display,2741,2744,Viewing and Visualizing Statistics,10. Step-by-Step Help
5,Show Values During the Simulation with the Display,2741,2741,Showing Values During the Simulation Run with the Display,10. Step-by-Step Help
5,Select Which Data the Display Shows,2742,2742,Showing Values During the Simulation Run with the Display,10. Step-by-Step Help
5,Select How the Display Shows the Data,2743,2744,Showing Values During the Simulation Run with the Display,10. Step-by-Step Help
4,Accessing Statistics with SimTalk,2745,2745,Viewing and Visualizing Statistics,10. Step-by-Step Help
4,Showing Part Flows in a SankeyDiagram,2746,2752,Viewing and Visualizing Statistics,10. Step-by-Step Help
5,Show Part Flows in a SankeyDiagram,2746,2746,Showing Part Flows in a SankeyDiagram,10. Step-by-Step Help
5,Configure the Objects that Produce and Process Parts,2747,2747,Showing Part Flows in a SankeyDiagram,10. Step-by-Step Help
5,"Configure the Carrying Operation with Broker, WorkerPool, and Worker",2748,2749,Showing Part Flows in a SankeyDiagram,10. Step-by-Step Help
5,Configure the SankeyDiagrams,2750,2752,Showing Part Flows in a SankeyDiagram,10. Step-by-Step Help
4,Showing AGV Sankey Flows,2753,2757,Viewing and Visualizing Statistics,10. Step-by-Step Help
5,Show AGV Flows in a SankeyDiagram,2753,2754,Showing AGV Sankey Flows,10. Step-by-Step Help
5,Configure AGVPool and Routes of the AGVs,2755,2756,Showing AGV Sankey Flows,10. Step-by-Step Help
5,Configure the init Method and the SankeyDiagram,2757,2757,Showing AGV Sankey Flows,10. Step-by-Step Help
4,Showing Parts on Resources in a GanttChart,2758,2765,Viewing and Visualizing Statistics,10. Step-by-Step Help
5,Show Parts on Resources in a GanttChart,2758,2758,Showing Parts on Resources in a GanttChart,10. Step-by-Step Help
5,Configure the Source that Produces the Parts,2759,2759,Showing Parts on Resources in a GanttChart,10. Step-by-Step Help
5,Configure the ParallelStation that Processes the Parts,2760,2761,Showing Parts on Resources in a GanttChart,10. Step-by-Step Help
5,Configure the GanttChart,2762,2762,Showing Parts on Resources in a GanttChart,10. Step-by-Step Help
5,Show the GanttChart,2763,2765,Showing Parts on Resources in a GanttChart,10. Step-by-Step Help
3,Toggling States and Executing Actions,2766,2783,Animating the Simulation Model and Viewing the Results,10. Step-by-Step Help
4,Switch States and Execute Actions,2766,2766,Toggling States and Executing Actions,10. Step-by-Step Help
4,Toggling States with the Checkbox,2767,2768,Toggling States and Executing Actions,10. Step-by-Step Help
5,Switch States with the Checkbox,2767,2767,Toggling States with the Checkbox,10. Step-by-Step Help
5,Toggle the State by Clicking the Checkbox,2767,2767,Toggling States with the Checkbox,10. Step-by-Step Help
5,Switch Modes Using a Control,2768,2768,Toggling States with the Checkbox,10. Step-by-Step Help
4,Executing Actions by Clicking a Button,2769,2772,Toggling States and Executing Actions,10. Step-by-Step Help
5,Execute the Action,2769,2769,Executing Actions by Clicking a Button,10. Step-by-Step Help
5,Define the Appearance of the Button,2770,2771,Executing Actions by Clicking a Button,10. Step-by-Step Help
5,Program the Control for the Action to be Executed,2772,2772,Executing Actions by Clicking a Button,10. Step-by-Step Help
4,Selecting an Option from a Drop-down List,2773,2783,Toggling States and Executing Actions,10. Step-by-Step Help
5,Select an Option from a Drop-down List,2773,2774,Selecting an Option from a Drop-down List,10. Step-by-Step Help
5,Configure the Source that Produces the Parts [Drop-down List],2775,2776,Selecting an Option from a Drop-down List,10. Step-by-Step Help
5,Configure the Feeder Line with Sensor and Sensor Control,2777,2777,Selecting an Option from a Drop-down List,10. Step-by-Step Help
5,Configure the Turnplate to Rotate the Part According to an Attribute,2777,2777,Selecting an Option from a Drop-down List,10. Step-by-Step Help
5,Configure the Check Box and the Drop-down List,2778,2781,Selecting an Option from a Drop-down List,10. Step-by-Step Help
5,Configure the Buttons to Open Parts Table and Callback Method,2782,2783,Selecting an Option from a Drop-down List,10. Step-by-Step Help
2,Importing Data for the Simulation,2784,2875,10. Step-by-Step Help,10. Step-by-Step Help
3,Import Data for the Simulation,2784,2784,Importing Data for the Simulation,10. Step-by-Step Help
3,Importing and Exporting Data,2785,2820,Importing Data for the Simulation,10. Step-by-Step Help
4,Import and Export Data,2785,2785,Importing and Exporting Data,10. Step-by-Step Help
4,Import a Text File or an Object File into a List,2785,2787,Importing and Exporting Data,10. Step-by-Step Help
4,Import Data from a Microsoft Excel Worksheet,2788,2790,Importing and Exporting Data,10. Step-by-Step Help
4,"Import a List of Services, Shifts, etc. into an Object",2791,2792,Importing and Exporting Data,10. Step-by-Step Help
4,Importing Data in XML Format,2793,2798,Importing and Exporting Data,10. Step-by-Step Help
5,Import Data in XML Format,2793,2793,Importing Data in XML Format,10. Step-by-Step Help
5,"Select File Name, Context, and Import Method",2794,2794,Importing Data in XML Format,10. Step-by-Step Help
5,Read and Write Data Sequentially,2795,2795,Importing Data in XML Format,10. Step-by-Step Help
5,Read and Access Data Randomly,2796,2798,Importing Data in XML Format,10. Step-by-Step Help
5,Access and Traverse Data Randomly,2799,2799,Importing Data in XML Format,10. Step-by-Step Help
4,Importing Data from a Database,2799,2818,Importing and Exporting Data,10. Step-by-Step Help
5,Import Data from a Database,2799,2799,Importing Data from a Database,10. Step-by-Step Help
5,Importing Data from an ODBC Database,2800,2809,Importing Data from a Database,10. Step-by-Step Help
6,Import Data from an ODBC Database,2800,2800,Importing Data from an ODBC Database,10. Step-by-Step Help
6,Set the Data Source Up,2801,2802,Importing Data from an ODBC Database,10. Step-by-Step Help
6,Import Data into Your Simulation Model,2803,2807,Importing Data from an ODBC Database,10. Step-by-Step Help
6,Export Data to the Database,2808,2809,Importing Data from an ODBC Database,10. Step-by-Step Help
5,Import Data from an Oracle Database,2810,2811,Importing Data from a Database,10. Step-by-Step Help
5,Exchanging Data with an SQL Database,2812,2818,Importing Data from a Database,10. Step-by-Step Help
6,Exchange Data with an SQL Database,2812,2813,Exchanging Data with an SQL Database,10. Step-by-Step Help
6,Configure the Connection with the SQL Database,2814,2815,Exchanging Data with an SQL Database,10. Step-by-Step Help
6,Configure the Material Flow Through the Facility,2816,2817,Exchanging Data with an SQL Database,10. Step-by-Step Help
6,Import the Simulation Results From the Database and Show Them,2818,2818,Exchanging Data with an SQL Database,10. Step-by-Step Help
4,Import or Export Data in ANSI Format,2819,2820,Importing and Exporting Data,10. Step-by-Step Help
3,Displaying Data Stored in an External Program,2821,2827,Importing Data for the Simulation,10. Step-by-Step Help
4,Display Data Stored in an External Program,2821,2821,Displaying Data Stored in an External Program,10. Step-by-Step Help
4,Open Formatted Text from within the Model,2822,2823,Displaying Data Stored in an External Program,10. Step-by-Step Help
4,Open a Picture From Within the Model,2824,2824,Displaying Data Stored in an External Program,10. Step-by-Step Help
4,Open Documents From Office Applications and PDF Files,2825,2825,Displaying Data Stored in an External Program,10. Step-by-Step Help
4,Play a Video in Your Simulation Model,2826,2827,Displaying Data Stored in an External Program,10. Step-by-Step Help
3,Working with Lists and Tables,2828,2867,Importing Data for the Simulation,10. Step-by-Step Help
4,Work with Lists and Tables,2828,2828,Working with Lists and Tables,10. Step-by-Step Help
4,Set the Data Type of a Column,2829,2830,Working with Lists and Tables,10. Step-by-Step Help
4,Set the Dimension of a List,2831,2832,Working with Lists and Tables,10. Step-by-Step Help
4,Set Alignment and Colors of Cells,2833,2834,Working with Lists and Tables,10. Step-by-Step Help
4,"Insert, Cut and Delete Rows and Columns",2835,2836,Working with Lists and Tables,10. Step-by-Step Help
4,Work with Data in a List or Table,2837,2838,Working with Lists and Tables,10. Step-by-Step Help
4,Work with Data in the DataTable,2839,2840,Working with Lists and Tables,10. Step-by-Step Help
4,Accessing Data in Lists,2841,2847,Working with Lists and Tables,10. Step-by-Step Help
5,Access Data in Lists,2841,2841,Accessing Data in Lists,10. Step-by-Step Help
5,Set the Column Index,2842,2842,Accessing Data in Lists,10. Step-by-Step Help
5,Set the Row Index,2843,2843,Accessing Data in Lists,10. Step-by-Step Help
5,Create a User-defined Column and Row Index,2844,2844,Accessing Data in Lists,10. Step-by-Step Help
5,Set and Get the Upper Bound of a List,2845,2846,Accessing Data in Lists,10. Step-by-Step Help
5,Address Columns and Rows with Methods,2847,2847,Accessing Data in Lists,10. Step-by-Step Help
4,Search Lists with Methods,2848,2850,Working with Lists and Tables,10. Step-by-Step Help
4,Search Lists with the Find Dialog,2851,2851,Working with Lists and Tables,10. Step-by-Step Help
4,Create Lists within Lists and Tables,2852,2855,Working with Lists and Tables,10. Step-by-Step Help
4,"Sort DataList, DataTable, and TimeSequence",2856,2856,Working with Lists and Tables,10. Step-by-Step Help
4,Calculate Values with a Formula,2856,2858,Working with Lists and Tables,10. Step-by-Step Help
5,Access a Cell in a DataTable with @ in a Formula,2858,2858,Calculate Values with a Formula,10. Step-by-Step Help
5,Access a Cell in a Local Variable of Data Type Table with ? in a Formula,2858,2858,Calculate Values with a Formula,10. Step-by-Step Help
5,Access a Sublist with ?,2859,2859,Calculate Values with a Formula,10. Step-by-Step Help
5,Catch Runtime Errors in Formulas,2859,2859,Calculate Values with a Formula,10. Step-by-Step Help
4,Import or Export the Contents of a List,2859,2862,Working with Lists and Tables,10. Step-by-Step Help
4,Unshare a List or Data Table,2863,2865,Working with Lists and Tables,10. Step-by-Step Help
4,Open a List as a Dialog in the Foreground,2866,2867,Working with Lists and Tables,10. Step-by-Step Help
3,Exchange Data via a Network Socket,2868,2875,Importing Data for the Simulation,10. Step-by-Step Help
2,Setting Parameters in the Model,2876,2930,10. Step-by-Step Help,10. Step-by-Step Help
3,Set Parameters in the Model,2876,2876,Setting Parameters in the Model,10. Step-by-Step Help
3,Setting Parameters for Objects in Your Own Dialog,2877,2916,Setting Parameters in the Model,10. Step-by-Step Help
4,Set Parameters for Objects in Your Own Dialog,2877,2878,Setting Parameters for Objects in Your Own Dialog,10. Step-by-Step Help
4,Plan Layout and Structure of Your Dialog,2879,2881,Setting Parameters for Objects in Your Own Dialog,10. Step-by-Step Help
4,Design a Simple Dialog,2882,2897,Setting Parameters for Objects in Your Own Dialog,10. Step-by-Step Help
5,Design a Simple Dialog,2882,2884,Design a Simple Dialog,10. Step-by-Step Help
5,Add a Menu and Menu Commands,2885,2888,Design a Simple Dialog,10. Step-by-Step Help
5,Add a Static Text Box,2889,2889,Design a Simple Dialog,10. Step-by-Step Help
5,Add a Text Box,2890,2891,Design a Simple Dialog,10. Step-by-Step Help
5,Add a Drop-down List,2892,2892,Design a Simple Dialog,10. Step-by-Step Help
5,Add a Group Box Around Dialog Items,2893,2893,Design a Simple Dialog,10. Step-by-Step Help
5,Add a Set of Radio Buttons,2894,2895,Design a Simple Dialog,10. Step-by-Step Help
5,Add a Check Box,2896,2897,Design a Simple Dialog,10. Step-by-Step Help
4,Design a Tabbed Dialog,2898,2908,Setting Parameters for Objects in Your Own Dialog,10. Step-by-Step Help
5,Design a Tabbed Dialog,2898,2900,Design a Tabbed Dialog,10. Step-by-Step Help
5,Add a Tab Control,2901,2901,Design a Tabbed Dialog,10. Step-by-Step Help
5,Add Tabs to a Tab Control,2902,2902,Design a Tabbed Dialog,10. Step-by-Step Help
5,Add a List Box,2903,2904,Design a Tabbed Dialog,10. Step-by-Step Help
5,Add a List View,2905,2905,Design a Tabbed Dialog,10. Step-by-Step Help
5,Add a Button,2906,2906,Design a Tabbed Dialog,10. Step-by-Step Help
5,Add an Image,2907,2908,Design a Tabbed Dialog,10. Step-by-Step Help
4,Create a Dialog Dynamically,2909,2912,Setting Parameters for Objects in Your Own Dialog,10. Step-by-Step Help
4,Program Actions which the Dialog Items Execute,2913,2914,Setting Parameters for Objects in Your Own Dialog,10. Step-by-Step Help
4,Program Actions for Interacting with the Dialog,2915,2916,Setting Parameters for Objects in Your Own Dialog,10. Step-by-Step Help
3,Setting Parameters with the AttributeExplorer,2917,2930,Setting Parameters in the Model,10. Step-by-Step Help
4,Set Parameters with the AttributeExplorer,2917,2917,Setting Parameters with the AttributeExplorer,10. Step-by-Step Help
4,Specify the Objects You Want to Parametrize,2918,2919,Setting Parameters with the AttributeExplorer,10. Step-by-Step Help
4,Specify the Attributes You Want to View or Change,2920,2922,Setting Parameters with the AttributeExplorer,10. Step-by-Step Help
4,Select How to Show the Objects and the Names,2923,2928,Setting Parameters with the AttributeExplorer,10. Step-by-Step Help
4,Find Objects and Attributes,2929,2930,Setting Parameters with the AttributeExplorer,10. Step-by-Step Help
1,11. Objects Reference Help,2931,9104,,11. Objects Reference Help
2,Objects Reference Help,2931,2931,11. Objects Reference Help,11. Objects Reference Help
2,Material Flow Objects,2932,5576,11. Objects Reference Help,11. Objects Reference Help
3,Material Flow Objects,2932,2934,Material Flow Objects,11. Objects Reference Help
3,Shared Properties,2935,4220,Material Flow Objects,11. Objects Reference Help
4,Shared Properties of the Material Flow Objects,2935,2938,Shared Properties,11. Objects Reference Help
4,Time Consumption,2939,2940,Shared Properties,11. Objects Reference Help
4,Simulating Random Processes,2941,2944,Shared Properties,11. Objects Reference Help
4,Controls [general description],2945,2947,Shared Properties,11. Objects Reference Help
4,Capacity [general description],2948,2949,Shared Properties,11. Objects Reference Help
4,Behavior of Blocked Objects,2950,2950,Shared Properties,11. Objects Reference Help
4,Standard Transfer Behavior,2951,2951,Shared Properties,11. Objects Reference Help
4,Dialog Box of the Objects,2951,3389,Shared Properties,11. Objects Reference Help
5,Dialog Items of the Objects,2951,2954,Dialog Box of the Objects,11. Objects Reference Help
5,Inheritance,2955,2961,Dialog Box of the Objects,11. Objects Reference Help
6,Inheritance [general description],2955,2957,Inheritance,11. Objects Reference Help
6,Class [general description],2958,2959,Inheritance,11. Objects Reference Help
6,Subclass [general description],2960,2960,Inheritance,11. Objects Reference Help
6,Instance [general description],2961,2961,Inheritance,11. Objects Reference Help
5,Name [general description],2962,2963,Dialog Box of the Objects,11. Objects Reference Help
5,Label [general description],2964,2964,Dialog Box of the Objects,11. Objects Reference Help
5,Failed [check box] - material flow objects,2965,2966,Dialog Box of the Objects,11. Objects Reference Help
5,Paused/Planned/Unplanned [material flow objects],2967,2968,Dialog Box of the Objects,11. Objects Reference Help
5,Entrance Locked [material flow objects],2969,2969,Dialog Box of the Objects,11. Objects Reference Help
5,Exit Locked [material flow objects],2970,2970,Dialog Box of the Objects,11. Objects Reference Help
5,OK,2971,2971,Dialog Box of the Objects,11. Objects Reference Help
5,Cancel,2972,2972,Dialog Box of the Objects,11. Objects Reference Help
5,Apply,2973,2973,Dialog Box of the Objects,11. Objects Reference Help
5,Edit 3D Properties [button],2974,2974,Dialog Box of the Objects,11. Objects Reference Help
5,Context Menu of Text Boxes in Dialogs,2975,2983,Dialog Box of the Objects,11. Objects Reference Help
6,Context Menu of Text Boxes in Dialogs,2975,2975,Context Menu of Text Boxes in Dialogs,11. Objects Reference Help
6,Open Object [context menu],2976,2976,Context Menu of Text Boxes in Dialogs,11. Objects Reference Help
6,Create Control [context menu],2977,2978,Context Menu of Text Boxes in Dialogs,11. Objects Reference Help
6,Cut [from text box],2979,2979,Context Menu of Text Boxes in Dialogs,11. Objects Reference Help
6,Copy [contents of text box],2980,2980,Context Menu of Text Boxes in Dialogs,11. Objects Reference Help
6,Paste [to text box],2981,2981,Context Menu of Text Boxes in Dialogs,11. Objects Reference Help
6,Delete [contents of text box],2982,2982,Context Menu of Text Boxes in Dialogs,11. Objects Reference Help
6,Select All [in text box],2983,2983,Context Menu of Text Boxes in Dialogs,11. Objects Reference Help
5,Scroll to Tabs,2984,2984,Dialog Box of the Objects,11. Objects Reference Help
5,Tab Attributes [general description],2985,2985,Dialog Box of the Objects,11. Objects Reference Help
5,Tab Times,2986,3000,Dialog Box of the Objects,11. Objects Reference Help
6,Tab Times [general description],2986,2986,Tab Times,11. Objects Reference Help
6,Processing Time,2987,2991,Tab Times,11. Objects Reference Help
7,Processing Time [general description],2987,2989,Processing Time,11. Objects Reference Help
7,Automatic Processing,2990,2991,Processing Time,11. Objects Reference Help
6,Set-up Time [general description],2992,2993,Tab Times,11. Objects Reference Help
6,Recovery Time [general description],2994,2996,Tab Times,11. Objects Reference Help
6,Recovery Time Starts,2997,2998,Tab Times,11. Objects Reference Help
6,Cycle Time [general description],2999,3000,Tab Times,11. Objects Reference Help
5,Tab Set-Up,3001,3008,Dialog Box of the Objects,11. Objects Reference Help
6,Tab Set-Up [general description],3001,3002,Tab Set-Up,11. Objects Reference Help
6,Set-up For,3003,3003,Tab Set-Up,11. Objects Reference Help
6,Automatic Set-up,3004,3004,Tab Set-Up,11. Objects Reference Help
6,Set-up Only When Empty,3005,3005,Tab Set-Up,11. Objects Reference Help
6,Set-up After n Parts,3006,3007,Tab Set-Up,11. Objects Reference Help
6,Set-up Depends On,3008,3008,Tab Set-Up,11. Objects Reference Help
5,Tab Failures,3009,3042,Dialog Box of the Objects,11. Objects Reference Help
6,Tab Failures [general description],3009,3013,Tab Failures,11. Objects Reference Help
6,Active [check box] - failures,3014,3014,Tab Failures,11. Objects Reference Help
6,New Failure,3015,3038,Tab Failures,11. Objects Reference Help
7,New [failure],3015,3016,New Failure,11. Objects Reference Help
7,Name [failure],3017,3017,New Failure,11. Objects Reference Help
7,Failed [check box] - failure profile,3018,3018,New Failure,11. Objects Reference Help
7,Active [check box] - failure profile,3019,3019,New Failure,11. Objects Reference Help
7,Start [failure],3020,3021,New Failure,11. Objects Reference Help
7,Stop [failure],3022,3023,New Failure,11. Objects Reference Help
7,Interval [failure],3024,3025,New Failure,11. Objects Reference Help
7,Duration [failure],3026,3028,New Failure,11. Objects Reference Help
7,"Availability [failure, check box]",3029,3031,New Failure,11. Objects Reference Help
7,"Availability [failure, text box]",3032,3033,New Failure,11. Objects Reference Help
7,MTTR [material flow objects],3034,3036,New Failure,11. Objects Reference Help
7,Failure Relates To,3037,3038,New Failure,11. Objects Reference Help
6,Edit [failure],3039,3039,Tab Failures,11. Objects Reference Help
6,Delete [failure],3040,3040,Tab Failures,11. Objects Reference Help
6,List of Failure Profiles,3041,3042,Tab Failures,11. Objects Reference Help
5,Tab Controls,3043,3087,Dialog Box of the Objects,11. Objects Reference Help
6,Tab Controls [general description],3043,3045,Tab Controls,11. Objects Reference Help
6,Entrance Control,3046,3051,Tab Controls,11. Objects Reference Help
7,Entrance Control [general description],3046,3048,Entrance Control,11. Objects Reference Help
7,Before Actions,3049,3050,Entrance Control,11. Objects Reference Help
7,Front and Rear [entrance control],3051,3051,Entrance Control,11. Objects Reference Help
6,Exit Control,3052,3057,Tab Controls,11. Objects Reference Help
7,Exit Control [general description],3052,3055,Exit Control,11. Objects Reference Help
7,Exit Control Once,3056,3056,Exit Control,11. Objects Reference Help
7,Front and Rear [exit control],3057,3057,Exit Control,11. Objects Reference Help
6,Backward Entrance Control,3058,3061,Tab Controls,11. Objects Reference Help
7,Backward Entrance Control,3058,3060,Backward Entrance Control,11. Objects Reference Help
7,Front and Rear [backward entrance control],3061,3061,Backward Entrance Control,11. Objects Reference Help
6,Backward Exit Control,3062,3067,Tab Controls,11. Objects Reference Help
7,Backward Exit Control,3062,3065,Backward Exit Control,11. Objects Reference Help
7,Front and Rear [backward exit control],3066,3067,Backward Exit Control,11. Objects Reference Help
6,Set-up Control,3068,3069,Tab Controls,11. Objects Reference Help
6,Pull Control [general description],3070,3072,Tab Controls,11. Objects Reference Help
6,Shift Calendar [tab Controls],3073,3073,Tab Controls,11. Objects Reference Help
6,Sensors,3074,3087,Tab Controls,11. Objects Reference Help
7,Sensors [general description],3074,3076,Sensors,11. Objects Reference Help
7,New Sensor,3077,3086,Sensors,11. Objects Reference Help
8,New [sensor],3077,3077,New Sensor,11. Objects Reference Help
8,Sensor-ID,3078,3078,New Sensor,11. Objects Reference Help
8,Position [sensor],3079,3079,New Sensor,11. Objects Reference Help
8,Front [sensor],3080,3080,New Sensor,11. Objects Reference Help
8,Rear [sensor],3081,3081,New Sensor,11. Objects Reference Help
8,Booking Point [sensor],3081,3081,New Sensor,11. Objects Reference Help
8,Light Barrier Mode,3082,3082,New Sensor,11. Objects Reference Help
8,Lanes [sensor],3082,3082,New Sensor,11. Objects Reference Help
8,Activate [sensor],3083,3083,New Sensor,11. Objects Reference Help
8,Destination [sensor],3083,3083,New Sensor,11. Objects Reference Help
8,Control [sensor],3084,3086,New Sensor,11. Objects Reference Help
7,Edit [sensor],3087,3087,Sensors,11. Objects Reference Help
7,Delete [sensor],3088,3088,Sensors,11. Objects Reference Help
5,Tab Exit,3088,3130,Dialog Box of the Objects,11. Objects Reference Help
6,Tab Exit [general description],3088,3088,Tab Exit,11. Objects Reference Help
6,Blocking [exit strategy],3089,3089,Tab Exit,11. Objects Reference Help
6,Strategy,3089,3130,Tab Exit,11. Objects Reference Help
7,Strategy [material flow objects],3089,3092,Strategy,11. Objects Reference Help
7,Cyclic [described],3093,3094,Strategy,11. Objects Reference Help
7,Cyclic Sequence [described],3095,3097,Strategy,11. Objects Reference Help
7,Least Recent Demand [described],3098,3099,Strategy,11. Objects Reference Help
7,Linear Sequence [described],3100,3101,Strategy,11. Objects Reference Help
7,Max. Contents,3102,3103,Strategy,11. Objects Reference Help
7,Max. Num. In,3104,3105,Strategy,11. Objects Reference Help
7,Max. Proc. Time,3106,3106,Strategy,11. Objects Reference Help
7,Max. Rel. Occu.,3107,3108,Strategy,11. Objects Reference Help
7,Max. Set-up Time,3109,3110,Strategy,11. Objects Reference Help
7,Min. Contents,3111,3112,Strategy,11. Objects Reference Help
7,Min. Num. In,3113,3114,Strategy,11. Objects Reference Help
7,Min. Proc. Time,3115,3116,Strategy,11. Objects Reference Help
7,Min. Rel. Occu.,3117,3118,Strategy,11. Objects Reference Help
7,Min. Set-up Time,3119,3120,Strategy,11. Objects Reference Help
7,Most Recent Demand [described],3121,3122,Strategy,11. Objects Reference Help
7,MU Attribute [described],3123,3125,Strategy,11. Objects Reference Help
7,Percentage [described],3126,3127,Strategy,11. Objects Reference Help
7,Random [described],3128,3129,Strategy,11. Objects Reference Help
7,Start at Successor 1 [described],3130,3130,Strategy,11. Objects Reference Help
5,Tab Statistics,3131,3141,Dialog Box of the Objects,11. Objects Reference Help
6,Tab Statistics [material flow objects],3131,3135,Tab Statistics,11. Objects Reference Help
6,Resource Statistics [check box],3136,3136,Tab Statistics,11. Objects Reference Help
6,Resource Type,3137,3137,Tab Statistics,11. Objects Reference Help
6,Entrance Blocked,3138,3138,Tab Statistics,11. Objects Reference Help
6,Exit Blocked,3139,3140,Tab Statistics,11. Objects Reference Help
6,Energy Statistics [button],3141,3141,Tab Statistics,11. Objects Reference Help
5,Tab Importer,3142,3219,Dialog Box of the Objects,11. Objects Reference Help
6,Tab Importer [general description],3142,3144,Tab Importer,11. Objects Reference Help
6,Sub-tab Processing,3145,3162,Tab Importer,11. Objects Reference Help
7,Processing Importer,3145,3147,Sub-tab Processing,11. Objects Reference Help
7,Active [check box] - processing importer,3148,3148,Sub-tab Processing,11. Objects Reference Help
7,Services for Processing,3149,3151,Sub-tab Processing,11. Objects Reference Help
7,Can Be Interrupted and Drawn Off [processing importer],3152,3152,Sub-tab Processing,11. Objects Reference Help
7,Release All Services When One Of Them Is Failed [processing importer],3153,3153,Sub-tab Processing,11. Objects Reference Help
7,Priority [processing importer],3154,3154,Sub-tab Processing,11. Objects Reference Help
7,Broker [processing importer],3155,3155,Sub-tab Processing,11. Objects Reference Help
7,Request Control [processing importer],3156,3157,Sub-tab Processing,11. Objects Reference Help
7,Receive Control [processing importer],3158,3160,Sub-tab Processing,11. Objects Reference Help
7,Release Control [processing importer],3161,3162,Sub-tab Processing,11. Objects Reference Help
6,Sub-tab Set-up,3163,3182,Tab Importer,11. Objects Reference Help
7,Set-up Importer,3163,3164,Sub-tab Set-up,11. Objects Reference Help
7,Active [check box] - set-up importer,3165,3165,Sub-tab Set-up,11. Objects Reference Help
7,Common Resources [set-up importer],3166,3167,Sub-tab Set-up,11. Objects Reference Help
7,Services for Setting-up,3168,3170,Sub-tab Set-up,11. Objects Reference Help
7,Can Be Interrupted and Drawn Off [set-up importer],3171,3171,Sub-tab Set-up,11. Objects Reference Help
7,Release All Services When One Of Them Is Failed [set-up importer],3172,3172,Sub-tab Set-up,11. Objects Reference Help
7,Priority [set-up importer],3173,3173,Sub-tab Set-up,11. Objects Reference Help
7,Broker [set-up importer],3174,3174,Sub-tab Set-up,11. Objects Reference Help
7,Request Control [set-up importer],3175,3177,Sub-tab Set-up,11. Objects Reference Help
7,Receive Control [set-up importer],3178,3180,Sub-tab Set-up,11. Objects Reference Help
7,Release Control [set-up importer],3181,3182,Sub-tab Set-up,11. Objects Reference Help
6,Sub-tab Failure,3183,3199,Tab Importer,11. Objects Reference Help
7,Failure Importer,3183,3184,Sub-tab Failure,11. Objects Reference Help
7,Active [check box] - failure importer,3185,3185,Sub-tab Failure,11. Objects Reference Help
7,Services for Repairing,3186,3187,Sub-tab Failure,11. Objects Reference Help
7,Can Be Interrupted and Drawn Off [failure importer],3188,3188,Sub-tab Failure,11. Objects Reference Help
7,Release All Services When One Of Them Is Failed [failure importer],3189,3189,Sub-tab Failure,11. Objects Reference Help
7,Priority [failure importer],3190,3190,Sub-tab Failure,11. Objects Reference Help
7,Broker [failure importer],3191,3191,Sub-tab Failure,11. Objects Reference Help
7,Request Control [failure importer],3192,3194,Sub-tab Failure,11. Objects Reference Help
7,Receive Control [failure importer],3195,3197,Sub-tab Failure,11. Objects Reference Help
7,Release Control [failure importer],3198,3199,Sub-tab Failure,11. Objects Reference Help
6,Sub-tab Transport,3200,3219,Tab Importer,11. Objects Reference Help
7,Transport Importer,3200,3202,Sub-tab Transport,11. Objects Reference Help
7,Active [check box] - transport importer,3203,3203,Sub-tab Transport,11. Objects Reference Help
7,Services for Carrying Parts Away [transport importer],3204,3205,Sub-tab Transport,11. Objects Reference Help
7,Can Be Interrupted and Drawn Off [transport importer],3206,3206,Sub-tab Transport,11. Objects Reference Help
7,Wait for Free Target [transport importer],3207,3207,Sub-tab Transport,11. Objects Reference Help
7,Priority [transport importer],3208,3208,Sub-tab Transport,11. Objects Reference Help
7,Broker [transport importer],3209,3209,Sub-tab Transport,11. Objects Reference Help
7,Request Control [transport importer],3210,3212,Sub-tab Transport,11. Objects Reference Help
7,Receive Control [transport importer],3213,3215,Sub-tab Transport,11. Objects Reference Help
7,Release Control [transport importer],3216,3218,Sub-tab Transport,11. Objects Reference Help
7,MU Target,3219,3219,Sub-tab Transport,11. Objects Reference Help
7,Maximum Dwell Time [transport importer],3220,3220,Sub-tab Transport,11. Objects Reference Help
5,Tab Energy,3220,3243,Dialog Box of the Objects,11. Objects Reference Help
6,Tab Energy [general description],3220,3222,Tab Energy,11. Objects Reference Help
6,Active [check box] - energy,3223,3223,Tab Energy,11. Objects Reference Help
6,Power Input,3223,3228,Tab Energy,11. Objects Reference Help
7,Power Input,3223,3223,Power Input,11. Objects Reference Help
7,Working [energy],3224,3224,Power Input,11. Objects Reference Help
7,Setting-up [energy],3225,3225,Power Input,11. Objects Reference Help
7,Operational [energy],3226,3226,Power Input,11. Objects Reference Help
7,Failed [text box] - energy,3227,3227,Power Input,11. Objects Reference Help
7,Standby,3228,3228,Power Input,11. Objects Reference Help
7,Off,3229,3229,Power Input,11. Objects Reference Help
6,Transition Times,3229,3234,Tab Energy,11. Objects Reference Help
7,Transition Times,3229,3229,Transition Times,11. Objects Reference Help
7,Operational to Off,3230,3230,Transition Times,11. Objects Reference Help
7,Off to Operational,3231,3231,Transition Times,11. Objects Reference Help
7,Operational to Standby,3232,3232,Transition Times,11. Objects Reference Help
7,Standby to Operational,3233,3233,Transition Times,11. Objects Reference Help
7,Standby to Off,3234,3234,Transition Times,11. Objects Reference Help
7,Off to Standby,3235,3235,Transition Times,11. Objects Reference Help
6,State Transition,3235,3242,Tab Energy,11. Objects Reference Help
7,State Transition,3235,3235,State Transition,11. Objects Reference Help
7,Pause,3235,3238,State Transition,11. Objects Reference Help
8,Pause [energy],3235,3236,Pause,11. Objects Reference Help
8,Start [energy pause],3237,3237,Pause,11. Objects Reference Help
8,End [energy pause],3238,3238,Pause,11. Objects Reference Help
8,Power Up Early [energy pause],3239,3239,Pause,11. Objects Reference Help
7,Unplanned,3239,3242,State Transition,11. Objects Reference Help
8,Unplanned [energy],3239,3239,Unplanned,11. Objects Reference Help
8,Start [energy unplanned],3240,3240,Unplanned,11. Objects Reference Help
8,End [energy unplanned],3241,3241,Unplanned,11. Objects Reference Help
8,Power Up Early [energy unplanned],3242,3242,Unplanned,11. Objects Reference Help
6,State,3243,3243,Tab Energy,11. Objects Reference Help
6,States of the Energy Features,3244,3244,Tab Energy,11. Objects Reference Help
5,Tab Costs,3244,3250,Dialog Box of the Objects,11. Objects Reference Help
6,Tab Costs [material flow objects],3244,3245,Tab Costs,11. Objects Reference Help
6,"Active [check box] - costs, material flow objects",3246,3246,Tab Costs,11. Objects Reference Help
6,Depreciation Period [text box],3247,3247,Tab Costs,11. Objects Reference Help
6,Investment Costs [text box],3248,3248,Tab Costs,11. Objects Reference Help
6,Investment Costs per Length [text box],3249,3249,Tab Costs,11. Objects Reference Help
6,Operating Costs [text box],3250,3250,Tab Costs,11. Objects Reference Help
6,Operating Costs per Length [text box],3251,3251,Tab Costs,11. Objects Reference Help
5,Tab User-defined,3251,3297,Dialog Box of the Objects,11. Objects Reference Help
6,User-defined Attributes [general description],3251,3255,Tab User-defined,11. Objects Reference Help
6,New User-defined Attribute,3256,3296,Tab User-defined,11. Objects Reference Help
7,New [user-defined attribute],3256,3258,New User-defined Attribute,11. Objects Reference Help
7,Name [user-defined attribute],3259,3259,New User-defined Attribute,11. Objects Reference Help
7,Show in 3D [user-defined attribute],3260,3264,New User-defined Attribute,11. Objects Reference Help
7,Tab Value,3265,3270,New User-defined Attribute,11. Objects Reference Help
8,Tab Value [user-defined attribute],3265,3265,Tab Value,11. Objects Reference Help
8,Data Type [user-defined attribute],3266,3267,Tab Value,11. Objects Reference Help
8,Value [user-defined attribute],3268,3269,Tab Value,11. Objects Reference Help
8,Initial Value [user-defined attribute],3270,3270,Tab Value,11. Objects Reference Help
8,Show in Tooltip,3271,3271,Tab Value,11. Objects Reference Help
7,Tab Transformation,3271,3277,New User-defined Attribute,11. Objects Reference Help
8,Transformation [user-defined attribute],3271,3272,Tab Transformation,11. Objects Reference Help
8,Settings for the Position [user-defined attribute],3273,3273,Tab Transformation,11. Objects Reference Help
8,Settings for the Rotation,3274,3276,Tab Transformation,11. Objects Reference Help
9,Settings for the Rotation [user-defined attribute],3274,3275,Settings for the Rotation,11. Objects Reference Help
9,Add Rotation [Buffer],3276,3276,Settings for the Rotation,11. Objects Reference Help
8,Settings for the Scale [user-defined attribute],3277,3277,Tab Transformation,11. Objects Reference Help
7,Tab Display,3278,3290,New User-defined Attribute,11. Objects Reference Help
8,Tab Display [user-defined attribute],3278,3278,Tab Display,11. Objects Reference Help
8,Font Size [user-defined attribute],3279,3279,Tab Display,11. Objects Reference Help
8,Font Color [user-defined attribute],3280,3280,Tab Display,11. Objects Reference Help
8,Background Color [user-defined attribute],3281,3281,Tab Display,11. Objects Reference Help
8,Alignment [user-defined attribute],3282,3283,Tab Display,11. Objects Reference Help
8,Decimal Places [text box] - user-defined attribute,3284,3284,Tab Display,11. Objects Reference Help
8,Integer Places [text box] - user-defined attribute,3285,3285,Tab Display,11. Objects Reference Help
8,Transparent [user-defined attribute],3286,3286,Tab Display,11. Objects Reference Help
8,Show Units [user-defined attribute],3287,3288,Tab Display,11. Objects Reference Help
8,Show Data Type [user-defined attribute],3289,3289,Tab Display,11. Objects Reference Help
8,Show Name [user-defined attribute],3290,3290,Tab Display,11. Objects Reference Help
8,Show Externally,3291,3291,Tab Display,11. Objects Reference Help
7,Tab Statistics,3291,3296,New User-defined Attribute,11. Objects Reference Help
8,Tab Statistics [user-defined attribute],3291,3292,Tab Statistics,11. Objects Reference Help
8,Active [check box] - user-defined attribute,3293,3293,Tab Statistics,11. Objects Reference Help
8,Statistics Table [user-defined attribute],3294,3294,Tab Statistics,11. Objects Reference Help
8,Charts [user-defined attribute],3295,3295,Tab Statistics,11. Objects Reference Help
8,Frequency Histogram [user-defined attribute],3296,3296,Tab Statistics,11. Objects Reference Help
6,Edit [user-defined attribute],3297,3297,Tab User-defined,11. Objects Reference Help
6,Delete [user-defined attribute],3298,3298,Tab User-defined,11. Objects Reference Help
5,Navigate Menu,3298,3303,Dialog Box of the Objects,11. Objects Reference Help
6,Navigate Menu [general description],3298,3298,Navigate Menu,11. Objects Reference Help
6,Open Location [described],3299,3299,Navigate Menu,11. Objects Reference Help
6,Open Origin [described],3300,3300,Navigate Menu,11. Objects Reference Help
6,Go to Origin [described],3301,3301,Navigate Menu,11. Objects Reference Help
6,Open Class [described],3302,3302,Navigate Menu,11. Objects Reference Help
6,Go to Class [described],3303,3303,Navigate Menu,11. Objects Reference Help
6,Edit 3D Properties [on Navigate menu],3304,3304,Navigate Menu,11. Objects Reference Help
5,View Menu,3304,3322,Dialog Box of the Objects,11. Objects Reference Help
6,View Menu [general description],3304,3304,View Menu,11. Objects Reference Help
6,Refresh [on View menu],3305,3305,View Menu,11. Objects Reference Help
6,Show Statistics Report [on View menu],3306,3306,View Menu,11. Objects Reference Help
6,Show Attributes and Methods [on View menu],3307,3307,View Menu,11. Objects Reference Help
6,Contents [material flow objects],3308,3311,View Menu,11. Objects Reference Help
6,Contents and Reserved Places,3312,3313,View Menu,11. Objects Reference Help
6,Forward Blocking List,3314,3315,View Menu,11. Objects Reference Help
6,Exit Blocking List,3316,3316,View Menu,11. Objects Reference Help
6,Backward Blocking List,3317,3317,View Menu,11. Objects Reference Help
6,Exporters [on View menu],3318,3318,View Menu,11. Objects Reference Help
6,Services [on View menu],3319,3319,View Menu,11. Objects Reference Help
6,Unavailable Services [on View menu],3320,3320,View Menu,11. Objects Reference Help
6,Associated Workplaces [on View menu],3321,3321,View Menu,11. Objects Reference Help
6,Associated Lockout Zones,3322,3322,View Menu,11. Objects Reference Help
6,Associated Shift Calendar,3323,3323,View Menu,11. Objects Reference Help
5,Tools Menu,3323,3387,Dialog Box of the Objects,11. Objects Reference Help
6,Tools Menu [general description],3323,3323,Tools Menu,11. Objects Reference Help
6,Edit Controls,3323,3377,Tools Menu,11. Objects Reference Help
7,Edit Controls [material flow objects],3323,3327,Edit Controls,11. Objects Reference Help
7,Select Object [for controls],3328,3330,Edit Controls,11. Objects Reference Help
7,Change Path Control,3331,3333,Edit Controls,11. Objects Reference Help
7,Close Control,3334,3335,Edit Controls,11. Objects Reference Help
7,Connect Control,3336,3338,Edit Controls,11. Objects Reference Help
7,Constructor Control,3339,3340,Edit Controls,11. Objects Reference Help
7,Destructor Control,3341,3342,Edit Controls,11. Objects Reference Help
7,Drag-and-Drop Control,3343,3346,Edit Controls,11. Objects Reference Help
7,Fail Control [material flow objects],3347,3349,Edit Controls,11. Objects Reference Help
7,Init Control [general description],3350,3351,Edit Controls,11. Objects Reference Help
7,Move in Frame Control,3352,3353,Edit Controls,11. Objects Reference Help
7,Move to Folder Control,3354,3355,Edit Controls,11. Objects Reference Help
7,Open Control,3356,3359,Edit Controls,11. Objects Reference Help
7,Pause Control [material flow objects],3360,3362,Edit Controls,11. Objects Reference Help
7,Permit Delete Control,3363,3364,Edit Controls,11. Objects Reference Help
7,Plausibility Control,3365,3366,Edit Controls,11. Objects Reference Help
7,Relabel Control,3367,3369,Edit Controls,11. Objects Reference Help
7,Rename Control,3370,3372,Edit Controls,11. Objects Reference Help
7,Select Control,3373,3374,Edit Controls,11. Objects Reference Help
7,Unplanned Control,3375,3377,Edit Controls,11. Objects Reference Help
6,Edit Observers,3378,3384,Tools Menu,11. Objects Reference Help
7,Edit Observers [general description],3378,3380,Edit Observers,11. Objects Reference Help
7,New [observer],3381,3382,Edit Observers,11. Objects Reference Help
7,Edit [observer],3383,3383,Edit Observers,11. Objects Reference Help
7,Delete [observer],3384,3384,Edit Observers,11. Objects Reference Help
6,Inherit 'Entrance/Exit Locked' On Reset,3385,3386,Tools Menu,11. Objects Reference Help
6,Random Seed Value,3387,3387,Tools Menu,11. Objects Reference Help
5,Tabs Menu,3388,3388,Dialog Box of the Objects,11. Objects Reference Help
6,Tabs Menu,3388,3388,Tabs Menu,11. Objects Reference Help
5,Help Menu,3388,3389,Dialog Box of the Objects,11. Objects Reference Help
6,Help Menu [in object dialogs],3388,3389,Help Menu,11. Objects Reference Help
4,States of the Material Flow Objects,3390,3390,Shared Properties,11. Objects Reference Help
4,Statistics of the Material Flow Objects,3391,3467,Shared Properties,11. Objects Reference Help
5,Statistics of the Material Flow Objects,3391,3392,Statistics of the Material Flow Objects,11. Objects Reference Help
5,Statistics Collection Period [material flow objects],3393,3393,Statistics of the Material Flow Objects,11. Objects Reference Help
5,Resource Statistics,3394,3412,Statistics of the Material Flow Objects,11. Objects Reference Help
6,Resource Statistics [material flow objects],3394,3397,Resource Statistics,11. Objects Reference Help
6,"Working [state, material flow objects]",3398,3399,Resource Statistics,11. Objects Reference Help
6,"Setting-Up [state, material flow objects]",3400,3400,Resource Statistics,11. Objects Reference Help
6,"Waiting [state, material flow objects]",3401,3402,Resource Statistics,11. Objects Reference Help
6,"Blocked [state, material flow objects]",3403,3403,Resource Statistics,11. Objects Reference Help
6,"Powering up/down [state, material flow objects]",3404,3404,Resource Statistics,11. Objects Reference Help
6,Failed [state - material flow objects],3405,3406,Resource Statistics,11. Objects Reference Help
6,"Stopped [state, material flow objects]",3407,3407,Resource Statistics,11. Objects Reference Help
6,"Paused [state, material flow objects]",3408,3409,Resource Statistics,11. Objects Reference Help
6,"Unplanned [state, material flow objects]",3410,3410,Resource Statistics,11. Objects Reference Help
6,"Empty [state, material flow objects]",3411,3411,Resource Statistics,11. Objects Reference Help
6,Relative Occupation,3412,3412,Resource Statistics,11. Objects Reference Help
5,Statistics Report,3413,3467,Statistics of the Material Flow Objects,11. Objects Reference Help
6,Statistics Report [described],3413,3414,Statistics Report,11. Objects Reference Help
6,Resource Statistics of Stationary Resources,3415,3432,Statistics Report,11. Objects Reference Help
7,Resource Statistics of Stationary Resources,3415,3416,Resource Statistics of Stationary Resources,11. Objects Reference Help
7,Portions of the States which Accrued During the Statistics Collection Period,3417,3418,Resource Statistics of Stationary Resources,11. Objects Reference Help
7,Material Flow Properties [material flow objects],3419,3420,Resource Statistics of Stationary Resources,11. Objects Reference Help
7,Working Time,3421,3421,Resource Statistics of Stationary Resources,11. Objects Reference Help
7,Set-up Time [statistics report],3422,3422,Resource Statistics of Stationary Resources,11. Objects Reference Help
7,Waiting Time,3423,3423,Resource Statistics of Stationary Resources,11. Objects Reference Help
7,Blocked Time,3424,3424,Resource Statistics of Stationary Resources,11. Objects Reference Help
7,Powering up/down Time,3425,3425,Resource Statistics of Stationary Resources,11. Objects Reference Help
7,Stopped Time,3426,3426,Resource Statistics of Stationary Resources,11. Objects Reference Help
7,Failed Time,3427,3427,Resource Statistics of Stationary Resources,11. Objects Reference Help
7,Paused Time,3428,3428,Resource Statistics of Stationary Resources,11. Objects Reference Help
7,Empty Time [material flow objects],3429,3429,Resource Statistics of Stationary Resources,11. Objects Reference Help
7,Rotation Time,3430,3431,Resource Statistics of Stationary Resources,11. Objects Reference Help
7,Moving Time [statistics report],3432,3432,Resource Statistics of Stationary Resources,11. Objects Reference Help
6,Energy Statistics — Energy Statistics,3433,3433,Statistics Report,11. Objects Reference Help
6,Resource Statistics of Moving Resources,3434,3436,Statistics Report,11. Objects Reference Help
7,Resource Statistics of Moving Resources,3434,3435,Resource Statistics of Moving Resources,11. Objects Reference Help
7,Material Flow Properties [MUs],3436,3436,Resource Statistics of Moving Resources,11. Objects Reference Help
7,Empty Time [MUs],3437,3437,Resource Statistics of Moving Resources,11. Objects Reference Help
6,Resource Statistics of the Drain,3437,3441,Statistics Report,11. Objects Reference Help
7,Resource Statistics of the Drain,3437,3437,Resource Statistics of the Drain,11. Objects Reference Help
7,Cumulated Statistics of the Parts which the Drain Removed From the Plant,3438,3439,Resource Statistics of the Drain,11. Objects Reference Help
7,Part Types Which the Drain Removed From the Plant,3440,3440,Resource Statistics of the Drain,11. Objects Reference Help
7,Detailed Statistics of the Part Types which the Drain Deleted,3441,3441,Resource Statistics of the Drain,11. Objects Reference Help
6,Importer Statistics,3442,3448,Statistics Report,11. Objects Reference Help
7,Importer Statistics,3442,3443,Importer Statistics,11. Objects Reference Help
7,Importers Waiting for Services and Parts,3444,3444,Importer Statistics,11. Objects Reference Help
7,Waiting Times for Services and Parts,3445,3446,Importer Statistics,11. Objects Reference Help
7,Waiting Times for Parts,3447,3447,Importer Statistics,11. Objects Reference Help
7,Waiting Times for Set-up Exporters,3448,3448,Importer Statistics,11. Objects Reference Help
6,Exporter and Worker Statistics,3449,3453,Statistics Report,11. Objects Reference Help
7,Exporter and Worker Statistics,3449,3449,Exporter and Worker Statistics,11. Objects Reference Help
7,Service Statistics — States — Capacities and States of the Exporters,3450,3450,Exporter and Worker Statistics,11. Objects Reference Help
7,Service Statistics — States — Time Portions of the Exporters,3451,3452,Exporter and Worker Statistics,11. Objects Reference Help
7,Worker Statistics — Traveled Distance by Workers,3453,3453,Exporter and Worker Statistics,11. Objects Reference Help
6,Broker Statistics [described],3454,3455,Statistics Report,11. Objects Reference Help
6,Product Statistics of the MUs,3456,3461,Statistics Report,11. Objects Reference Help
7,Product Statistics of the MUs [statistics report],3456,3456,Product Statistics of the MUs,11. Objects Reference Help
7,Cumulated Statistics of the Classes,3457,3459,Product Statistics of the MUs,11. Objects Reference Help
8,Cumulated Statistics of the Classes,3457,3457,Cumulated Statistics of the Classes,11. Objects Reference Help
8,Mean Time Portions of a MU Class of the Mean Life Time,3458,3459,Cumulated Statistics of the Classes,11. Objects Reference Help
7,Statistics of the Individual MUs,3460,3461,Product Statistics of the MUs,11. Objects Reference Help
6,Driving Statistics of the Transporter,3462,3467,Statistics Report,11. Objects Reference Help
7,Driving Statistics of the Transporter [statistics report],3462,3462,Driving Statistics of the Transporter,11. Objects Reference Help
7,Usage of the Transporters,3463,3463,Driving Statistics of the Transporter,11. Objects Reference Help
7,Ready-Times,3464,3464,Driving Statistics of the Transporter,11. Objects Reference Help
7,Failures [Transporter],3465,3465,Driving Statistics of the Transporter,11. Objects Reference Help
7,Pauses [Transporter],3466,3466,Driving Statistics of the Transporter,11. Objects Reference Help
7,Traveled Distance,3467,3467,Driving Statistics of the Transporter,11. Objects Reference Help
7,Battery [statistics],3468,3468,Driving Statistics of the Transporter,11. Objects Reference Help
4,Times and Distributions,3468,3559,Shared Properties,11. Objects Reference Help
5,Times and Distributions,3468,3469,Times and Distributions,11. Objects Reference Help
5,Format of Time and Date,3470,3470,Times and Distributions,11. Objects Reference Help
5,Probability Distributions,3470,3511,Times and Distributions,11. Objects Reference Help
6,Probability Distributions,3470,3473,Probability Distributions,11. Objects Reference Help
6,"Beta [distribution], z_beta [SimTalk]",3474,3476,Probability Distributions,11. Objects Reference Help
6,"Binomial [distribution], z_binomial [SimTalk]",3477,3479,Probability Distributions,11. Objects Reference Help
6,Const [distribution],3480,3480,Probability Distributions,11. Objects Reference Help
6,"Erlang [distribution], z_erlang [SimTalk]",3481,3483,Probability Distributions,11. Objects Reference Help
6,"Gamma [distribution], z_gamma [SimTalk]",3484,3486,Probability Distributions,11. Objects Reference Help
6,"Geom [distribution], z_geom [SimTalk]",3487,3488,Probability Distributions,11. Objects Reference Help
6,"Hypgeo [distribution], z_hypgeom [SimTalk]",3489,3491,Probability Distributions,11. Objects Reference Help
6,"Lognorm [distribution], z_lognorm [SimTalk]",3492,3494,Probability Distributions,11. Objects Reference Help
6,"Negexp [distribution], z_negexp [SimTalk]",3495,3497,Probability Distributions,11. Objects Reference Help
6,"Normal [distribution], z_normal [SimTalk]",3498,3500,Probability Distributions,11. Objects Reference Help
6,"Poisson [distribution], z_poisson [SimTalk]",3501,3503,Probability Distributions,11. Objects Reference Help
6,"Triangle [distribution], z_triangle [SimTalk]",3504,3506,Probability Distributions,11. Objects Reference Help
6,"Uniform [distribution], z_uniform [SimTalk]",3507,3509,Probability Distributions,11. Objects Reference Help
6,"Weibull [distribution], z_weibull [SimTalk]",3510,3511,Probability Distributions,11. Objects Reference Help
5,User-defined Distributions,3512,3519,Times and Distributions,11. Objects Reference Help
6,User-defined Distributions,3512,3513,User-defined Distributions,11. Objects Reference Help
6,Formula [distribution],3514,3515,User-defined Distributions,11. Objects Reference Help
6,List(Place) [distribution],3516,3516,User-defined Distributions,11. Objects Reference Help
6,List(Type) [distribution],3517,3518,User-defined Distributions,11. Objects Reference Help
6,Matrix(Type) [distribution],3519,3519,User-defined Distributions,11. Objects Reference Help
5,Empirical Distributions,3520,3527,Times and Distributions,11. Objects Reference Help
6,Empirical Distributions,3520,3521,Empirical Distributions,11. Objects Reference Help
6,"cEmp [continuous empirical distribution], z_cEmp [SimTalk]",3522,3523,Empirical Distributions,11. Objects Reference Help
6,"dEmp [discrete empirical distribution], z_dEmp [SimTalk]",3524,3525,Empirical Distributions,11. Objects Reference Help
6,"Emp [primitive empirical distribution], z_emp [SimTalk]",3526,3527,Empirical Distributions,11. Objects Reference Help
5,Bounding Probability Distribution Functions,3528,3528,Times and Distributions,11. Objects Reference Help
5,Parameters of the Distributions,3528,3555,Times and Distributions,11. Objects Reference Help
6,Parameters of the Distributions,3528,3532,Parameters of the Distributions,11. Objects Reference Help
6,a [SimTalk],3533,3533,Parameters of the Distributions,11. Objects Reference Help
6,Alpha [SimTalk],3534,3534,Parameters of the Distributions,11. Objects Reference Help
6,Alpha1 [SimTalk],3535,3535,Parameters of the Distributions,11. Objects Reference Help
6,Alpha2 [SimTalk],3536,3536,Parameters of the Distributions,11. Objects Reference Help
6,b [SimTalk],3537,3537,Parameters of the Distributions,11. Objects Reference Help
6,Beta [SimTalk],3538,3538,Parameters of the Distributions,11. Objects Reference Help
6,c [SimTalk],3539,3539,Parameters of the Distributions,11. Objects Reference Help
6,Lambda [SimTalk],3540,3540,Parameters of the Distributions,11. Objects Reference Help
6,LowerBound [SimTalk] - distribution parameter,3541,3542,Parameters of the Distributions,11. Objects Reference Help
6,m [SimTalk],3543,3543,Parameters of the Distributions,11. Objects Reference Help
6,Mu [SimTalk] - distribution parameter,3544,3544,Parameters of the Distributions,11. Objects Reference Help
6,n [SimTalk],3545,3545,Parameters of the Distributions,11. Objects Reference Help
6,p [SimTalk],3546,3546,Parameters of the Distributions,11. Objects Reference Help
6,Sigma [SimTalk],3547,3547,Parameters of the Distributions,11. Objects Reference Help
6,Start [SimTalk] - distribution parameter,3548,3548,Parameters of the Distributions,11. Objects Reference Help
6,Stop [SimTalk] - distribution parameter,3549,3549,Parameters of the Distributions,11. Objects Reference Help
6,Stream [SimTalk] - distribution parameter,3550,3550,Parameters of the Distributions,11. Objects Reference Help
6,Theta [SimTalk],3551,3551,Parameters of the Distributions,11. Objects Reference Help
6,Type [SimTalk] - distribution parameter,3552,3554,Parameters of the Distributions,11. Objects Reference Help
6,UpperBound [SimTalk] - distribution parameter,3555,3555,Parameters of the Distributions,11. Objects Reference Help
5,Methods of the Distributions,3556,3559,Times and Distributions,11. Objects Reference Help
6,Methods of the Distributions,3556,3556,Methods of the Distributions,11. Objects Reference Help
6,getAttr [SimTalk],3557,3557,Methods of the Distributions,11. Objects Reference Help
6,putAttributeNamesIntoTable [SimTalk] - distributions,3558,3558,Methods of the Distributions,11. Objects Reference Help
6,setTypeAndAttr [SimTalk],3559,3559,Methods of the Distributions,11. Objects Reference Help
4,Methods of All Objects,3560,3660,Shared Properties,11. Objects Reference Help
5,Methods of All Objects,3560,3561,Methods of All Objects,11. Objects Reference Help
5,General Methods,3562,3601,Methods of All Objects,11. Objects Reference Help
6,_General Methods,3562,3563,General Methods,11. Objects Reference Help
6,addObserver [SimTalk],3564,3565,General Methods,11. Objects Reference Help
6,attributeWatchable [SimTalk],3566,3567,General Methods,11. Objects Reference Help
6,closeDialog [SimTalk] - all objects,3568,3568,General Methods,11. Objects Reference Help
6,deleteObject [SimTalk],3569,3570,General Methods,11. Objects Reference Help
6,derive [SimTalk],3571,3572,General Methods,11. Objects Reference Help
6,duplicate [SimTalk],3573,3574,General Methods,11. Objects Reference Help
6,extendPath [SimTalk],3575,3575,General Methods,11. Objects Reference Help
6,getHTMLCode [SimTalk] - all objects,3576,3579,General Methods,11. Objects Reference Help
6,getObservers [SimTalk],3580,3581,General Methods,11. Objects Reference Help
6,getXYWH [SimTalk],3582,3582,General Methods,11. Objects Reference Help
6,isNameUnique [SimTalk] - identifier,3583,3584,General Methods,11. Objects Reference Help
6,memUsage [SimTalk],3585,3586,General Methods,11. Objects Reference Help
6,moveToFolder [SimTalk],3587,3587,General Methods,11. Objects Reference Help
6,openDialog [SimTalk] - all objects,3588,3589,General Methods,11. Objects Reference Help
6,removeAllObservers [SimTalk],3590,3590,General Methods,11. Objects Reference Help
6,removeObserver [SimTalk],3591,3591,General Methods,11. Objects Reference Help
6,replace [SimTalk],3592,3593,General Methods,11. Objects Reference Help
6,setName [SimTalk],3594,3595,General Methods,11. Objects Reference Help
6,setPosition [SimTalk],3596,3596,General Methods,11. Objects Reference Help
6,setXYWH [SimTalk],3597,3598,General Methods,11. Objects Reference Help
6,showObject [SimTalk],3599,3599,General Methods,11. Objects Reference Help
6,updateDialog [SimTalk],3600,3600,General Methods,11. Objects Reference Help
6,writeObject [SimTalk],3601,3601,General Methods,11. Objects Reference Help
5,Methods for Object Icons,3602,3616,Methods of All Objects,11. Objects Reference Help
6,_Methods of Object Icons,3602,3603,Methods for Object Icons,11. Objects Reference Help
6,createIcon [SimTalk],3604,3605,Methods for Object Icons,11. Objects Reference Help
6,deleteIcon [SimTalk],3606,3606,Methods for Object Icons,11. Objects Reference Help
6,existsIcon [SimTalk],3607,3607,Methods for Object Icons,11. Objects Reference Help
6,getIconSize [SimTalk],3608,3608,Methods for Object Icons,11. Objects Reference Help
6,getPixel [SimTalk],3609,3609,Methods for Object Icons,11. Objects Reference Help
6,putIconToClipboard [SimTalk],3610,3610,Methods for Object Icons,11. Objects Reference Help
6,saveIconToFile [SimTalk],3611,3611,Methods for Object Icons,11. Objects Reference Help
6,setCurrIconFromClipboard [SimTalk],3612,3613,Methods for Object Icons,11. Objects Reference Help
6,setIconFromFile [SimTalk],3614,3614,Methods for Object Icons,11. Objects Reference Help
6,setIconSize [SimTalk],3615,3615,Methods for Object Icons,11. Objects Reference Help
6,setPixel [SimTalk],3616,3616,Methods for Object Icons,11. Objects Reference Help
5,"Methods for the Location, Predecessor, and Successor",3617,3624,Methods of All Objects,11. Objects Reference Help
6,"_Methods for the Location, Predecessor, and Successor",3617,3618,"Methods for the Location, Predecessor, and Successor",11. Objects Reference Help
6,pred [SimTalk] - general description,3619,3620,"Methods for the Location, Predecessor, and Successor",11. Objects Reference Help
6,predConnector [SimTalk] - general description,3621,3621,"Methods for the Location, Predecessor, and Successor",11. Objects Reference Help
6,succ [SimTalk] - general description,3622,3623,"Methods for the Location, Predecessor, and Successor",11. Objects Reference Help
6,succConnector [SimTalk] - general description,3624,3624,"Methods for the Location, Predecessor, and Successor",11. Objects Reference Help
5,Methods for Managing Inheritance Relations,3625,3628,Methods of All Objects,11. Objects Reference Help
6,_Methods for Managing Inheritance Relations,3625,3625,Methods for Managing Inheritance Relations,11. Objects Reference Help
6,childNo [SimTalk],3626,3626,Methods for Managing Inheritance Relations,11. Objects Reference Help
6,hasAttribute [SimTalk] - objects,3627,3627,Methods for Managing Inheritance Relations,11. Objects Reference Help
6,inheritAttribute [SimTalk] - object,3628,3628,Methods for Managing Inheritance Relations,11. Objects Reference Help
6,typeOf [SimTalk],3629,3629,Methods for Managing Inheritance Relations,11. Objects Reference Help
5,Methods for Managing Attributes,3629,3639,Methods of All Objects,11. Objects Reference Help
6,_Methods for Managing Attributes,3629,3630,Methods for Managing Attributes,11. Objects Reference Help
6,getAttribute [SimTalk] - object,3631,3632,Methods for Managing Attributes,11. Objects Reference Help
6,getSubAttribute [SimTalk],3633,3634,Methods for Managing Attributes,11. Objects Reference Help
6,putAttributeNamesIntoTable [SimTalk] - objects,3635,3637,Methods for Managing Attributes,11. Objects Reference Help
6,setAttribute [SimTalk] - object,3638,3638,Methods for Managing Attributes,11. Objects Reference Help
6,setSubAttribute [SimTalk],3639,3639,Methods for Managing Attributes,11. Objects Reference Help
5,Methods for Managing User-defined Attributes,3640,3657,Methods of All Objects,11. Objects Reference Help
6,_Methods of User-defined Attributes,3640,3640,Methods for Managing User-defined Attributes,11. Objects Reference Help
6,createAttr [SimTalk],3641,3642,Methods for Managing User-defined Attributes,11. Objects Reference Help
6,deleteAttr [SimTalk],3643,3644,Methods for Managing User-defined Attributes,11. Objects Reference Help
6,getAttribute [SimTalk] - user-defined attribute,3645,3646,Methods for Managing User-defined Attributes,11. Objects Reference Help
6,getAttrName [SimTalk],3647,3647,Methods for Managing User-defined Attributes,11. Objects Reference Help
6,getAttrNo [SimTalk],3648,3649,Methods for Managing User-defined Attributes,11. Objects Reference Help
6,getAttrType [SimTalk],3650,3650,Methods for Managing User-defined Attributes,11. Objects Reference Help
6,getAttrValue [SimTalk],3651,3651,Methods for Managing User-defined Attributes,11. Objects Reference Help
6,inheritAttribute [SimTalk] - user-defined attribute,3652,3652,Methods for Managing User-defined Attributes,11. Objects Reference Help
6,setAttribute [SimTalk] - user-defined attribute,3653,3654,Methods for Managing User-defined Attributes,11. Objects Reference Help
6,setAttrType [SimTalk],3655,3655,Methods for Managing User-defined Attributes,11. Objects Reference Help
6,setAttrValue [SimTalk],3656,3656,Methods for Managing User-defined Attributes,11. Objects Reference Help
6,unshare [SimTalk],3657,3657,Methods for Managing User-defined Attributes,11. Objects Reference Help
5,Miscellaneous Methods of User-defined Attributes,3658,3660,Methods of All Objects,11. Objects Reference Help
6,Miscellaneous Methods of User-defined Attributes,3658,3659,Miscellaneous Methods of User-defined Attributes,11. Objects Reference Help
6,getStatisticsTable [SimTalk] - user-defined attribute,3660,3660,Miscellaneous Methods of User-defined Attributes,11. Objects Reference Help
6,increment [SimTalk] - user-defined attribute,3661,3661,Miscellaneous Methods of User-defined Attributes,11. Objects Reference Help
4,Read-Only Attributes of All Objects,3661,3677,Shared Properties,11. Objects Reference Help
5,_Read-Only Attributes of All Objects,3661,3662,Read-Only Attributes of All Objects,11. Objects Reference Help
5,~ [SimTalk] (tilde) - material flow objects,3663,3664,Read-Only Attributes of All Objects,11. Objects Reference Help
5,Class [SimTalk] - read-only attribute,3665,3665,Read-Only Attributes of All Objects,11. Objects Reference Help
5,InternalClassType [SimTalk],3666,3670,Read-Only Attributes of All Objects,11. Objects Reference Help
5,Location [SimTalk] - material flow objects,3671,3672,Read-Only Attributes of All Objects,11. Objects Reference Help
5,NumAttr [SimTalk],3673,3673,Read-Only Attributes of All Objects,11. Objects Reference Help
5,NumChildren [SimTalk],3674,3674,Read-Only Attributes of All Objects,11. Objects Reference Help
5,Origin [SimTalk] - general description,3675,3675,Read-Only Attributes of All Objects,11. Objects Reference Help
5,OriginRoot [SimTalk],3676,3676,Read-Only Attributes of All Objects,11. Objects Reference Help
5,RootFrame [SimTalk],3677,3677,Read-Only Attributes of All Objects,11. Objects Reference Help
5,UUID [SimTalk],3678,3678,Read-Only Attributes of All Objects,11. Objects Reference Help
4,Attributes of All Objects,3678,3749,Shared Properties,11. Objects Reference Help
5,Attributes of All Objects,3678,3679,Attributes of All Objects,11. Objects Reference Help
5,Data Held in Tabular Form in Attributes [material flow objects],3680,3680,Attributes of All Objects,11. Objects Reference Help
5,General Attributes,3680,3687,Attributes of All Objects,11. Objects Reference Help
6,_General Attributes,3680,3681,General Attributes,11. Objects Reference Help
6,Coordinate3D [SimTalk] - general description,3682,3682,General Attributes,11. Objects Reference Help
6,CreateIn3D [SimTalk],3683,3683,General Attributes,11. Objects Reference Help
6,Label [SimTalk],3684,3685,General Attributes,11. Objects Reference Help
6,Name [SimTalk] - general description,3686,3687,General Attributes,11. Objects Reference Help
6,RootFolder [SimTalk] - attribute,3688,3688,General Attributes,11. Objects Reference Help
5,Attributes of the Controls,3688,3724,Attributes of All Objects,11. Objects Reference Help
6,_Attributes of the Controls,3688,3689,Attributes of the Controls,11. Objects Reference Help
6,AvailableCtrl [SimTalk],3690,3690,Attributes of the Controls,11. Objects Reference Help
6,ChangePathCtrl [SimTalk],3691,3692,Attributes of the Controls,11. Objects Reference Help
6,CloseCtrl [SimTalk],3693,3693,Attributes of the Controls,11. Objects Reference Help
6,ConnectCtrl [SimTalk],3694,3695,Attributes of the Controls,11. Objects Reference Help
6,ConstructorCtrl [SimTalk],3696,3696,Attributes of the Controls,11. Objects Reference Help
6,DestructorCtrl [SimTalk],3697,3697,Attributes of the Controls,11. Objects Reference Help
6,DragDropCtrl [SimTalk],3698,3700,Attributes of the Controls,11. Objects Reference Help
6,FailCtrl [SimTalk],3701,3702,Attributes of the Controls,11. Objects Reference Help
6,InitCtrl [SimTalk] - general description,3703,3704,Attributes of the Controls,11. Objects Reference Help
6,MoveInFrameCtrl [SimTalk],3705,3705,Attributes of the Controls,11. Objects Reference Help
6,MoveToFolderCtrl [SimTalk],3706,3707,Attributes of the Controls,11. Objects Reference Help
6,NotAvailableCtrl [SimTalk],3708,3708,Attributes of the Controls,11. Objects Reference Help
6,OpenCtrl [SimTalk],3709,3711,Attributes of the Controls,11. Objects Reference Help
6,PauseCtrl [SimTalk],3712,3714,Attributes of the Controls,11. Objects Reference Help
6,PermitDeleteCtrl [SimTalk],3715,3715,Attributes of the Controls,11. Objects Reference Help
6,PlausibilityCtrl [SimTalk],3716,3717,Attributes of the Controls,11. Objects Reference Help
6,RelabelCtrl [SimTalk],3718,3719,Attributes of the Controls,11. Objects Reference Help
6,RenameCtrl [SimTalk],3720,3721,Attributes of the Controls,11. Objects Reference Help
6,SelectCtrl [SimTalk],3722,3722,Attributes of the Controls,11. Objects Reference Help
6,UnplannedCtrl [SimTalk],3723,3724,Attributes of the Controls,11. Objects Reference Help
5,Attributes of User-defined Attributes,3725,3749,Attributes of All Objects,11. Objects Reference Help
6,_Attributes of User-defined Attributes,3725,3726,Attributes of User-defined Attributes,11. Objects Reference Help
6,Alignment [SimTalk] - user-defined attribute,3727,3727,Attributes of User-defined Attributes,11. Objects Reference Help
6,asString [SimTalk] - user-defined attribute,3728,3728,Attributes of User-defined Attributes,11. Objects Reference Help
6,BackgroundColor [SimTalk] - user-defined attribute,3729,3729,Attributes of User-defined Attributes,11. Objects Reference Help
6,Color [SimTalk] - user-defined attribute,3730,3730,Attributes of User-defined Attributes,11. Objects Reference Help
6,DataType [SimTalk] - user-defined attribute,3731,3732,Attributes of User-defined Attributes,11. Objects Reference Help
6,DecimalPlaces [SimTalk] - user-defined attribute,3733,3734,Attributes of User-defined Attributes,11. Objects Reference Help
6,Font [SimTalk] - user-defined attribute,3735,3735,Attributes of User-defined Attributes,11. Objects Reference Help
6,HasInitValue [SimTalk] - user-defined attribute,3736,3736,Attributes of User-defined Attributes,11. Objects Reference Help
6,InitValue [SimTalk] - user-defined attribute,3737,3737,Attributes of User-defined Attributes,11. Objects Reference Help
6,IntegerPlaces [SimTalk] - user-defined attribute,3738,3738,Attributes of User-defined Attributes,11. Objects Reference Help
6,Name [SimTalk] - user-defined attribute,3739,3739,Attributes of User-defined Attributes,11. Objects Reference Help
6,Position [SimTalk] - user-defined attribute,3740,3740,Attributes of User-defined Attributes,11. Objects Reference Help
6,Rotation [SimTalk] - user-defined attribute,3741,3741,Attributes of User-defined Attributes,11. Objects Reference Help
6,Scale [SimTalk] - user-defined attribute,3742,3742,Attributes of User-defined Attributes,11. Objects Reference Help
6,ShowDataType [SimTalk] - user-defined attribute,3743,3743,Attributes of User-defined Attributes,11. Objects Reference Help
6,ShowExternally [SimTalk] - user-defined attribute,3744,3744,Attributes of User-defined Attributes,11. Objects Reference Help
6,ShowIn3D [SimTalk] - user-defined attribute,3745,3745,Attributes of User-defined Attributes,11. Objects Reference Help
6,ShowInTooltip [SimTalk],3746,3746,Attributes of User-defined Attributes,11. Objects Reference Help
6,ShowName [SimTalk] - user-defined attribute,3747,3747,Attributes of User-defined Attributes,11. Objects Reference Help
6,ShowUnit [SimTalk] - user-defined attribute,3748,3748,Attributes of User-defined Attributes,11. Objects Reference Help
6,StatisticsActive [SimTalk] - user-defined attribute,3749,3749,Attributes of User-defined Attributes,11. Objects Reference Help
6,Transparent [SimTalk] - user-defined attribute,3750,3750,Attributes of User-defined Attributes,11. Objects Reference Help
4,Methods of the Material Flow Objects,3750,3876,Shared Properties,11. Objects Reference Help
5,Methods of the Material Flow Objects,3750,3751,Methods of the Material Flow Objects,11. Objects Reference Help
5,Methods for the State,3752,3777,Methods of the Material Flow Objects,11. Objects Reference Help
6,_Methods for the State,3752,3753,Methods for the State,11. Objects Reference Help
6,bwBlockList [SimTalk] - material flow objects,3754,3755,Methods for the State,11. Objects Reference Help
6,endFailure [SimTalk] - material flow objects,3756,3756,Methods for the State,11. Objects Reference Help
6,endFailureIn [SimTalk] - material flow objects,3757,3758,Methods for the State,11. Objects Reference Help
6,endPause [SimTalk] - material flow objects,3759,3759,Methods for the State,11. Objects Reference Help
6,endPauseIn [SimTalk] - material flow objects,3760,3760,Methods for the State,11. Objects Reference Help
6,endSetupIn [SimTalk],3761,3761,Methods for the State,11. Objects Reference Help
6,eraseFailureEvents [SimTalk] - material flow objects,3762,3762,Methods for the State,11. Objects Reference Help
6,erasePauseEvents [SimTalk] - material flow objects,3763,3763,Methods for the State,11. Objects Reference Help
6,exitBlockList [SimTalk] - material flow objects,3764,3765,Methods for the State,11. Objects Reference Help
6,fwBlockList [SimTalk] - material flow objects,3766,3767,Methods for the State,11. Objects Reference Help
6,receptive [SimTalk],3768,3768,Methods for the State,11. Objects Reference Help
6,restartCycle [SimTalk],3769,3769,Methods for the State,11. Objects Reference Help
6,setDim [SimTalk],3770,3770,Methods for the State,11. Objects Reference Help
6,startFailure [SimTalk] - material flow objects,3771,3772,Methods for the State,11. Objects Reference Help
6,startFailureIn [SimTalk] - material flow objects,3773,3774,Methods for the State,11. Objects Reference Help
6,startPause [SimTalk] - material flow objects,3775,3775,Methods for the State,11. Objects Reference Help
6,startPauseIn [SimTalk] - material flow objects,3776,3776,Methods for the State,11. Objects Reference Help
6,startProcessing [SimTalk] - material flow objects,3777,3777,Methods for the State,11. Objects Reference Help
6,unblock [SimTalk],3778,3778,Methods for the State,11. Objects Reference Help
5,Methods for Accessing the Contents,3778,3792,Methods of the Material Flow Objects,11. Objects Reference Help
6,_Methods for Accessing the Contents,3778,3779,Methods for Accessing the Contents,11. Objects Reference Help
6,contentsAndReservedList [SimTalk],3780,3782,Methods for Accessing the Contents,11. Objects Reference Help
6,contentsList [SimTalk] - material flow objects,3783,3788,Methods for Accessing the Contents,11. Objects Reference Help
6,deleteMovables [SimTalk] - material flow objects,3789,3789,Methods for Accessing the Contents,11. Objects Reference Help
6,mu [SimTalk] - material flow objects,3790,3791,Methods for Accessing the Contents,11. Objects Reference Help
6,muPart [SimTalk],3792,3792,Methods for Accessing the Contents,11. Objects Reference Help
5,Methods for Setting-Up,3793,3795,Methods of the Material Flow Objects,11. Objects Reference Help
6,Methods for Setting-Up,3793,3794,Methods for Setting-Up,11. Objects Reference Help
6,setupFor [SimTalk],3795,3795,Methods for Setting-Up,11. Objects Reference Help
5,Methods for Defining Failures,3796,3805,Methods of the Material Flow Objects,11. Objects Reference Help
6,_Methods for Defining Failures,3796,3797,Methods for Defining Failures,11. Objects Reference Help
6,count [SimTalk],3798,3798,Methods for Defining Failures,11. Objects Reference Help
6,createFailure [SimTalk],3799,3800,Methods for Defining Failures,11. Objects Reference Help
6,deleteFailure [SimTalk],3801,3801,Methods for Defining Failures,11. Objects Reference Help
6,getFailure [SimTalk],3802,3802,Methods for Defining Failures,11. Objects Reference Help
6,getTable [SimTalk] - failure profile,3803,3804,Methods for Defining Failures,11. Objects Reference Help
6,setTable [SimTalk] - failure profile,3805,3805,Methods for Defining Failures,11. Objects Reference Help
5,Methods of the Failure Profiles,3806,3808,Methods of the Material Flow Objects,11. Objects Reference Help
6,Methods of the Failure Profiles,3806,3807,Methods of the Failure Profiles,11. Objects Reference Help
6,reset [SimTalk] - failure profile,3808,3808,Methods of the Failure Profiles,11. Objects Reference Help
5,Methods for Accessing Statistics,3809,3827,Methods of the Material Flow Objects,11. Objects Reference Help
6,Methods for Accessing Statistics,3809,3810,Methods for Accessing Statistics,11. Objects Reference Help
6,initStat [SimTalk] - material flow objects,3811,3811,Methods for Accessing Statistics,11. Objects Reference Help
6,statistics [SimTalk] - material flow objects,3812,3827,Methods for Accessing Statistics,11. Objects Reference Help
5,Methods of the Importer,3828,3857,Methods of the Material Flow Objects,11. Objects Reference Help
6,_Methods of the Importer,3828,3830,Methods of the Importer,11. Objects Reference Help
6,getAlternativeServices [SimTalk],3831,3832,Methods of the Importer,11. Objects Reference Help
6,getExporters [SimTalk],3833,3834,Methods of the Importer,11. Objects Reference Help
6,getImportedServices [SimTalk],3835,3836,Methods of the Importer,11. Objects Reference Help
6,getServices [SimTalk] - importer,3837,3838,Methods of the Importer,11. Objects Reference Help
6,getUnavailableServices [SimTalk],3839,3840,Methods of the Importer,11. Objects Reference Help
6,import [SimTalk] - importer,3841,3842,Methods of the Importer,11. Objects Reference Help
6,importExporter [SimTalk],3843,3844,Methods of the Importer,11. Objects Reference Help
6,releaseExporters [SimTalk],3845,3846,Methods of the Importer,11. Objects Reference Help
6,setAlternativeServices [SimTalk],3847,3848,Methods of the Importer,11. Objects Reference Help
6,setServices [SimTalk] - importer,3849,3852,Methods of the Importer,11. Objects Reference Help
6,startProcessing [SimTalk] - importer,3853,3854,Methods of the Importer,11. Objects Reference Help
6,startSetup [SimTalk],3855,3856,Methods of the Importer,11. Objects Reference Help
6,stopProcessing [SimTalk],3857,3857,Methods of the Importer,11. Objects Reference Help
5,Methods of Sensors,3858,3870,Methods of the Material Flow Objects,11. Objects Reference Help
6,_Methods of Sensors,3858,3859,Methods of Sensors,11. Objects Reference Help
6,createSensor [SimTalk] - material flow objects,3860,3862,Methods of Sensors,11. Objects Reference Help
6,deleteSensor [SimTalk] - material flow objects,3863,3864,Methods of Sensors,11. Objects Reference Help
6,existsSensorID [SimTalk] - material flow objects,3865,3865,Methods of Sensors,11. Objects Reference Help
6,sensorID [SimTalk] - material flow objects,3866,3867,Methods of Sensors,11. Objects Reference Help
6,sensorNo [SimTalk] - material flow objects,3868,3869,Methods of Sensors,11. Objects Reference Help
6,sensors.id [SimTalk] - material flow objects,3870,3870,Methods of Sensors,11. Objects Reference Help
5,Methods of Curved Objects,3871,3874,Methods of the Material Flow Objects,11. Objects Reference Help
6,_Methods of Curved Objects,3871,3871,Methods of Curved Objects,11. Objects Reference Help
6,getCurveSegments [SimTalk],3872,3872,Methods of Curved Objects,11. Objects Reference Help
6,reverse [SimTalk],3873,3873,Methods of Curved Objects,11. Objects Reference Help
6,setCurveSegments [SimTalk],3874,3874,Methods of Curved Objects,11. Objects Reference Help
5,Methods for the Workplace,3875,3876,Methods of the Material Flow Objects,11. Objects Reference Help
6,Methods of the Workplace,3875,3876,Methods for the Workplace,11. Objects Reference Help
6,assignedWorkplaces [SimTalk],3877,3877,Methods for the Workplace,11. Objects Reference Help
4,Read-Only Attributes of the Material Flow Objects,3877,4031,Shared Properties,11. Objects Reference Help
5,Read-Only Attributes of the Material Flow Objects,3877,3878,Read-Only Attributes of the Material Flow Objects,11. Objects Reference Help
5,Miscellaneous Read-Only Attributes of the Material Flow Objects,3879,3895,Read-Only Attributes of the Material Flow Objects,11. Objects Reference Help
6,_Miscellaneous Read-Only Attributes,3879,3879,Miscellaneous Read-Only Attributes of the Material Flow Objects,11. Objects Reference Help
6,AssignedLockoutzones [SimTalk],3880,3880,Miscellaneous Read-Only Attributes of the Material Flow Objects,11. Objects Reference Help
6,Cont [SimTalk] - material flow objects,3881,3882,Miscellaneous Read-Only Attributes of the Material Flow Objects,11. Objects Reference Help
6,EntranceFree [SimTalk],3883,3884,Miscellaneous Read-Only Attributes of the Material Flow Objects,11. Objects Reference Help
6,EntranceOpen [SimTalk] - material flow objects,3885,3886,Miscellaneous Read-Only Attributes of the Material Flow Objects,11. Objects Reference Help
6,ExitFree [SimTalk],3887,3887,Miscellaneous Read-Only Attributes of the Material Flow Objects,11. Objects Reference Help
6,IsInterrupted [SimTalk],3888,3888,Miscellaneous Read-Only Attributes of the Material Flow Objects,11. Objects Reference Help
6,IsSetupFor [SimTalk],3889,3889,Miscellaneous Read-Only Attributes of the Material Flow Objects,11. Objects Reference Help
6,NumMU [SimTalk] - material flow objects,3890,3891,Miscellaneous Read-Only Attributes of the Material Flow Objects,11. Objects Reference Help
6,NumMUParts [SimTalk] - material flow objects,3892,3892,Miscellaneous Read-Only Attributes of the Material Flow Objects,11. Objects Reference Help
6,NumPartsSinceSetup [SimTalk],3893,3893,Miscellaneous Read-Only Attributes of the Material Flow Objects,11. Objects Reference Help
6,NumPred [SimTalk] - general description,3894,3894,Miscellaneous Read-Only Attributes of the Material Flow Objects,11. Objects Reference Help
6,NumSucc [SimTalk] - general description,3895,3895,Miscellaneous Read-Only Attributes of the Material Flow Objects,11. Objects Reference Help
6,RemainingSetUpTime [SimTalk],3896,3896,Miscellaneous Read-Only Attributes of the Material Flow Objects,11. Objects Reference Help
5,Read-Only Attributes for the State,3896,3918,Read-Only Attributes of the Material Flow Objects,11. Objects Reference Help
6,_Read-Only Attributes for the State,3896,3897,Read-Only Attributes for the State,11. Objects Reference Help
6,BwBlockListEntry1 [SimTalk],3898,3898,Read-Only Attributes for the State,11. Objects Reference Help
6,Empty [SimTalk] - material flow objects,3899,3900,Read-Only Attributes for the State,11. Objects Reference Help
6,Full [SimTalk] - material flow objects,3901,3902,Read-Only Attributes for the State,11. Objects Reference Help
6,FwBlockListEntry1 [SimTalk],3903,3904,Read-Only Attributes for the State,11. Objects Reference Help
6,GetDisruptionBeginTime [SimTalk],3905,3905,Read-Only Attributes for the State,11. Objects Reference Help
6,GetDisruptionEndTime [SimTalk],3906,3907,Read-Only Attributes for the State,11. Objects Reference Help
6,LastEntryTime [SimTalk],3908,3908,Read-Only Attributes for the State,11. Objects Reference Help
6,Occupied [SimTalk] - material flow objects,3909,3910,Read-Only Attributes for the State,11. Objects Reference Help
6,Operational [SimTalk],3911,3911,Read-Only Attributes for the State,11. Objects Reference Help
6,Ready [SimTalk] - material flow objects,3912,3912,Read-Only Attributes for the State,11. Objects Reference Help
6,ResBlocked [SimTalk] - material flow objects,3913,3913,Read-Only Attributes for the State,11. Objects Reference Help
6,ResCurrentState [SimTalk] - material flow objects,3914,3914,Read-Only Attributes for the State,11. Objects Reference Help
6,ResSetup [SimTalk] - material flow objects,3915,3915,Read-Only Attributes for the State,11. Objects Reference Help
6,ResWaiting [SimTalk] - material flow objects,3916,3916,Read-Only Attributes for the State,11. Objects Reference Help
6,ResWorking [SimTalk] - material flow objects,3917,3918,Read-Only Attributes for the State,11. Objects Reference Help
6,TimeUntilEntranceOpen [SimTalk] - material flow objects,3919,3919,Read-Only Attributes for the State,11. Objects Reference Help
5,Read-Only Attributes of Sensors,3919,3924,Read-Only Attributes of the Material Flow Objects,11. Objects Reference Help
6,_Read-Only Attributes of Sensors,3919,3920,Read-Only Attributes of Sensors,11. Objects Reference Help
6,IsTriggered [SimTalk],3921,3922,Read-Only Attributes of Sensors,11. Objects Reference Help
6,NumSensors [SimTalk] - material flow objects,3923,3923,Read-Only Attributes of Sensors,11. Objects Reference Help
6,Origin [SimTalk] - sensor,3924,3924,Read-Only Attributes of Sensors,11. Objects Reference Help
6,PositionAbs [SimTalk],3925,3925,Read-Only Attributes of Sensors,11. Objects Reference Help
5,Read-Only Attributes for Statistics,3925,4010,Read-Only Attributes of the Material Flow Objects,11. Objects Reference Help
6,_Read-Only Attributes for Querying Statistics,3925,3926,Read-Only Attributes for Statistics,11. Objects Reference Help
6,StatAverageDwellTime [SimTalk] - material flow objects,3927,3927,Read-Only Attributes for Statistics,11. Objects Reference Help
6,StatAverageWorkingTime [SimTalk],3928,3928,Read-Only Attributes for Statistics,11. Objects Reference Help
6,StatBlockingCount [SimTalk],3929,3929,Read-Only Attributes for Statistics,11. Objects Reference Help
6,StatBlockingDelta [SimTalk],3930,3930,Read-Only Attributes for Statistics,11. Objects Reference Help
6,StatBlockingMu [SimTalk],3931,3931,Read-Only Attributes for Statistics,11. Objects Reference Help
6,StatBlockingPortion [SimTalk],3932,3932,Read-Only Attributes for Statistics,11. Objects Reference Help
6,StatBlockingTime [SimTalk],3933,3933,Read-Only Attributes for Statistics,11. Objects Reference Help
6,StatEmptyCount [SimTalk],3934,3934,Read-Only Attributes for Statistics,11. Objects Reference Help
6,StatEmptyDelta [SimTalk],3935,3935,Read-Only Attributes for Statistics,11. Objects Reference Help
6,StatEmptyMu [SimTalk],3936,3936,Read-Only Attributes for Statistics,11. Objects Reference Help
6,StatEmptyPortion [SimTalk],3937,3937,Read-Only Attributes for Statistics,11. Objects Reference Help
6,StatEmptyTime [SimTalk],3938,3938,Read-Only Attributes for Statistics,11. Objects Reference Help
6,StatEntranceBlockedPortion [SimTalk],3939,3940,Read-Only Attributes for Statistics,11. Objects Reference Help
6,StatEntranceBlockedTime [SimTalk],3941,3942,Read-Only Attributes for Statistics,11. Objects Reference Help
6,StatExitBlockedPortion [SimTalk],3943,3944,Read-Only Attributes for Statistics,11. Objects Reference Help
6,StatExitBlockedTime [SimTalk],3945,3946,Read-Only Attributes for Statistics,11. Objects Reference Help
6,StatFailCount [SimTalk],3947,3947,Read-Only Attributes for Statistics,11. Objects Reference Help
6,StatFailDelta [SimTalk],3948,3948,Read-Only Attributes for Statistics,11. Objects Reference Help
6,StatFailMu [SimTalk],3949,3949,Read-Only Attributes for Statistics,11. Objects Reference Help
6,StatFailPortion [SimTalk],3950,3950,Read-Only Attributes for Statistics,11. Objects Reference Help
6,StatFailTime [SimTalk],3951,3951,Read-Only Attributes for Statistics,11. Objects Reference Help
6,StatisticsStartRes [SimTalk],3952,3952,Read-Only Attributes for Statistics,11. Objects Reference Help
6,StatMaxNumMU [SimTalk] - material flow objects,3953,3953,Read-Only Attributes for Statistics,11. Objects Reference Help
6,StatMinNumMU [SimTalk] - material flow objects,3954,3954,Read-Only Attributes for Statistics,11. Objects Reference Help
6,StatNumIn [SimTalk] - material flow objects,3955,3955,Read-Only Attributes for Statistics,11. Objects Reference Help
6,StatNumOut [SimTalk] - material flow objects,3956,3956,Read-Only Attributes for Statistics,11. Objects Reference Help
6,StatPausingCount [SimTalk],3957,3957,Read-Only Attributes for Statistics,11. Objects Reference Help
6,StatPausingDelta [SimTalk],3958,3958,Read-Only Attributes for Statistics,11. Objects Reference Help
6,StatPausingMu [SimTalk],3959,3959,Read-Only Attributes for Statistics,11. Objects Reference Help
6,StatPausingPortion [SimTalk],3960,3960,Read-Only Attributes for Statistics,11. Objects Reference Help
6,StatPausingTime [SimTalk],3961,3961,Read-Only Attributes for Statistics,11. Objects Reference Help
6,StatPoweringUpDownCount [SimTalk],3962,3962,Read-Only Attributes for Statistics,11. Objects Reference Help
6,StatPoweringUpDownDelta [SimTalk],3963,3963,Read-Only Attributes for Statistics,11. Objects Reference Help
6,StatPoweringUpDownMu [SimTalk],3964,3964,Read-Only Attributes for Statistics,11. Objects Reference Help
6,StatPoweringUpDownPortion [SimTalk],3965,3965,Read-Only Attributes for Statistics,11. Objects Reference Help
6,StatPoweringUpDownTime [SimTalk],3966,3966,Read-Only Attributes for Statistics,11. Objects Reference Help
6,StatPredeposition [SimTalk],3967,3967,Read-Only Attributes for Statistics,11. Objects Reference Help
6,StatRelativeEmptyPortion [SimTalk],3968,3968,Read-Only Attributes for Statistics,11. Objects Reference Help
6,StatRelativeFullPortion [SimTalk],3969,3969,Read-Only Attributes for Statistics,11. Objects Reference Help
6,StatRelativeOccupation [SimTalk] - material flow objects,3970,3971,Read-Only Attributes for Statistics,11. Objects Reference Help
6,StatRelativeOccupationIR [SimTalk] - material flow objects,3972,3973,Read-Only Attributes for Statistics,11. Objects Reference Help
6,StatSetUpCount [SimTalk],3974,3974,Read-Only Attributes for Statistics,11. Objects Reference Help
6,StatSetUpDelta [SimTalk],3975,3975,Read-Only Attributes for Statistics,11. Objects Reference Help
6,StatSetUpMu [SimTalk],3976,3976,Read-Only Attributes for Statistics,11. Objects Reference Help
6,StatSetUpPortion [SimTalk],3977,3977,Read-Only Attributes for Statistics,11. Objects Reference Help
6,StatSetupTime [SimTalk],3978,3978,Read-Only Attributes for Statistics,11. Objects Reference Help
6,StatStoppedCount [SimTalk] - material flow objects,3979,3979,Read-Only Attributes for Statistics,11. Objects Reference Help
6,StatStoppedDelta [SimTalk] - material flow objects,3980,3980,Read-Only Attributes for Statistics,11. Objects Reference Help
6,StatStoppedMu [SimTalk] - material flow objects,3981,3981,Read-Only Attributes for Statistics,11. Objects Reference Help
6,StatStoppedPortion [SimTalk] - material flow objects,3982,3982,Read-Only Attributes for Statistics,11. Objects Reference Help
6,StatStoppedTime [SimTalk],3983,3983,Read-Only Attributes for Statistics,11. Objects Reference Help
6,StatUnplannedCount [SimTalk],3984,3984,Read-Only Attributes for Statistics,11. Objects Reference Help
6,StatUnplannedDelta [SimTalk],3985,3985,Read-Only Attributes for Statistics,11. Objects Reference Help
6,StatUnplannedMu [SimTalk],3986,3986,Read-Only Attributes for Statistics,11. Objects Reference Help
6,StatUnplannedPortion [SimTalk],3987,3987,Read-Only Attributes for Statistics,11. Objects Reference Help
6,StatUnplannedTime [SimTalk],3988,3988,Read-Only Attributes for Statistics,11. Objects Reference Help
6,StatWaitingCount [SimTalk],3989,3989,Read-Only Attributes for Statistics,11. Objects Reference Help
6,StatWaitingDelta [SimTalk],3990,3990,Read-Only Attributes for Statistics,11. Objects Reference Help
6,StatWaitingMu [SimTalk],3991,3991,Read-Only Attributes for Statistics,11. Objects Reference Help
6,StatWaitingPortion [SimTalk],3992,3992,Read-Only Attributes for Statistics,11. Objects Reference Help
6,StatWaitingResCount [SimTalk] - material flow objects,3993,3993,Read-Only Attributes for Statistics,11. Objects Reference Help
6,StatWaitingResDelta [SimTalk] - material flow objects,3994,3994,Read-Only Attributes for Statistics,11. Objects Reference Help
6,StatWaitingResMu [SimTalk] - material flow objects,3995,3995,Read-Only Attributes for Statistics,11. Objects Reference Help
6,StatWaitingResPortion [SimTalk] - material flow objects,3996,3996,Read-Only Attributes for Statistics,11. Objects Reference Help
6,StatWaitingResTime [SimTalk] - material flow objects,3997,3997,Read-Only Attributes for Statistics,11. Objects Reference Help
6,StatWaitingSetUpExpBlockingPortion [SimTalk],3998,3998,Read-Only Attributes for Statistics,11. Objects Reference Help
6,StatWaitingSetUpExpCount [SimTalk],3999,3999,Read-Only Attributes for Statistics,11. Objects Reference Help
6,StatWaitingSetUpExpDelta [SimTalk],4000,4000,Read-Only Attributes for Statistics,11. Objects Reference Help
6,StatWaitingSetUpExpMu [SimTalk],4001,4001,Read-Only Attributes for Statistics,11. Objects Reference Help
6,StatWaitingSetUpExpPortion [SimTalk],4002,4002,Read-Only Attributes for Statistics,11. Objects Reference Help
6,StatWaitingSetUpExpTime [SimTalk],4003,4003,Read-Only Attributes for Statistics,11. Objects Reference Help
6,StatWaitingSetUpExpWaitingPortion [SimTalk],4004,4004,Read-Only Attributes for Statistics,11. Objects Reference Help
6,StatWaitingSetUpExpWorkingPortion [SimTalk],4005,4005,Read-Only Attributes for Statistics,11. Objects Reference Help
6,StatWaitingTime [SimTalk],4006,4006,Read-Only Attributes for Statistics,11. Objects Reference Help
6,StatWorkingCount [SimTalk],4007,4007,Read-Only Attributes for Statistics,11. Objects Reference Help
6,StatWorkingDelta [SimTalk],4008,4008,Read-Only Attributes for Statistics,11. Objects Reference Help
6,StatWorkingMu [SimTalk],4009,4009,Read-Only Attributes for Statistics,11. Objects Reference Help
6,StatWorkingPortion [SimTalk],4010,4010,Read-Only Attributes for Statistics,11. Objects Reference Help
6,StatWorkingTime [SimTalk],4011,4011,Read-Only Attributes for Statistics,11. Objects Reference Help
5,Read-Only Attributes for Energy Statistics,4011,4031,Read-Only Attributes of the Material Flow Objects,11. Objects Reference Help
6,_Read-Only Attributes for Energy Statistics,4011,4012,Read-Only Attributes for Energy Statistics,11. Objects Reference Help
6,PowerInput [SimTalk],4013,4013,Read-Only Attributes for Energy Statistics,11. Objects Reference Help
6,StatEnergyFailConsumption [SimTalk],4014,4014,Read-Only Attributes for Energy Statistics,11. Objects Reference Help
6,StatEnergyFailConsumptionPortion [SimTalk],4015,4015,Read-Only Attributes for Energy Statistics,11. Objects Reference Help
6,StatEnergyFailTime [SimTalk],4016,4016,Read-Only Attributes for Energy Statistics,11. Objects Reference Help
6,StatEnergyOffConsumption [SimTalk],4017,4017,Read-Only Attributes for Energy Statistics,11. Objects Reference Help
6,StatEnergyOffConsumptionPortion [SimTalk],4018,4018,Read-Only Attributes for Energy Statistics,11. Objects Reference Help
6,StatEnergyOffTime [SimTalk],4019,4019,Read-Only Attributes for Energy Statistics,11. Objects Reference Help
6,StatEnergyOperationalConsumption [SimTalk],4020,4020,Read-Only Attributes for Energy Statistics,11. Objects Reference Help
6,StatEnergyOperationalConsumptionPortion [SimTalk],4021,4021,Read-Only Attributes for Energy Statistics,11. Objects Reference Help
6,StatEnergyOperationalTime [SimTalk],4022,4022,Read-Only Attributes for Energy Statistics,11. Objects Reference Help
6,StatEnergySetupConsumption [SimTalk],4023,4023,Read-Only Attributes for Energy Statistics,11. Objects Reference Help
6,StatEnergySetupConsumptionPortion [SimTalk],4024,4024,Read-Only Attributes for Energy Statistics,11. Objects Reference Help
6,StatEnergySetupTime [SimTalk],4025,4025,Read-Only Attributes for Energy Statistics,11. Objects Reference Help
6,StatEnergyStandbyConsumption [SimTalk],4026,4026,Read-Only Attributes for Energy Statistics,11. Objects Reference Help
6,StatEnergyStandbyConsumptionPortion [SimTalk],4027,4027,Read-Only Attributes for Energy Statistics,11. Objects Reference Help
6,StatEnergyStandbyTime [SimTalk],4028,4028,Read-Only Attributes for Energy Statistics,11. Objects Reference Help
6,StatEnergyTotalConsumption [SimTalk],4029,4029,Read-Only Attributes for Energy Statistics,11. Objects Reference Help
6,StatEnergyWorkingConsumption [SimTalk],4030,4030,Read-Only Attributes for Energy Statistics,11. Objects Reference Help
6,StatEnergyWorkingConsumptionPortion [SimTalk],4031,4031,Read-Only Attributes for Energy Statistics,11. Objects Reference Help
6,StatEnergyWorkingTime [SimTalk],4032,4032,Read-Only Attributes for Energy Statistics,11. Objects Reference Help
4,Attributes of the Material Flow Objects,4032,4220,Shared Properties,11. Objects Reference Help
5,Attributes of the Material Flow Objects,4032,4033,Attributes of the Material Flow Objects,11. Objects Reference Help
5,Attributes for the State,4034,4049,Attributes of the Material Flow Objects,11. Objects Reference Help
6,_Attributes for the State,4034,4035,Attributes for the State,11. Objects Reference Help
6,EntranceLocked [SimTalk] - material flow objects,4036,4037,Attributes for the State,11. Objects Reference Help
6,ExitLocked [SimTalk] - material flow objects,4038,4039,Attributes for the State,11. Objects Reference Help
6,Failed [SimTalk] - material flow objects,4040,4041,Attributes for the State,11. Objects Reference Help
6,InheritEntranceExitLockedOnReset [SimTalk],4042,4042,Attributes for the State,11. Objects Reference Help
6,Pause [SimTalk] - material flow objects,4043,4044,Attributes for the State,11. Objects Reference Help
6,ReservedFor [SimTalk],4045,4046,Attributes for the State,11. Objects Reference Help
6,Stopped [SimTalk] - material flow objects,4047,4048,Attributes for the State,11. Objects Reference Help
6,Unplanned [SimTalk] - material flow objects,4049,4049,Attributes for the State,11. Objects Reference Help
5,Attributes for Setting Times,4050,4066,Attributes of the Material Flow Objects,11. Objects Reference Help
6,_Attributes for Setting Times,4050,4051,Attributes for Setting Times,11. Objects Reference Help
6,AutomaticProcessing [SimTalk],4052,4053,Attributes for Setting Times,11. Objects Reference Help
6,CycleTime [SimTalk],4054,4055,Attributes for Setting Times,11. Objects Reference Help
6,EnforceProcessing [SimTalk],4056,4056,Attributes for Setting Times,11. Objects Reference Help
6,ProcTime [SimTalk] - material flow objects,4057,4059,Attributes for Setting Times,11. Objects Reference Help
6,RandomSeed [SimTalk] - material flow objects,4060,4061,Attributes for Setting Times,11. Objects Reference Help
6,RecoveryTime [SimTalk] - material flow objects,4062,4063,Attributes for Setting Times,11. Objects Reference Help
6,RecoveryTimeMode [SimTalk],4064,4065,Attributes for Setting Times,11. Objects Reference Help
6,SetupTime [SimTalk] - material flow objects,4066,4066,Attributes for Setting Times,11. Objects Reference Help
5,Attributes for Setting-Up,4067,4078,Attributes of the Material Flow Objects,11. Objects Reference Help
6,_Attributes for Setting-Up,4067,4068,Attributes for Setting-Up,11. Objects Reference Help
6,AutomaticSetup [SimTalk],4069,4070,Attributes for Setting-Up,11. Objects Reference Help
6,SetupAfterNPartsMode [SimTalk],4071,4071,Attributes for Setting-Up,11. Objects Reference Help
6,SetupAfterNumParts [SimTalk],4072,4073,Attributes for Setting-Up,11. Objects Reference Help
6,SetupAttrName [SimTalk],4074,4075,Attributes for Setting-Up,11. Objects Reference Help
6,SetupCtrl [SimTalk] - material flow objects,4076,4077,Attributes for Setting-Up,11. Objects Reference Help
6,SetupForType [SimTalk],4078,4078,Attributes for Setting-Up,11. Objects Reference Help
6,SetUpOnlyWhenEmpty [SimTalk],4079,4079,Attributes for Setting-Up,11. Objects Reference Help
5,Attributes for Defining Failures,4079,4083,Attributes of the Material Flow Objects,11. Objects Reference Help
6,Attributes for Defining Failures,4079,4081,Attributes for Defining Failures,11. Objects Reference Help
6,Failed [SimTalk] - material flow objects,4082,4083,Attributes for Defining Failures,11. Objects Reference Help
6,FailureActive [SimTalk] - material flow objects,4084,4084,Attributes for Defining Failures,11. Objects Reference Help
5,Attributes of the Failure Profiles,4084,4100,Attributes of the Material Flow Objects,11. Objects Reference Help
6,_Attributes of the Failure Profiles,4084,4085,Attributes of the Failure Profiles,11. Objects Reference Help
6,Active [SimTalk] - failure profile,4086,4086,Attributes of the Failure Profiles,11. Objects Reference Help
6,Availability [SimTalk] - failure profile,4087,4088,Attributes of the Failure Profiles,11. Objects Reference Help
6,AvailabilityOn [SimTalk],4089,4089,Attributes of the Failure Profiles,11. Objects Reference Help
6,Duration [SimTalk] - failure profile,4090,4090,Attributes of the Failure Profiles,11. Objects Reference Help
6,Failed [SimTalk] - failure profile,4091,4091,Attributes of the Failure Profiles,11. Objects Reference Help
6,Interval [SimTalk] - failure profile,4092,4092,Attributes of the Failure Profiles,11. Objects Reference Help
6,Mode [SimTalk] - failure profile,4093,4093,Attributes of the Failure Profiles,11. Objects Reference Help
6,MTTR.getBounds,4094,4094,Attributes of the Failure Profiles,11. Objects Reference Help
6,MTTR.setBounds,4095,4096,Attributes of the Failure Profiles,11. Objects Reference Help
6,MTTR [SimTalk] - failure profile,4097,4098,Attributes of the Failure Profiles,11. Objects Reference Help
6,Name [SimTalk] - failure profile,4099,4099,Attributes of the Failure Profiles,11. Objects Reference Help
6,Start [SimTalk] - failure profile,4100,4100,Attributes of the Failure Profiles,11. Objects Reference Help
6,Stop [SimTalk] - failure profile,4101,4101,Attributes of the Failure Profiles,11. Objects Reference Help
5,Attributes for Failures in the Simplified Notation,4101,4110,Attributes of the Material Flow Objects,11. Objects Reference Help
6,_Attributes for Failures in the Simplified Notation,4101,4102,Attributes for Failures in the Simplified Notation,11. Objects Reference Help
6,Availability [SimTalk] - material flow objects,4103,4104,Attributes for Failures in the Simplified Notation,11. Objects Reference Help
6,FailDuration [SimTalk],4105,4105,Attributes for Failures in the Simplified Notation,11. Objects Reference Help
6,FailInterval [SimTalk],4106,4106,Attributes for Failures in the Simplified Notation,11. Objects Reference Help
6,FailStart [SimTalk],4107,4107,Attributes for Failures in the Simplified Notation,11. Objects Reference Help
6,FailStop [SimTalk],4108,4108,Attributes for Failures in the Simplified Notation,11. Objects Reference Help
6,Mode [SimTalk] - failures,4109,4109,Attributes for Failures in the Simplified Notation,11. Objects Reference Help
6,MTTR [SimTalk] - material flow objects,4110,4110,Attributes for Failures in the Simplified Notation,11. Objects Reference Help
5,Attributes for the Energy Simulation,4111,4132,Attributes of the Material Flow Objects,11. Objects Reference Help
6,_Attributes for the Energy Simulation,4111,4112,Attributes for the Energy Simulation,11. Objects Reference Help
6,EnergyActive [SimTalk],4113,4113,Attributes for the Energy Simulation,11. Objects Reference Help
6,EnergyCurrentState [SimTalk],4114,4114,Attributes for the Energy Simulation,11. Objects Reference Help
6,EnergyPauseEndState [SimTalk],4115,4115,Attributes for the Energy Simulation,11. Objects Reference Help
6,EnergyPausePowerUpEarly [SimTalk],4116,4116,Attributes for the Energy Simulation,11. Objects Reference Help
6,EnergyPauseStartState [SimTalk],4117,4117,Attributes for the Energy Simulation,11. Objects Reference Help
6,EnergyTargetState [SimTalk],4118,4118,Attributes for the Energy Simulation,11. Objects Reference Help
6,EnergyUnplannedEndState [SimTalk],4119,4119,Attributes for the Energy Simulation,11. Objects Reference Help
6,EnergyUnplannedPowerUpEarly [SimTalk],4120,4120,Attributes for the Energy Simulation,11. Objects Reference Help
6,EnergyUnplannedStartState [SimTalk],4121,4121,Attributes for the Energy Simulation,11. Objects Reference Help
6,PowerInputFailed [SimTalk],4122,4122,Attributes for the Energy Simulation,11. Objects Reference Help
6,PowerInputOff [SimTalk],4123,4123,Attributes for the Energy Simulation,11. Objects Reference Help
6,PowerInputOperational [SimTalk],4124,4124,Attributes for the Energy Simulation,11. Objects Reference Help
6,PowerInputSettingUp [SimTalk],4125,4125,Attributes for the Energy Simulation,11. Objects Reference Help
6,PowerInputStandby [SimTalk],4126,4126,Attributes for the Energy Simulation,11. Objects Reference Help
6,PowerInputWorking [SimTalk],4127,4127,Attributes for the Energy Simulation,11. Objects Reference Help
6,TransitionTimeOffToOperational [SimTalk],4128,4128,Attributes for the Energy Simulation,11. Objects Reference Help
6,TransitionTimeOffToStandby [SimTalk],4129,4129,Attributes for the Energy Simulation,11. Objects Reference Help
6,TransitionTimeOperationalToOff [SimTalk],4130,4130,Attributes for the Energy Simulation,11. Objects Reference Help
6,TransitionTimeOperationalToStandby [SimTalk],4131,4131,Attributes for the Energy Simulation,11. Objects Reference Help
6,TransitionTimeStandbyToOff [SimTalk],4132,4132,Attributes for the Energy Simulation,11. Objects Reference Help
6,TransitionTimeStandbyToOperational [SimTalk],4133,4133,Attributes for the Energy Simulation,11. Objects Reference Help
5,Attributes for Simulating Costs,4133,4140,Attributes of the Material Flow Objects,11. Objects Reference Help
6,_Attributes for Simulating Costs,4133,4134,Attributes for Simulating Costs,11. Objects Reference Help
6,CostingActive [SimTalk] - material flow objects,4135,4135,Attributes for Simulating Costs,11. Objects Reference Help
6,DepreciationPeriod [SimTalk],4136,4136,Attributes for Simulating Costs,11. Objects Reference Help
6,InvestmentCosts [SimTalk],4137,4137,Attributes for Simulating Costs,11. Objects Reference Help
6,InvestmentCostsPerLength [SimTalk],4138,4138,Attributes for Simulating Costs,11. Objects Reference Help
6,OperatingCosts [SimTalk],4139,4139,Attributes for Simulating Costs,11. Objects Reference Help
6,OperatingCostsPerLength [SimTalk],4140,4140,Attributes for Simulating Costs,11. Objects Reference Help
5,Attributes for Statistics,4141,4143,Attributes of the Material Flow Objects,11. Objects Reference Help
6,Attributes for Statistics,4141,4141,Attributes for Statistics,11. Objects Reference Help
6,ResourceType [SimTalk],4142,4143,Attributes for Statistics,11. Objects Reference Help
6,ResStatOn [SimTalk] - material flow objects,4144,4144,Attributes for Statistics,11. Objects Reference Help
5,Attributes of the Controls,4144,4169,Attributes of the Material Flow Objects,11. Objects Reference Help
6,_Attributes of the Controls,4144,4145,Attributes of the Controls,11. Objects Reference Help
6,BwEntranceCtrl [SimTalk] - material flow objects,4146,4146,Attributes of the Controls,11. Objects Reference Help
6,BwEntranceCtrlFront [SimTalk] - material flow objects,4147,4147,Attributes of the Controls,11. Objects Reference Help
6,BwEntranceCtrlRear [SimTalk] - material flow objects,4148,4148,Attributes of the Controls,11. Objects Reference Help
6,BwExitCtrl [SimTalk] - material flow objects,4149,4149,Attributes of the Controls,11. Objects Reference Help
6,BwExitCtrlFront [SimTalk] - material flow objects,4150,4150,Attributes of the Controls,11. Objects Reference Help
6,BwExitCtrlRear [SimTalk] - material flow objects,4151,4151,Attributes of the Controls,11. Objects Reference Help
6,EntranceCtrl [SimTalk] - material flow objects,4152,4153,Attributes of the Controls,11. Objects Reference Help
6,EntranceCtrlBeforeActions [SimTalk],4154,4154,Attributes of the Controls,11. Objects Reference Help
6,EntranceCtrlFront [SimTalk] - material flow objects,4155,4155,Attributes of the Controls,11. Objects Reference Help
6,EntranceCtrlRear [SimTalk] - material flow objects,4156,4156,Attributes of the Controls,11. Objects Reference Help
6,ExitCtrl [SimTalk] - material flow objects,4157,4160,Attributes of the Controls,11. Objects Reference Help
6,ExitCtrlFront [SimTalk] - material flow objects,4161,4161,Attributes of the Controls,11. Objects Reference Help
6,ExitCtrlOnce [SimTalk],4162,4163,Attributes of the Controls,11. Objects Reference Help
6,ExitCtrlRear [SimTalk] - material flow objects,4164,4164,Attributes of the Controls,11. Objects Reference Help
6,PullCtrl [SimTalk] - material flow objects,4165,4167,Attributes of the Controls,11. Objects Reference Help
6,SetupCtrl [SimTalk] - material flow objects,4168,4169,Attributes of the Controls,11. Objects Reference Help
6,ShiftCalendarObject [SimTalk] - material flow objects,4170,4170,Attributes of the Controls,11. Objects Reference Help
5,Attributes for Setting the Exit Strategy,4170,4183,Attributes of the Material Flow Objects,11. Objects Reference Help
6,_Attributes for Setting the Exit Strategy,4170,4171,Attributes for Setting the Exit Strategy,11. Objects Reference Help
6,AttributeType [SimTalk] - material flow objects,4172,4173,Attributes for Setting the Exit Strategy,11. Objects Reference Help
6,DefaultSuccessor [SimTalk] - material flow objects,4174,4174,Attributes for Setting the Exit Strategy,11. Objects Reference Help
6,ExitStrategy [SimTalk] - material flow objects,4175,4175,Attributes for Setting the Exit Strategy,11. Objects Reference Help
6,ExitStrategyBlocking [SimTalk],4176,4177,Attributes for Setting the Exit Strategy,11. Objects Reference Help
6,ExitStrategyMUAttributeList [SimTalk],4178,4179,Attributes for Setting the Exit Strategy,11. Objects Reference Help
6,ExitStrategyPercentageValues [SimTalk] - material flow objects,4180,4180,Attributes for Setting the Exit Strategy,11. Objects Reference Help
6,ExitStrategySequence [SimTalk],4181,4181,Attributes for Setting the Exit Strategy,11. Objects Reference Help
6,MaxDwellTime [SimTalk],4182,4182,Attributes for Setting the Exit Strategy,11. Objects Reference Help
6,MUTarget [SimTalk],4183,4183,Attributes for Setting the Exit Strategy,11. Objects Reference Help
5,Attributes of the Importer,4184,4201,Attributes of the Material Flow Objects,11. Objects Reference Help
6,_Attributes of the Importer,4184,4186,Attributes of the Importer,11. Objects Reference Help
6,Active [SimTalk] - importer,4187,4187,Attributes of the Importer,11. Objects Reference Help
6,BrokerPath [SimTalk] - importer,4188,4188,Attributes of the Importer,11. Objects Reference Help
6,Common [SimTalk],4189,4189,Attributes of the Importer,11. Objects Reference Help
6,Interruptible [SimTalk],4190,4190,Attributes of the Importer,11. Objects Reference Help
6,MU [SimTalk] - importer,4191,4191,Attributes of the Importer,11. Objects Reference Help
6,Priority [SimTalk] - importer,4192,4192,Attributes of the Importer,11. Objects Reference Help
6,ReceiveCtrl [SimTalk],4193,4194,Attributes of the Importer,11. Objects Reference Help
6,ReleaseAllServices [SimTalk],4195,4195,Attributes of the Importer,11. Objects Reference Help
6,ReleaseCtrl [SimTalk] - importer,4196,4198,Attributes of the Importer,11. Objects Reference Help
6,RequestCtrl [SimTalk],4199,4200,Attributes of the Importer,11. Objects Reference Help
6,WaitForFreeTarget [SimTalk] - transport importer,4201,4201,Attributes of the Importer,11. Objects Reference Help
5,Attributes of Sensors,4202,4220,Attributes of the Material Flow Objects,11. Objects Reference Help
6,_Attributes of Sensors,4202,4202,Attributes of Sensors,11. Objects Reference Help
6,Activate [SimTalk] - sensors,4203,4203,Attributes of Sensors,11. Objects Reference Help
6,BookPosition [SimTalk],4204,4205,Attributes of Sensors,11. Objects Reference Help
6,Control [SimTalk] - sensors,4206,4209,Attributes of Sensors,11. Objects Reference Help
6,Destination [SimTalk] - sensors,4210,4210,Attributes of Sensors,11. Objects Reference Help
6,Front [SimTalk],4211,4212,Attributes of Sensors,11. Objects Reference Help
6,Lanes [SimTalk],4213,4213,Attributes of Sensors,11. Objects Reference Help
6,Lightbarriermode [SimTalk],4214,4215,Attributes of Sensors,11. Objects Reference Help
6,Location [SimTalk] - sensors,4216,4216,Attributes of Sensors,11. Objects Reference Help
6,Position [SimTalk] - sensors,4217,4218,Attributes of Sensors,11. Objects Reference Help
6,PositionType [SimTalk],4219,4219,Attributes of Sensors,11. Objects Reference Help
6,Rear [SimTalk],4220,4220,Attributes of Sensors,11. Objects Reference Help
3,Connector,4221,4242,Material Flow Objects,11. Objects Reference Help
4,Connector,4221,4223,Connector,11. Objects Reference Help
4,Dialog Box of the Connector,4224,4230,Connector,11. Objects Reference Help
5,Dialog Box of the Connector,4224,4224,Dialog Box of the Connector,11. Objects Reference Help
5,Tab Attributes,4224,4226,Dialog Box of the Connector,11. Objects Reference Help
6,Tab Attributes,4224,4224,Tab Attributes,11. Objects Reference Help
6,Width [text box] - Connector,4225,4225,Tab Attributes,11. Objects Reference Help
6,Color [Connector],4226,4226,Tab Attributes,11. Objects Reference Help
5,Tab User-defined,4227,4227,Dialog Box of the Connector,11. Objects Reference Help
5,Navigate Menu,4228,4228,Dialog Box of the Connector,11. Objects Reference Help
5,View Menu,4229,4229,Dialog Box of the Connector,11. Objects Reference Help
5,Tools Menu,4230,4230,Dialog Box of the Connector,11. Objects Reference Help
5,Help Menu,4231,4231,Dialog Box of the Connector,11. Objects Reference Help
4,Methods of the Connector,4231,4233,Connector,11. Objects Reference Help
5,_Methods of the Connector,4231,4232,Methods of the Connector,11. Objects Reference Help
5,connect [SimTalk],4233,4233,Methods of the Connector,11. Objects Reference Help
4,Read-Only Attributes of the Connector,4234,4238,Connector,11. Objects Reference Help
5,_Read-Only Attributes of the Connector,4234,4235,Read-Only Attributes of the Connector,11. Objects Reference Help
5,PredInterface [SimTalk],4236,4236,Read-Only Attributes of the Connector,11. Objects Reference Help
5,PredLane [SimTalk] - Connector,4237,4237,Read-Only Attributes of the Connector,11. Objects Reference Help
5,SuccInterface [SimTalk],4238,4238,Read-Only Attributes of the Connector,11. Objects Reference Help
5,SuccLane [SimTalk] - Connector,4239,4239,Read-Only Attributes of the Connector,11. Objects Reference Help
4,Attributes of the Connector,4239,4242,Connector,11. Objects Reference Help
5,_Attributes of the Connector,4239,4240,Attributes of the Connector,11. Objects Reference Help
5,Color [SimTalk] - Connector,4241,4241,Attributes of the Connector,11. Objects Reference Help
5,Width [SimTalk] - Connector,4242,4242,Attributes of the Connector,11. Objects Reference Help
3,EventController,4243,4341,Material Flow Objects,11. Objects Reference Help
4,EventController [object],4243,4245,EventController,11. Objects Reference Help
4,Dialog Box of the EventController,4246,4306,EventController,11. Objects Reference Help
5,Dialog Box of the EventController,4246,4246,Dialog Box of the EventController,11. Objects Reference Help
5,Time [EventController],4247,4247,Dialog Box of the EventController,11. Objects Reference Help
5,Tab Controls,4248,4270,Dialog Box of the EventController,11. Objects Reference Help
6,Tab Controls,4248,4248,Tab Controls,11. Objects Reference Help
6,Reset Simulation [EventController],4249,4250,Tab Controls,11. Objects Reference Help
6,Start/Stop Simulation [EventController],4251,4251,Tab Controls,11. Objects Reference Help
6,Start Full Speed Simulation [EventController],4252,4252,Tab Controls,11. Objects Reference Help
6,Start Fast Forward Simulation [EventController],4253,4253,Tab Controls,11. Objects Reference Help
6,Single Step Simulation [EventController],4254,4254,Tab Controls,11. Objects Reference Help
6,List of Scheduled Events,4254,4268,Tab Controls,11. Objects Reference Help
7,List of Events,4254,4255,List of Scheduled Events,11. Objects Reference Help
7,Event List,4256,4258,List of Scheduled Events,11. Objects Reference Help
7,Context Menu of the List of Scheduled Events,4259,4268,List of Scheduled Events,11. Objects Reference Help
8,Context Menu of the List of Scheduled Events,4259,4260,Context Menu of the List of Scheduled Events,11. Objects Reference Help
8,Show Receiver,4261,4261,Context Menu of the List of Scheduled Events,11. Objects Reference Help
8,Open Receiver,4262,4262,Context Menu of the List of Scheduled Events,11. Objects Reference Help
8,Show Sender,4263,4263,Context Menu of the List of Scheduled Events,11. Objects Reference Help
8,Open Sender,4264,4264,Context Menu of the List of Scheduled Events,11. Objects Reference Help
8,Stop at Event [context menu],4265,4265,Context Menu of the List of Scheduled Events,11. Objects Reference Help
8,Create Breakpoint from Event,4266,4266,Context Menu of the List of Scheduled Events,11. Objects Reference Help
8,Run to Time [context menu],4267,4267,Context Menu of the List of Scheduled Events,11. Objects Reference Help
8,Time [context menu],4268,4268,Context Menu of the List of Scheduled Events,11. Objects Reference Help
6,Slower/Faster Slider,4269,4269,Tab Controls,11. Objects Reference Help
6,Real-time x [EventController],4270,4270,Tab Controls,11. Objects Reference Help
5,Tab Settings,4271,4277,Dialog Box of the EventController,11. Objects Reference Help
6,Tab Settings,4271,4271,Tab Settings,11. Objects Reference Help
6,Start Date [EventController],4272,4272,Tab Settings,11. Objects Reference Help
6,End Time [EventController],4273,4273,Tab Settings,11. Objects Reference Help
6,Statistics [EventController],4274,4274,Tab Settings,11. Objects Reference Help
6,Skip Long Event Intervals,4275,4276,Tab Settings,11. Objects Reference Help
6,Show Summary Report [EventController],4277,4277,Tab Settings,11. Objects Reference Help
5,Dialog Box of the Event Debugger,4278,4299,Dialog Box of the EventController,11. Objects Reference Help
6,Dialog Box of the Event Debugger,4278,4279,Dialog Box of the Event Debugger,11. Objects Reference Help
6,Breakpoints Active,4280,4280,Dialog Box of the Event Debugger,11. Objects Reference Help
6,Breakpoints,4280,4288,Dialog Box of the Event Debugger,11. Objects Reference Help
7,Breakpoints [described],4280,4280,Breakpoints,11. Objects Reference Help
7,The Dialog Breakpoint,4281,4288,Breakpoints,11. Objects Reference Help
8,The Dialog Box Breakpoint,4281,4281,The Dialog Breakpoint,11. Objects Reference Help
8,Receiver,4282,4282,The Dialog Breakpoint,11. Objects Reference Help
8,Sender,4283,4283,The Dialog Breakpoint,11. Objects Reference Help
8,Start Time [breakpoint],4284,4284,The Dialog Breakpoint,11. Objects Reference Help
8,Stop Time,4285,4285,The Dialog Breakpoint,11. Objects Reference Help
8,Type [breakpoint],4286,4286,The Dialog Breakpoint,11. Objects Reference Help
8,Condition [breakpoint],4287,4287,The Dialog Breakpoint,11. Objects Reference Help
8,Trace File [breakpoint],4288,4288,The Dialog Breakpoint,11. Objects Reference Help
6,Run to Time [text box],4289,4289,Dialog Box of the Event Debugger,11. Objects Reference Help
6,Trace File [check box],4290,4290,Dialog Box of the Event Debugger,11. Objects Reference Help
6,Trace File [text box],4291,4291,Dialog Box of the Event Debugger,11. Objects Reference Help
6,Reset Simulation [EventDebugger],4292,4292,Dialog Box of the Event Debugger,11. Objects Reference Help
6,Start/Stop Simulation [EventDebugger],4293,4293,Dialog Box of the Event Debugger,11. Objects Reference Help
6,Start Full Speed Simulation [EventDebugger],4294,4294,Dialog Box of the Event Debugger,11. Objects Reference Help
6,Start Fast Forward Simulation [EventDebugger],4295,4295,Dialog Box of the Event Debugger,11. Objects Reference Help
6,Single Step Simulation [EventDebugger],4296,4296,Dialog Box of the Event Debugger,11. Objects Reference Help
6,Debug Next Simulation Step [EventDebugger],4297,4297,Dialog Box of the Event Debugger,11. Objects Reference Help
6,Step Halts Additionally Before Event,4298,4298,Dialog Box of the Event Debugger,11. Objects Reference Help
6,Close [Event Debugger],4299,4299,Dialog Box of the Event Debugger,11. Objects Reference Help
5,Navigate Menu,4300,4300,Dialog Box of the EventController,11. Objects Reference Help
5,View Menu,4300,4300,Dialog Box of the EventController,11. Objects Reference Help
6,View Menu,4300,4300,View Menu,11. Objects Reference Help
6,Show Summary Report [menu command],4301,4301,View Menu,11. Objects Reference Help
5,Tools Menu,4301,4306,Dialog Box of the EventController,11. Objects Reference Help
6,Tools Menu [EventController],4301,4301,Tools Menu,11. Objects Reference Help
6,Init Control [EventController],4302,4303,Tools Menu,11. Objects Reference Help
6,Random Numbers Variant,4304,4304,Tools Menu,11. Objects Reference Help
6,Increment Variant on Reset,4305,4305,Tools Menu,11. Objects Reference Help
6,Antithetic Random Numbers,4306,4306,Tools Menu,11. Objects Reference Help
5,Help Menu,4307,4307,Dialog Box of the EventController,11. Objects Reference Help
4,Methods of the EventController,4307,4314,EventController,11. Objects Reference Help
5,_Methods of the EventController,4307,4308,Methods of the EventController,11. Objects Reference Help
5,getEventList [SimTalk],4309,4309,Methods of the EventController,11. Objects Reference Help
5,reset [SimTalk] - EventController,4310,4311,Methods of the EventController,11. Objects Reference Help
5,start [SimTalk] - EventController,4312,4313,Methods of the EventController,11. Objects Reference Help
5,stop [SimTalk] - EventController,4314,4314,Methods of the EventController,11. Objects Reference Help
4,Read-Only Attributes of the EventController,4315,4322,EventController,11. Objects Reference Help
5,_Read-Only Attributes of the EventController,4315,4315,Read-Only Attributes of the EventController,11. Objects Reference Help
5,AbsSimTime [SimTalk],4316,4316,Read-Only Attributes of the EventController,11. Objects Reference Help
5,GetNextEventTime [SimTalk],4317,4317,Read-Only Attributes of the EventController,11. Objects Reference Help
5,IsFinished [SimTalk],4318,4318,Read-Only Attributes of the EventController,11. Objects Reference Help
5,IsInitialized [SimTalk],4319,4319,Read-Only Attributes of the EventController,11. Objects Reference Help
5,IsResetting [SimTalk],4320,4320,Read-Only Attributes of the EventController,11. Objects Reference Help
5,IsRunning [SimTalk],4321,4321,Read-Only Attributes of the EventController,11. Objects Reference Help
5,SimTime [SimTalk],4322,4322,Read-Only Attributes of the EventController,11. Objects Reference Help
4,Attributes of the EventController,4323,4341,EventController,11. Objects Reference Help
5,_Attributes of the EventController,4323,4324,Attributes of the EventController,11. Objects Reference Help
5,AbsTimeFormat [SimTalk],4325,4325,Attributes of the EventController,11. Objects Reference Help
5,BreakpointsActive [SimTalk],4326,4326,Attributes of the EventController,11. Objects Reference Help
5,EndTime [SimTalk] - EventController,4327,4327,Attributes of the EventController,11. Objects Reference Help
5,ExperimentManager [SimTalk],4328,4328,Attributes of the EventController,11. Objects Reference Help
5,IncrementRandomNumbersVariantOnReset [SimTalk],4329,4329,Attributes of the EventController,11. Objects Reference Help
5,InitCtrl [SimTalk] - EventController,4330,4331,Attributes of the EventController,11. Objects Reference Help
5,RandomNumbersVariant [SimTalk],4332,4332,Attributes of the EventController,11. Objects Reference Help
5,Realtime [SimTalk],4333,4333,Attributes of the EventController,11. Objects Reference Help
5,RealtimeScale [SimTalk],4334,4334,Attributes of the EventController,11. Objects Reference Help
5,ResetCtrl [SimTalk],4335,4335,Attributes of the EventController,11. Objects Reference Help
5,SkipLongEventIntervals [SimTalk],4336,4336,Attributes of the EventController,11. Objects Reference Help
5,StartDate [SimTalk] - EventController,4337,4337,Attributes of the EventController,11. Objects Reference Help
5,StartStat [SimTalk],4338,4338,Attributes of the EventController,11. Objects Reference Help
5,StartStopCtrl [SimTalk],4339,4339,Attributes of the EventController,11. Objects Reference Help
5,SummaryReport [SimTalk],4340,4340,Attributes of the EventController,11. Objects Reference Help
5,TraceActive [SimTalk],4341,4341,Attributes of the EventController,11. Objects Reference Help
5,TraceFile [SimTalk],4342,4342,Attributes of the EventController,11. Objects Reference Help
3,Frame,4342,4472,Material Flow Objects,11. Objects Reference Help
4,Frame [object],4342,4345,Frame,11. Objects Reference Help
4,The Frame Window,4346,4445,Frame,11. Objects Reference Help
5,The Frame Window,4346,4346,The Frame Window,11. Objects Reference Help
5,Drag-and-Drop While Modeling,4347,4347,The Frame Window,11. Objects Reference Help
5,System Menu of the Frame,4347,4355,The Frame Window,11. Objects Reference Help
6,System Menu of the Frame,4347,4348,System Menu of the Frame,11. Objects Reference Help
6,Use Left Area,4349,4349,System Menu of the Frame,11. Objects Reference Help
6,Use Right Area,4350,4350,System Menu of the Frame,11. Objects Reference Help
6,Restore,4351,4351,System Menu of the Frame,11. Objects Reference Help
6,Move [window position],4352,4352,System Menu of the Frame,11. Objects Reference Help
6,Size [window position],4353,4353,System Menu of the Frame,11. Objects Reference Help
6,Minimize,4354,4354,System Menu of the Frame,11. Objects Reference Help
6,Maximize,4355,4355,System Menu of the Frame,11. Objects Reference Help
6,Close [Frame window],4356,4356,System Menu of the Frame,11. Objects Reference Help
5,Frame Ribbon Tab,4356,4403,The Frame Window,11. Objects Reference Help
6,Frame Ribbon Tab,4356,4357,Frame Ribbon Tab,11. Objects Reference Help
6,Find Object [button],4358,4358,Frame Ribbon Tab,11. Objects Reference Help
6,Incremental Find Object,4359,4359,Frame Ribbon Tab,11. Objects Reference Help
6,Show Unconnected Objects,4360,4360,Frame Ribbon Tab,11. Objects Reference Help
6,Select Shift Calendar,4361,4361,Frame Ribbon Tab,11. Objects Reference Help
6,Configure User-defined Ribbon Tab,4361,4385,Frame Ribbon Tab,11. Objects Reference Help
7,Configure User-defined Ribbon Tab,4361,4363,Configure User-defined Ribbon Tab,11. Objects Reference Help
7,Title [user-defined ribbon tab],4364,4364,Configure User-defined Ribbon Tab,11. Objects Reference Help
7,Active [check box] - user-defined ribbon tab,4365,4365,Configure User-defined Ribbon Tab,11. Objects Reference Help
7,New [ribbon command],4365,4375,Configure User-defined Ribbon Tab,11. Objects Reference Help
8,New [ribbon command],4365,4365,New [ribbon command],11. Objects Reference Help
8,Text to Display,4366,4374,New [ribbon command],11. Objects Reference Help
9,Text to Display [user-defined ribbon tab],4366,4367,Text to Display,11. Objects Reference Help
9,Create a Ribbon Group,4368,4369,Text to Display,11. Objects Reference Help
9,Add an Icon to a Ribbon Command,4370,4371,Text to Display,11. Objects Reference Help
9,Dynamically Add a Ribbon Command,4372,4372,Text to Display,11. Objects Reference Help
9,Add a Command Separator,4373,4373,Text to Display,11. Objects Reference Help
9,Create an Access Key,4374,4374,Text to Display,11. Objects Reference Help
8,Method to Execute [user-defined ribbon tab],4375,4375,New [ribbon command],11. Objects Reference Help
7,Delete [ribbon command],4376,4376,Configure User-defined Ribbon Tab,11. Objects Reference Help
7,Inherit User-defined Ribbon Tab,4377,4377,Configure User-defined Ribbon Tab,11. Objects Reference Help
7,Context Menu User-defined Ribbon Tab/Context Menu,4377,4382,Configure User-defined Ribbon Tab,11. Objects Reference Help
8,Context Menu of the User-defined Ribbon Tab,4377,4377,Context Menu User-defined Ribbon Tab/Context Menu,11. Objects Reference Help
8,Insert Row [user-defined ribbon tab],4378,4378,Context Menu User-defined Ribbon Tab/Context Menu,11. Objects Reference Help
8,Delete Row [user-defined ribbon tab],4379,4379,Context Menu User-defined Ribbon Tab/Context Menu,11. Objects Reference Help
8,Cut Row [user-defined ribbon tab],4380,4380,Context Menu User-defined Ribbon Tab/Context Menu,11. Objects Reference Help
8,Copy Row [user-defined ribbon tab],4381,4381,Context Menu User-defined Ribbon Tab/Context Menu,11. Objects Reference Help
8,Paste Row [user-defined ribbon tab],4382,4382,Context Menu User-defined Ribbon Tab/Context Menu,11. Objects Reference Help
7,Keyboard Shortcuts for User-defined Ribbon Tab/Context Menu,4383,4383,Configure User-defined Ribbon Tab,11. Objects Reference Help
7,Attributes of the User-defined Ribbon Tab,4383,4385,Configure User-defined Ribbon Tab,11. Objects Reference Help
8,Attributes of the User-defined Ribbon Tab,4383,4383,Attributes of the User-defined Ribbon Tab,11. Objects Reference Help
8,ShowUserMenu [SimTalk],4384,4384,Attributes of the User-defined Ribbon Tab,11. Objects Reference Help
8,UserMenu [SimTalk],4385,4385,Attributes of the User-defined Ribbon Tab,11. Objects Reference Help
8,UserMenuTitle [SimTalk],4386,4386,Attributes of the User-defined Ribbon Tab,11. Objects Reference Help
6,Configure User-defined Context Menu,4386,4395,Frame Ribbon Tab,11. Objects Reference Help
7,Configure User-defined Context Menu,4386,4388,Configure User-defined Context Menu,11. Objects Reference Help
7,Active [check box] - user-defined context menu,4389,4389,Configure User-defined Context Menu,11. Objects Reference Help
7,New [Context Menu Command],4389,4392,Configure User-defined Context Menu,11. Objects Reference Help
8,New [Context Menu Command],4389,4390,New [Context Menu Command],11. Objects Reference Help
8,Text to Display [user-defined context menu],4391,4391,New [Context Menu Command],11. Objects Reference Help
8,Method to Execute [user-defined context menu],4392,4392,New [Context Menu Command],11. Objects Reference Help
7,Delete [Context Menu Command],4393,4393,Configure User-defined Context Menu,11. Objects Reference Help
7,Attributes of the User-defined Context Menu,4393,4395,Configure User-defined Context Menu,11. Objects Reference Help
8,Attributes of the User-defined Context Menu,4393,4393,Attributes of the User-defined Context Menu,11. Objects Reference Help
8,ShowUserPopupMenu [SimTalk],4394,4394,Attributes of the User-defined Context Menu,11. Objects Reference Help
8,UserPopupMenu [SimTalk],4395,4395,Attributes of the User-defined Context Menu,11. Objects Reference Help
7,Inherit User-defined Context Menu,4396,4396,Configure User-defined Context Menu,11. Objects Reference Help
6,Replacement Mode,4396,4402,Frame Ribbon Tab,11. Objects Reference Help
7,Replacement Mode,4396,4397,Replacement Mode,11. Objects Reference Help
7,Merge,4398,4398,Replacement Mode,11. Objects Reference Help
7,Exchange,4399,4399,Replacement Mode,11. Objects Reference Help
7,"Merge Classes, Example",4400,4400,Replacement Mode,11. Objects Reference Help
7,"Exchange Classes, Example",4401,4401,Replacement Mode,11. Objects Reference Help
7,Inherit Replacement Mode,4402,4402,Replacement Mode,11. Objects Reference Help
6,Lock Structure [Frame ribbon],4403,4403,Frame Ribbon Tab,11. Objects Reference Help
5,Context Menu of the Frame Itself,4404,4404,The Frame Window,11. Objects Reference Help
5,Context Menu of the Selected Object in the Frame,4405,4445,The Frame Window,11. Objects Reference Help
6,Context Menu of the Selected Object in the Frame,4405,4406,Context Menu of the Selected Object in the Frame,11. Objects Reference Help
6,Activate [in Frame],4407,4407,Context Menu of the Selected Object in the Frame,11. Objects Reference Help
6,Calculate Angles,4408,4408,Context Menu of the Selected Object in the Frame,11. Objects Reference Help
6,Controls [in Frame],4409,4409,Context Menu of the Selected Object in the Frame,11. Objects Reference Help
6,Create Sensor [in Frame],4410,4410,Context Menu of the Selected Object in the Frame,11. Objects Reference Help
6,Delete Sensor [in Frame],4411,4411,Context Menu of the Selected Object in the Frame,11. Objects Reference Help
6,Deactivate,4412,4412,Context Menu of the Selected Object in the Frame,11. Objects Reference Help
6,Edit Dialog [in Frame],4413,4413,Context Menu of the Selected Object in the Frame,11. Objects Reference Help
6,Edit Icons [in Frame],4414,4414,Context Menu of the Selected Object in the Frame,11. Objects Reference Help
6,Edit User-defined Attributes [in Frame],4415,4415,Context Menu of the Selected Object in the Frame,11. Objects Reference Help
6,Event Debugger [in Frame],4416,4416,Context Menu of the Selected Object in the Frame,11. Objects Reference Help
6,Open [in Frame],4417,4417,Context Menu of the Selected Object in the Frame,11. Objects Reference Help
6,Open Class [in Frame],4418,4418,Context Menu of the Selected Object in the Frame,11. Objects Reference Help
6,Open Comment Window,4419,4419,Context Menu of the Selected Object in the Frame,11. Objects Reference Help
6,Open Debugger,4420,4420,Context Menu of the Selected Object in the Frame,11. Objects Reference Help
6,Open External Connections List,4421,4421,Context Menu of the Selected Object in the Frame,11. Objects Reference Help
6,Open Origin [in Frame],4422,4422,Context Menu of the Selected Object in the Frame,11. Objects Reference Help
6,Open Sensor,4423,4423,Context Menu of the Selected Object in the Frame,11. Objects Reference Help
6,Open Values Table,4424,4424,Context Menu of the Selected Object in the Frame,11. Objects Reference Help
6,Open Without Control,4425,4425,Context Menu of the Selected Object in the Frame,11. Objects Reference Help
6,Rename [in Frame],4426,4426,Context Menu of the Selected Object in the Frame,11. Objects Reference Help
6,Reorder Successors,4427,4428,Context Menu of the Selected Object in the Frame,11. Objects Reference Help
6,Reset Simulation [in Frame],4429,4429,Context Menu of the Selected Object in the Frame,11. Objects Reference Help
6,Run [Method in Frame],4430,4430,Context Menu of the Selected Object in the Frame,11. Objects Reference Help
6,Show [in Frame],4431,4431,Context Menu of the Selected Object in the Frame,11. Objects Reference Help
6,Show Assigned Objects [in Frame],4432,4432,Context Menu of the Selected Object in the Frame,11. Objects Reference Help
6,Show Attributes and Methods [in Frame],4433,4433,Context Menu of the Selected Object in the Frame,11. Objects Reference Help
6,Show Dialog [in Frame],4434,4434,Context Menu of the Selected Object in the Frame,11. Objects Reference Help
6,Show Exported Services,4435,4435,Context Menu of the Selected Object in the Frame,11. Objects Reference Help
6,Show External Connected Objects,4436,4436,Context Menu of the Selected Object in the Frame,11. Objects Reference Help
6,Show Sessions Log,4437,4437,Context Menu of the Selected Object in the Frame,11. Objects Reference Help
6,Show Statistics Report [in Frame],4438,4439,Context Menu of the Selected Object in the Frame,11. Objects Reference Help
6,Show Structure [in Frame],4440,4440,Context Menu of the Selected Object in the Frame,11. Objects Reference Help
6,Start/Stop Simulation [in Frame],4441,4441,Context Menu of the Selected Object in the Frame,11. Objects Reference Help
6,Start Fast Forward Simulation [in Frame],4442,4442,Context Menu of the Selected Object in the Frame,11. Objects Reference Help
6,Statistics Wizard [in Frame],4443,4443,Context Menu of the Selected Object in the Frame,11. Objects Reference Help
6,Type Info [in Frame],4444,4444,Context Menu of the Selected Object in the Frame,11. Objects Reference Help
6,Update [in Frame],4445,4445,Context Menu of the Selected Object in the Frame,11. Objects Reference Help
4,States of the Frame,4446,4446,Frame,11. Objects Reference Help
4,Methods of the Frame,4447,4453,Frame,11. Objects Reference Help
5,_Methods of the Frame,4447,4448,Methods of the Frame,11. Objects Reference Help
5,getHTMLCode [SimTalk] - Frame,4449,4450,Methods of the Frame,11. Objects Reference Help
5,node [SimTalk] - Frame,4451,4452,Methods of the Frame,11. Objects Reference Help
5,pasteClipboard [SimTalk] - Frame,4453,4453,Methods of the Frame,11. Objects Reference Help
5,statistics [SimTalk] - Frame,4454,4454,Methods of the Frame,11. Objects Reference Help
4,Read-Only Attributes of the Frame,4454,4459,Frame,11. Objects Reference Help
5,_Read-Only Attributes of the Frame,4454,4455,Read-Only Attributes of the Frame,11. Objects Reference Help
5,Capacity [SimTalk] - Frame,4456,4456,Read-Only Attributes of the Frame,11. Objects Reference Help
5,EventController [SimTalk] - Frame,4457,4457,Read-Only Attributes of the Frame,11. Objects Reference Help
5,NumberOfLimitedObjects [SimTalk],4458,4459,Read-Only Attributes of the Frame,11. Objects Reference Help
5,NumNodes [SimTalk] - Frame,4460,4460,Read-Only Attributes of the Frame,11. Objects Reference Help
4,Attributes of the Frame,4460,4472,Frame,11. Objects Reference Help
5,_Attributes of the Frame,4460,4461,Attributes of the Frame,11. Objects Reference Help
5,Failed [SimTalk] - Frame,4462,4462,Attributes of the Frame,11. Objects Reference Help
5,LockStructure [SimTalk],4463,4463,Attributes of the Frame,11. Objects Reference Help
5,Pause [SimTalk] - Frame,4464,4464,Attributes of the Frame,11. Objects Reference Help
5,ReplacementMode [SimTalk],4465,4465,Attributes of the Frame,11. Objects Reference Help
5,ShiftCalendarObject [SimTalk] - Frame,4466,4466,Attributes of the Frame,11. Objects Reference Help
5,StateBlocked [SimTalk],4467,4467,Attributes of the Frame,11. Objects Reference Help
5,StateEntryShut [SimTalk],4468,4468,Attributes of the Frame,11. Objects Reference Help
5,StateResourceMissing [SimTalk],4469,4469,Attributes of the Frame,11. Objects Reference Help
5,StateSetup [SimTalk],4470,4470,Attributes of the Frame,11. Objects Reference Help
5,StateWorking [SimTalk],4471,4471,Attributes of the Frame,11. Objects Reference Help
5,Stopped [SimTalk] - Frame,4472,4472,Attributes of the Frame,11. Objects Reference Help
5,Unplanned [SimTalk] - Frame,4473,4473,Attributes of the Frame,11. Objects Reference Help
3,Interface,4473,4496,Material Flow Objects,11. Objects Reference Help
4,Interface,4473,4476,Interface,11. Objects Reference Help
4,Dialog Box of the Interface,4477,4488,Interface,11. Objects Reference Help
5,Dialog Box of the Interface,4477,4477,Dialog Box of the Interface,11. Objects Reference Help
5,Tab Attributes,4478,4482,Dialog Box of the Interface,11. Objects Reference Help
6,Tab Attributes,4478,4478,Tab Attributes,11. Objects Reference Help
6,Type [Interface],4479,4479,Tab Attributes,11. Objects Reference Help
6,Maximum Number of External Connections [Interface],4480,4480,Tab Attributes,11. Objects Reference Help
6,Side [drop-down list],4481,4481,Tab Attributes,11. Objects Reference Help
6,Position in % [Interface],4482,4482,Tab Attributes,11. Objects Reference Help
5,Tab Exit [Interface],4483,4484,Dialog Box of the Interface,11. Objects Reference Help
5,Tab User-defined,4485,4485,Dialog Box of the Interface,11. Objects Reference Help
5,Navigate Menu,4486,4486,Dialog Box of the Interface,11. Objects Reference Help
5,View Menu,4486,4487,Dialog Box of the Interface,11. Objects Reference Help
6,View Menu,4486,4486,View Menu,11. Objects Reference Help
6,External Connections,4487,4487,View Menu,11. Objects Reference Help
5,Tools Menu,4488,4488,Dialog Box of the Interface,11. Objects Reference Help
5,Help Menu,4489,4489,Dialog Box of the Interface,11. Objects Reference Help
4,Methods of the Interface,4489,4489,Interface,11. Objects Reference Help
5,Methods of the Interface,4489,4489,Methods of the Interface,11. Objects Reference Help
4,Read-Only Attributes of the Interface,4490,4492,Interface,11. Objects Reference Help
5,_Read-Only Attributes of the Interface,4490,4491,Read-Only Attributes of the Interface,11. Objects Reference Help
5,IsEntry [SimTalk],4492,4492,Read-Only Attributes of the Interface,11. Objects Reference Help
5,IsExit [SimTalk],4493,4493,Read-Only Attributes of the Interface,11. Objects Reference Help
4,Attributes of the Interface,4493,4496,Interface,11. Objects Reference Help
5,_Attributes of the Interface,4493,4494,Attributes of the Interface,11. Objects Reference Help
5,MaxConnections [SimTalk] - Interface,4495,4495,Attributes of the Interface,11. Objects Reference Help
5,Position [SimTalk] - Interface,4496,4496,Attributes of the Interface,11. Objects Reference Help
5,Side [SimTalk],4497,4497,Attributes of the Interface,11. Objects Reference Help
3,Source,4497,4565,Material Flow Objects,11. Objects Reference Help
4,Source,4497,4498,Source,11. Objects Reference Help
4,Dialog Box of the Source,4499,4540,Source,11. Objects Reference Help
5,Dialog Box of the Source,4499,4499,Dialog Box of the Source,11. Objects Reference Help
5,Tab Attributes,4500,4529,Dialog Box of the Source,11. Objects Reference Help
6,Tab Attributes,4500,4500,Tab Attributes,11. Objects Reference Help
6,Operating Mode [check box],4501,4501,Tab Attributes,11. Objects Reference Help
6,Time of Creation,4501,4513,Tab Attributes,11. Objects Reference Help
7,Time of Creation [Source],4501,4503,Time of Creation,11. Objects Reference Help
7,Interval Adjustable [time of creation],4504,4505,Time of Creation,11. Objects Reference Help
7,Number Adjustable [time of creation],4506,4507,Time of Creation,11. Objects Reference Help
7,Delivery Table [time of creation],4508,4510,Time of Creation,11. Objects Reference Help
7,Trigger [time of creation],4511,4513,Time of Creation,11. Objects Reference Help
6,Interval [Source],4514,4514,Tab Attributes,11. Objects Reference Help
6,Start [Source],4515,4515,Tab Attributes,11. Objects Reference Help
6,Stop [Source],4516,4516,Tab Attributes,11. Objects Reference Help
6,MU Selection,4516,4529,Tab Attributes,11. Objects Reference Help
7,MU selection [drop-down list],4516,4518,MU Selection,11. Objects Reference Help
7,Constant [MU selection],4519,4519,MU Selection,11. Objects Reference Help
7,Sequence Cyclical [MU selection],4520,4521,MU Selection,11. Objects Reference Help
7,Sequence [MU selection],4522,4523,MU Selection,11. Objects Reference Help
7,Random [MU selection],4524,4525,MU Selection,11. Objects Reference Help
7,Percentage [MU selection],4526,4527,MU Selection,11. Objects Reference Help
7,Order Controlled [MU selection],4528,4528,MU Selection,11. Objects Reference Help
7,Generate as Batch [check box],4529,4529,MU Selection,11. Objects Reference Help
5,Tab Failures,4530,4530,Dialog Box of the Source,11. Objects Reference Help
5,Tab Controls,4531,4532,Dialog Box of the Source,11. Objects Reference Help
5,Tab Exit,4533,4533,Dialog Box of the Source,11. Objects Reference Help
5,Tab Statistics,4533,4536,Dialog Box of the Source,11. Objects Reference Help
6,Tab Statistics [Source],4533,4533,Tab Statistics,11. Objects Reference Help
6,Creation Table [Source],4534,4534,Tab Statistics,11. Objects Reference Help
6,Open [creation table],4535,4536,Tab Statistics,11. Objects Reference Help
5,Tab User-defined,4537,4537,Dialog Box of the Source,11. Objects Reference Help
5,Navigate Menu,4538,4538,Dialog Box of the Source,11. Objects Reference Help
5,View Menu,4538,4539,Dialog Box of the Source,11. Objects Reference Help
6,View Menu,4538,4538,View Menu,11. Objects Reference Help
6,Show Orders [Source],4539,4539,View Menu,11. Objects Reference Help
5,Tools Menu,4540,4540,Dialog Box of the Source,11. Objects Reference Help
5,Help Menu,4541,4541,Dialog Box of the Source,11. Objects Reference Help
4,Methods of the Source,4541,4545,Source,11. Objects Reference Help
5,_Methods of the Source,4541,4542,Methods of the Source,11. Objects Reference Help
5,creationTable [SimTalk] - Source,4543,4543,Methods of the Source,11. Objects Reference Help
5,getCurrentOrderTableRow [SimTalk],4544,4544,Methods of the Source,11. Objects Reference Help
5,orderParts [SimTalk] - Source,4545,4545,Methods of the Source,11. Objects Reference Help
4,Read-Only Attributes of the Source,4546,4546,Source,11. Objects Reference Help
5,Read-Only Attributes of the Source,4546,4546,Read-Only Attributes of the Source,11. Objects Reference Help
5,CurrentBatchNumber [SimTalk],4547,4547,Read-Only Attributes of the Source,11. Objects Reference Help
4,Attributes of the Source,4547,4565,Source,11. Objects Reference Help
5,_Attributes of the Source,4547,4548,Attributes of the Source,11. Objects Reference Help
5,Blocking [SimTalk],4549,4549,Attributes of the Source,11. Objects Reference Help
5,CreationTableActive [SimTalk],4550,4550,Attributes of the Source,11. Objects Reference Help
5,GenerateAsBatch [SimTalk],4551,4552,Attributes of the Source,11. Objects Reference Help
5,Interval [SimTalk] - Source,4553,4554,Attributes of the Source,11. Objects Reference Help
5,MUSelection [SimTalk],4555,4555,Attributes of the Source,11. Objects Reference Help
5,Number [SimTalk],4556,4557,Attributes of the Source,11. Objects Reference Help
5,Path [SimTalk] - Source,4558,4559,Attributes of the Source,11. Objects Reference Help
5,Start [SimTalk] - Source,4560,4561,Attributes of the Source,11. Objects Reference Help
5,Stop [SimTalk] - Source,4562,4563,Attributes of the Source,11. Objects Reference Help
5,TimeOfGeneration [SimTalk],4564,4565,Attributes of the Source,11. Objects Reference Help
5,Trigger [SimTalk],4566,4566,Attributes of the Source,11. Objects Reference Help
3,Drain,4566,4624,Material Flow Objects,11. Objects Reference Help
4,Drain [object],4566,4567,Drain,11. Objects Reference Help
4,Dialog Box of the Drain,4568,4593,Drain,11. Objects Reference Help
5,Dialog Box of the Drain,4568,4569,Dialog Box of the Drain,11. Objects Reference Help
5,Tab Times,4570,4570,Dialog Box of the Drain,11. Objects Reference Help
5,Tab Set-Up,4571,4571,Dialog Box of the Drain,11. Objects Reference Help
5,Tab Failures,4572,4572,Dialog Box of the Drain,11. Objects Reference Help
5,Tab Controls,4573,4574,Dialog Box of the Drain,11. Objects Reference Help
5,Tab Statistics [Drain],4575,4575,Dialog Box of the Drain,11. Objects Reference Help
5,Tab Type Statistics,4576,4587,Dialog Box of the Drain,11. Objects Reference Help
6,Tab Type Statistics,4576,4578,Tab Type Statistics,11. Objects Reference Help
6,Type Dependent Statistics,4579,4579,Tab Type Statistics,11. Objects Reference Help
6,Detailed Statistics Table [Drain],4580,4587,Tab Type Statistics,11. Objects Reference Help
5,Tab Importer [Drain],4588,4588,Dialog Box of the Drain,11. Objects Reference Help
5,Tab User-defined,4589,4589,Dialog Box of the Drain,11. Objects Reference Help
5,Navigate Menu,4590,4590,Dialog Box of the Drain,11. Objects Reference Help
5,View Menu,4591,4591,Dialog Box of the Drain,11. Objects Reference Help
5,Tools Menu,4592,4592,Dialog Box of the Drain,11. Objects Reference Help
5,Tabs Menu,4593,4593,Dialog Box of the Drain,11. Objects Reference Help
5,Help Menu,4594,4594,Dialog Box of the Drain,11. Objects Reference Help
4,Methods of the Drain,4594,4598,Drain,11. Objects Reference Help
5,Methods of the Drain,4594,4595,Methods of the Drain,11. Objects Reference Help
5,typeStatistics [SimTalk] - Drain,4596,4597,Methods of the Drain,11. Objects Reference Help
5,typeStatisticsCumulated [SimTalk],4598,4598,Methods of the Drain,11. Objects Reference Help
4,Read-Only Attributes of the Drain,4599,4622,Drain,11. Objects Reference Help
5,_Read-Only Attributes of the Drain,4599,4599,Read-Only Attributes of the Drain,11. Objects Reference Help
5,StatAvgExitInterval [SimTalk],4600,4600,Read-Only Attributes of the Drain,11. Objects Reference Help
5,StatAvgLifeSpan [SimTalk] - Drain,4601,4601,Read-Only Attributes of the Drain,11. Objects Reference Help
5,StatDeleted [SimTalk] - Drain,4602,4602,Read-Only Attributes of the Drain,11. Objects Reference Help
5,StatProdFailPortion [SimTalk] - Drain,4603,4603,Read-Only Attributes of the Drain,11. Objects Reference Help
5,StatProdPausingPortion [SimTalk] - Drain,4604,4604,Read-Only Attributes of the Drain,11. Objects Reference Help
5,StatProdSetupPortion [SimTalk] - Drain,4605,4605,Read-Only Attributes of the Drain,11. Objects Reference Help
5,StatProdStoppedPortion [SimTalk] - Drain,4606,4606,Read-Only Attributes of the Drain,11. Objects Reference Help
5,StatProdWaitingPortion [SimTalk] - Drain,4607,4607,Read-Only Attributes of the Drain,11. Objects Reference Help
5,StatProdWorkingPortion [SimTalk] - Drain,4608,4608,Read-Only Attributes of the Drain,11. Objects Reference Help
5,StatStoreFailPortion [SimTalk] - Drain,4609,4609,Read-Only Attributes of the Drain,11. Objects Reference Help
5,StatStorePausingPortion [SimTalk] - Drain,4610,4610,Read-Only Attributes of the Drain,11. Objects Reference Help
5,StatStoreSetUpPortion [SimTalk] - Drain,4611,4611,Read-Only Attributes of the Drain,11. Objects Reference Help
5,StatStoreStoppedPortion [SimTalk] - Drain,4612,4612,Read-Only Attributes of the Drain,11. Objects Reference Help
5,StatStoreWaitingPortion [SimTalk] - Drain,4613,4613,Read-Only Attributes of the Drain,11. Objects Reference Help
5,StatStoreWorkingPortion [SimTalk] - Drain,4614,4614,Read-Only Attributes of the Drain,11. Objects Reference Help
5,StatThroughputPerDay [SimTalk] - Drain,4615,4615,Read-Only Attributes of the Drain,11. Objects Reference Help
5,StatThroughputPerHour [SimTalk] - Drain,4616,4616,Read-Only Attributes of the Drain,11. Objects Reference Help
5,StatThroughputPerMinute [SimTalk],4617,4617,Read-Only Attributes of the Drain,11. Objects Reference Help
5,StatTranspFailPortion [SimTalk] - Drain,4618,4618,Read-Only Attributes of the Drain,11. Objects Reference Help
5,StatTranspPausingPortion [SimTalk] - Drain,4619,4619,Read-Only Attributes of the Drain,11. Objects Reference Help
5,StatTranspSetupPortion [SimTalk] - Drain,4620,4620,Read-Only Attributes of the Drain,11. Objects Reference Help
5,StatTranspStoppedPortion [SimTalk] - Drain,4621,4621,Read-Only Attributes of the Drain,11. Objects Reference Help
5,StatTranspWaitingPortion [SimTalk] - Drain,4622,4622,Read-Only Attributes of the Drain,11. Objects Reference Help
5,StatTranspWorkingPortion [SimTalk] - Drain,4623,4623,Read-Only Attributes of the Drain,11. Objects Reference Help
4,Attributes of the Drain,4623,4624,Drain,11. Objects Reference Help
5,Attributes of the Drain,4623,4624,Attributes of the Drain,11. Objects Reference Help
5,TypeStatOn [SimTalk],4625,4625,Attributes of the Drain,11. Objects Reference Help
3,Station,4625,4649,Material Flow Objects,11. Objects Reference Help
4,Station [object],4625,4627,Station,11. Objects Reference Help
4,Dialog Box of the Station,4628,4646,Station,11. Objects Reference Help
5,Dialog Box of the Station,4628,4628,Dialog Box of the Station,11. Objects Reference Help
5,Tab Times,4629,4629,Dialog Box of the Station,11. Objects Reference Help
5,Tab Set-Up,4630,4630,Dialog Box of the Station,11. Objects Reference Help
5,Tab Failures,4631,4631,Dialog Box of the Station,11. Objects Reference Help
5,Tab Controls,4632,4633,Dialog Box of the Station,11. Objects Reference Help
5,Tab Exit,4634,4634,Dialog Box of the Station,11. Objects Reference Help
5,Tab Statistics,4635,4635,Dialog Box of the Station,11. Objects Reference Help
5,Tab Importer,4636,4636,Dialog Box of the Station,11. Objects Reference Help
5,Tab Energy,4637,4637,Dialog Box of the Station,11. Objects Reference Help
5,Tab Costs,4638,4638,Dialog Box of the Station,11. Objects Reference Help
5,Tab User-defined,4639,4639,Dialog Box of the Station,11. Objects Reference Help
5,Navigate Menu,4640,4640,Dialog Box of the Station,11. Objects Reference Help
5,View Menu,4640,4644,Dialog Box of the Station,11. Objects Reference Help
6,View Menu,4640,4640,View Menu,11. Objects Reference Help
6,Exporters [Station],4641,4641,View Menu,11. Objects Reference Help
6,Services [Station],4642,4642,View Menu,11. Objects Reference Help
6,Unavailable Services [Station],4643,4643,View Menu,11. Objects Reference Help
6,Associated Workplaces [Station],4644,4644,View Menu,11. Objects Reference Help
5,Tools Menu,4645,4645,Dialog Box of the Station,11. Objects Reference Help
5,Tabs Menu,4646,4646,Dialog Box of the Station,11. Objects Reference Help
5,Help Menu,4647,4647,Dialog Box of the Station,11. Objects Reference Help
4,Methods of the Station,4647,4647,Station,11. Objects Reference Help
5,Methods of the Station,4647,4647,Methods of the Station,11. Objects Reference Help
4,Read-Only Attributes of the Station,4648,4648,Station,11. Objects Reference Help
5,Read-Only Attributes of the Station,4648,4648,Read-Only Attributes of the Station,11. Objects Reference Help
4,Attributes of the Station,4649,4649,Station,11. Objects Reference Help
5,Attributes of the Station,4649,4649,Attributes of the Station,11. Objects Reference Help
3,ParallelStation,4650,4685,Material Flow Objects,11. Objects Reference Help
4,ParallelStation,4650,4651,ParallelStation,11. Objects Reference Help
4,Dialog Box of the ParallelStation,4652,4673,ParallelStation,11. Objects Reference Help
5,Dialog Box of the ParallelStation,4652,4652,Dialog Box of the ParallelStation,11. Objects Reference Help
5,Tab Attributes,4653,4658,Dialog Box of the ParallelStation,11. Objects Reference Help
6,Tab Attributes [ParallelStation],4653,4653,Tab Attributes,11. Objects Reference Help
6,X-Dimension [ParallelStation],4654,4654,Tab Attributes,11. Objects Reference Help
6,Y-Dimension [ParallelStation],4655,4655,Tab Attributes,11. Objects Reference Help
6,Start Processing When Full [check box],4656,4658,Tab Attributes,11. Objects Reference Help
5,Tab Failures,4659,4659,Dialog Box of the ParallelStation,11. Objects Reference Help
5,Tab Times,4660,4660,Dialog Box of the ParallelStation,11. Objects Reference Help
5,Tab Set-Up,4661,4661,Dialog Box of the ParallelStation,11. Objects Reference Help
5,Tab Controls,4662,4663,Dialog Box of the ParallelStation,11. Objects Reference Help
5,Tab Exit,4664,4664,Dialog Box of the ParallelStation,11. Objects Reference Help
5,Tab Statistics,4665,4665,Dialog Box of the ParallelStation,11. Objects Reference Help
5,Tab Importer,4666,4666,Dialog Box of the ParallelStation,11. Objects Reference Help
5,Tab Energy,4667,4667,Dialog Box of the ParallelStation,11. Objects Reference Help
5,Tab Costs,4668,4668,Dialog Box of the ParallelStation,11. Objects Reference Help
5,Tab User-defined,4669,4669,Dialog Box of the ParallelStation,11. Objects Reference Help
5,Navigate Menu,4670,4670,Dialog Box of the ParallelStation,11. Objects Reference Help
5,View Menu,4671,4671,Dialog Box of the ParallelStation,11. Objects Reference Help
5,Tools Menu,4672,4672,Dialog Box of the ParallelStation,11. Objects Reference Help
5,Tabs Menu,4673,4673,Dialog Box of the ParallelStation,11. Objects Reference Help
5,Help Menu,4674,4674,Dialog Box of the ParallelStation,11. Objects Reference Help
4,Methods of the ParallelStation,4674,4677,ParallelStation,11. Objects Reference Help
5,_Methods of the ParallelStation,4674,4675,Methods of the ParallelStation,11. Objects Reference Help
5,findPart [SimTalk] - ParallelStation,4676,4676,Methods of the ParallelStation,11. Objects Reference Help
5,"pe, [X,Y] [SimTalk] - ParallelStation",4677,4677,Methods of the ParallelStation,11. Objects Reference Help
4,Read-Only Attributes of the ParallelStation,4678,4679,ParallelStation,11. Objects Reference Help
5,Read-Only Attributes of the ParallelStation,4678,4678,Read-Only Attributes of the ParallelStation,11. Objects Reference Help
5,Capacity [SimTalk] - ParallelStation,4679,4679,Read-Only Attributes of the ParallelStation,11. Objects Reference Help
4,Attributes of the ParallelStation,4680,4685,ParallelStation,11. Objects Reference Help
5,_Attributes of the ParallelStation,4680,4680,Attributes of the ParallelStation,11. Objects Reference Help
5,StartProcessingWhenFull [SimTalk],4681,4682,Attributes of the ParallelStation,11. Objects Reference Help
5,XDim [SimTalk] - ParallelStation,4683,4684,Attributes of the ParallelStation,11. Objects Reference Help
5,YDim [SimTalk] - ParallelStation,4685,4685,Attributes of the ParallelStation,11. Objects Reference Help
3,AssemblyStation,4686,4749,Material Flow Objects,11. Objects Reference Help
4,AssemblyStation,4686,4687,AssemblyStation,11. Objects Reference Help
4,Dialog Box of the AssemblyStation,4688,4718,AssemblyStation,11. Objects Reference Help
5,Dialog Box of the AssemblyStation,4688,4688,Dialog Box of the AssemblyStation,11. Objects Reference Help
5,Tab Attributes,4688,4700,Dialog Box of the AssemblyStation,11. Objects Reference Help
6,Tab Attributes [AssemblyStation],4688,4689,Tab Attributes,11. Objects Reference Help
6,Assembly Table,4690,4693,Tab Attributes,11. Objects Reference Help
6,Workers Sequentially Deliver MUs to Assemble,4694,4694,Tab Attributes,11. Objects Reference Help
6,Main MU from Predecessor,4695,4696,Tab Attributes,11. Objects Reference Help
6,Assembly Mode [drop-down list],4697,4697,Tab Attributes,11. Objects Reference Help
6,Exiting MU [drop-down list] - AssemblyStation,4698,4698,Tab Attributes,11. Objects Reference Help
6,Sequence [drop-down list] - AssemblyStation,4699,4700,Tab Attributes,11. Objects Reference Help
5,Tab Times,4701,4701,Dialog Box of the AssemblyStation,11. Objects Reference Help
5,Tab Set-Up,4702,4702,Dialog Box of the AssemblyStation,11. Objects Reference Help
5,Tab Failures,4703,4703,Dialog Box of the AssemblyStation,11. Objects Reference Help
5,Tab Controls,4704,4705,Dialog Box of the AssemblyStation,11. Objects Reference Help
5,Tab Exit,4706,4706,Dialog Box of the AssemblyStation,11. Objects Reference Help
5,Tab Statistics,4706,4710,Dialog Box of the AssemblyStation,11. Objects Reference Help
6,Tab Statistics [AssemblyStation],4706,4708,Tab Statistics,11. Objects Reference Help
6,Waiting Times,4709,4710,Tab Statistics,11. Objects Reference Help
5,Tab Importer,4711,4711,Dialog Box of the AssemblyStation,11. Objects Reference Help
5,Tab Energy,4712,4712,Dialog Box of the AssemblyStation,11. Objects Reference Help
5,Tab Costs,4713,4713,Dialog Box of the AssemblyStation,11. Objects Reference Help
5,Tab User-defined,4714,4714,Dialog Box of the AssemblyStation,11. Objects Reference Help
5,Navigate Menu,4715,4715,Dialog Box of the AssemblyStation,11. Objects Reference Help
5,View Menu,4715,4716,Dialog Box of the AssemblyStation,11. Objects Reference Help
6,View Menu,4715,4715,View Menu,11. Objects Reference Help
6,MUs To Be Deleted,4716,4716,View Menu,11. Objects Reference Help
5,Tools Menu,4717,4717,Dialog Box of the AssemblyStation,11. Objects Reference Help
5,Tabs Menu,4718,4718,Dialog Box of the AssemblyStation,11. Objects Reference Help
5,Help Menu,4719,4719,Dialog Box of the AssemblyStation,11. Objects Reference Help
4,Methods of the AssemblyStation,4719,4724,AssemblyStation,11. Objects Reference Help
5,_Methods of the AssemblyStation,4719,4720,Methods of the AssemblyStation,11. Objects Reference Help
5,musToBeDeleted [SimTalk],4721,4721,Methods of the AssemblyStation,11. Objects Reference Help
5,muToBeDeleted [SimTalk],4722,4722,Methods of the AssemblyStation,11. Objects Reference Help
5,statWaitingTimePerPredecessor [SimTalk],4723,4723,Methods of the AssemblyStation,11. Objects Reference Help
5,statWaitingTimeTable [SimTalk],4724,4724,Methods of the AssemblyStation,11. Objects Reference Help
4,Read-Only Attributes of the AssemblyStation,4725,4736,AssemblyStation,11. Objects Reference Help
5,_Read-Only Attributes of the AssemblyStation,4725,4726,Read-Only Attributes of the AssemblyStation,11. Objects Reference Help
5,NumMUsToBeDeleted [SimTalk],4727,4727,Read-Only Attributes of the AssemblyStation,11. Objects Reference Help
5,StatWaitingPartsCount [SimTalk],4728,4728,Read-Only Attributes of the AssemblyStation,11. Objects Reference Help
5,StatWaitingPartsDelta [SimTalk],4729,4729,Read-Only Attributes of the AssemblyStation,11. Objects Reference Help
5,StatWaitingPartsMu [SimTalk],4730,4730,Read-Only Attributes of the AssemblyStation,11. Objects Reference Help
5,StatWaitingPartsPortion [SimTalk],4731,4731,Read-Only Attributes of the AssemblyStation,11. Objects Reference Help
5,StatWaitingPartsTime [SimTalk],4732,4732,Read-Only Attributes of the AssemblyStation,11. Objects Reference Help
5,StatWaitingResCount [SimTalk] - AssemblyStation,4733,4733,Read-Only Attributes of the AssemblyStation,11. Objects Reference Help
5,StatWaitingResDelta [SimTalk] - AssemblyStation,4734,4734,Read-Only Attributes of the AssemblyStation,11. Objects Reference Help
5,StatWaitingResMu [SimTalk] - AssemblyStation,4735,4735,Read-Only Attributes of the AssemblyStation,11. Objects Reference Help
5,StatWaitingResPortion [SimTalk] - AssemblyStation,4736,4736,Read-Only Attributes of the AssemblyStation,11. Objects Reference Help
5,StatWaitingResTime [SimTalk] - AssemblyStation,4737,4737,Read-Only Attributes of the AssemblyStation,11. Objects Reference Help
4,Attributes of the AssemblyStation,4737,4749,AssemblyStation,11. Objects Reference Help
5,_Attributes of the AssemblyStation,4737,4738,Attributes of the AssemblyStation,11. Objects Reference Help
5,AssemblyMode [SimTalk],4739,4739,Attributes of the AssemblyStation,11. Objects Reference Help
5,AssemblyTable [SimTalk],4740,4742,Attributes of the AssemblyStation,11. Objects Reference Help
5,AssemblyTableMode [SimTalk],4743,4743,Attributes of the AssemblyStation,11. Objects Reference Help
5,ExitingMU [SimTalk],4744,4744,Attributes of the AssemblyStation,11. Objects Reference Help
5,MainMU [SimTalk] - AssemblyStation,4745,4746,Attributes of the AssemblyStation,11. Objects Reference Help
5,NewMU [SimTalk] - AssemblyStation,4747,4747,Attributes of the AssemblyStation,11. Objects Reference Help
5,OrderSequence [SimTalk],4748,4748,Attributes of the AssemblyStation,11. Objects Reference Help
5,SequentialDelivery [SimTalk],4749,4749,Attributes of the AssemblyStation,11. Objects Reference Help
3,DismantleStation,4750,4797,Material Flow Objects,11. Objects Reference Help
4,DismantleStation,4750,4750,DismantleStation,11. Objects Reference Help
4,Dialog Box of the DismantleStation,4751,4777,DismantleStation,11. Objects Reference Help
5,Dialog Box of the DismantleStation,4751,4751,Dialog Box of the DismantleStation,11. Objects Reference Help
5,Tab Attributes,4752,4761,Dialog Box of the DismantleStation,11. Objects Reference Help
6,Tab Attributes [DismantleStation],4752,4752,Tab Attributes,11. Objects Reference Help
6,Sequence [drop-down list] - DismantleStation,4753,4754,Tab Attributes,11. Objects Reference Help
6,Dismantle Table [button] - DismantleStation,4755,4757,Tab Attributes,11. Objects Reference Help
6,Dismantle Mode [drop-down list] - DismantleStation,4758,4759,Tab Attributes,11. Objects Reference Help
6,Main MU to Successor with Number [text box] - DismantleStation,4760,4760,Tab Attributes,11. Objects Reference Help
6,Exiting MU [drop-down list] - DismantleStation,4761,4761,Tab Attributes,11. Objects Reference Help
5,Tab Times,4762,4762,Dialog Box of the DismantleStation,11. Objects Reference Help
5,Tab Set-Up,4763,4763,Dialog Box of the DismantleStation,11. Objects Reference Help
5,Tab Failures,4764,4764,Dialog Box of the DismantleStation,11. Objects Reference Help
5,Tab Controls,4765,4765,Dialog Box of the DismantleStation,11. Objects Reference Help
5,Tab Statistics,4766,4768,Dialog Box of the DismantleStation,11. Objects Reference Help
6,Tab Statistics [DismantleStation],4766,4767,Tab Statistics,11. Objects Reference Help
6,Blocking Times [table],4768,4768,Tab Statistics,11. Objects Reference Help
5,Tab Importer,4769,4769,Dialog Box of the DismantleStation,11. Objects Reference Help
5,Tab Energy,4770,4770,Dialog Box of the DismantleStation,11. Objects Reference Help
5,Tab Costs,4771,4771,Dialog Box of the DismantleStation,11. Objects Reference Help
5,Tab User-defined,4772,4772,Dialog Box of the DismantleStation,11. Objects Reference Help
5,Navigate Menu,4773,4773,Dialog Box of the DismantleStation,11. Objects Reference Help
5,View Menu,4773,4775,Dialog Box of the DismantleStation,11. Objects Reference Help
6,View Menu,4773,4773,View Menu,11. Objects Reference Help
6,Contents [DismantleStation],4774,4774,View Menu,11. Objects Reference Help
6,Exiting MUs,4775,4775,View Menu,11. Objects Reference Help
5,Tools Menu,4776,4776,Dialog Box of the DismantleStation,11. Objects Reference Help
5,Tabs Menu,4777,4777,Dialog Box of the DismantleStation,11. Objects Reference Help
5,Help Menu,4778,4778,Dialog Box of the DismantleStation,11. Objects Reference Help
4,Methods of the DismantleStation,4778,4782,DismantleStation,11. Objects Reference Help
5,_Methods of the DismantleStation,4778,4779,Methods of the DismantleStation,11. Objects Reference Help
5,leavingMU [SimTalk],4780,4780,Methods of the DismantleStation,11. Objects Reference Help
5,leavingMUs [SimTalk],4781,4781,Methods of the DismantleStation,11. Objects Reference Help
5,statBlockingTimePerSuccessor [SimTalk],4782,4782,Methods of the DismantleStation,11. Objects Reference Help
5,statBlockingTimeTable [SimTalk],4783,4783,Methods of the DismantleStation,11. Objects Reference Help
4,Read-Only Attributes of the DismantleStation,4783,4785,DismantleStation,11. Objects Reference Help
5,Read-Only Attributes of the DismantleStation,4783,4784,Read-Only Attributes of the DismantleStation,11. Objects Reference Help
5,NumLeavingMU [SimTalk],4785,4785,Read-Only Attributes of the DismantleStation,11. Objects Reference Help
5,StatAverageDwellTime [SimTalk] - DismantleStation,4786,4786,Read-Only Attributes of the DismantleStation,11. Objects Reference Help
4,Attributes of the DismantleStation,4786,4797,DismantleStation,11. Objects Reference Help
5,_Attributes of the DismantleStation,4786,4787,Attributes of the DismantleStation,11. Objects Reference Help
5,DismantleMode [SimTalk],4788,4789,Attributes of the DismantleStation,11. Objects Reference Help
5,DismantleTable [SimTalk],4790,4793,Attributes of the DismantleStation,11. Objects Reference Help
5,ExitingMUMode [SimTalk],4794,4794,Attributes of the DismantleStation,11. Objects Reference Help
5,MainMU [SimTalk] - DismantleStation,4795,4795,Attributes of the DismantleStation,11. Objects Reference Help
5,NewMU [SimTalk] - DismantleStation,4796,4796,Attributes of the DismantleStation,11. Objects Reference Help
5,Sequence [SimTalk] - DismantleStation,4797,4797,Attributes of the DismantleStation,11. Objects Reference Help
3,PickAndPlace Robot,4798,4909,Material Flow Objects,11. Objects Reference Help
4,PickAndPlace Robot,4798,4801,PickAndPlace Robot,11. Objects Reference Help
4,Configuring the Robot with Drag-and-Drop,4802,4802,PickAndPlace Robot,11. Objects Reference Help
4,Configuring the Robot,4803,4817,PickAndPlace Robot,11. Objects Reference Help
5,Configuring the Robot,4803,4804,Configuring the Robot,11. Objects Reference Help
5,Six Axis Robot,4805,4808,Configuring the Robot,11. Objects Reference Help
5,Five Axis Robot,4809,4810,Configuring the Robot,11. Objects Reference Help
5,Four Axis Robot with Ball Joint Gripper,4811,4812,Configuring the Robot,11. Objects Reference Help
5,SCARA Robot with Concluding Revolute Joint,4813,4813,Configuring the Robot,11. Objects Reference Help
5,SCARA Robot with Concluding Prismatic Joint,4814,4815,Configuring the Robot,11. Objects Reference Help
5,Three Axis Robot,4816,4816,Configuring the Robot,11. Objects Reference Help
5,One Axis Robot,4817,4817,Configuring the Robot,11. Objects Reference Help
5,Linear Robot,4818,4818,Configuring the Robot,11. Objects Reference Help
4,Dialog Box of the PickAndPlace Robot,4818,4862,PickAndPlace Robot,11. Objects Reference Help
5,Dialog Box of the PickAndPlace Robot,4818,4818,Dialog Box of the PickAndPlace Robot,11. Objects Reference Help
5,Tab Attributes,4819,4837,Dialog Box of the PickAndPlace Robot,11. Objects Reference Help
6,Tab Attributes,4819,4819,Tab Attributes,11. Objects Reference Help
6,Angles Table [PickAndPlace],4820,4821,Tab Attributes,11. Objects Reference Help
6,Times Table [PickAndPlace],4822,4823,Tab Attributes,11. Objects Reference Help
6,Go to Default Position [check box] - PickAndPlace,4824,4824,Tab Attributes,11. Objects Reference Help
6,Only for Empty Blocking List [PickAndPlace],4825,4825,Tab Attributes,11. Objects Reference Help
6,Use Kinematics for Times,4826,4827,Tab Attributes,11. Objects Reference Help
6,Time Factor [PickAndPlace],4828,4828,Tab Attributes,11. Objects Reference Help
6,Default Angle [PickAndPlace],4829,4829,Tab Attributes,11. Objects Reference Help
6,Blocking Angle [text box],4830,4830,Tab Attributes,11. Objects Reference Help
6,Capacity [text box] - PickAndPlace,4831,4831,Tab Attributes,11. Objects Reference Help
6,MU Conveying Direction [drop-down list],4832,4833,Tab Attributes,11. Objects Reference Help
6,Loading Time [PickAndPlace],4834,4835,Tab Attributes,11. Objects Reference Help
6,Unloading Time [PickAndPlace],4836,4837,Tab Attributes,11. Objects Reference Help
5,Tab Failures,4838,4838,Dialog Box of the PickAndPlace Robot,11. Objects Reference Help
5,Tab Controls,4838,4844,Dialog Box of the PickAndPlace Robot,11. Objects Reference Help
6,Tab Controls,4838,4839,Tab Controls,11. Objects Reference Help
6,Target Control [PickAndPlace],4840,4842,Tab Controls,11. Objects Reference Help
6,Pull Control [PickAndPlace],4843,4844,Tab Controls,11. Objects Reference Help
5,Tab Exit,4845,4852,Dialog Box of the PickAndPlace Robot,11. Objects Reference Help
6,Tab Exit,4845,4846,Tab Exit,11. Objects Reference Help
6,Wait for Free Target [PickAndPlace],4847,4848,Tab Exit,11. Objects Reference Help
6,Target Selection [drop-down list],4849,4850,Tab Exit,11. Objects Reference Help
6,Target Object,4851,4851,Tab Exit,11. Objects Reference Help
6,Target Sensor ID [text box],4852,4852,Tab Exit,11. Objects Reference Help
5,Tab Statistics [PickAndPlace],4853,4854,Dialog Box of the PickAndPlace Robot,11. Objects Reference Help
5,Tab Importer [PickAndPlace],4855,4855,Dialog Box of the PickAndPlace Robot,11. Objects Reference Help
5,Tab Energy,4856,4856,Dialog Box of the PickAndPlace Robot,11. Objects Reference Help
5,Tab Costs,4857,4857,Dialog Box of the PickAndPlace Robot,11. Objects Reference Help
5,Tab User-defined,4858,4858,Dialog Box of the PickAndPlace Robot,11. Objects Reference Help
5,Navigate Menu,4859,4859,Dialog Box of the PickAndPlace Robot,11. Objects Reference Help
5,View Menu,4860,4860,Dialog Box of the PickAndPlace Robot,11. Objects Reference Help
5,Tools Menu,4861,4861,Dialog Box of the PickAndPlace Robot,11. Objects Reference Help
5,Tabs Menu,4862,4862,Dialog Box of the PickAndPlace Robot,11. Objects Reference Help
5,Help Menu,4863,4863,Dialog Box of the PickAndPlace Robot,11. Objects Reference Help
4,Methods of the PickAndPlace Robot,4863,4875,PickAndPlace Robot,11. Objects Reference Help
5,_Methods of the PickAndPlace Robot,4863,4863,Methods of the PickAndPlace Robot,11. Objects Reference Help
5,calculateAngles [SimTalk] - PickAndPlace,4864,4865,Methods of the PickAndPlace Robot,11. Objects Reference Help
5,getAnglesTable [SimTalk],4866,4867,Methods of the PickAndPlace Robot,11. Objects Reference Help
5,getDestination [SimTalk] - PickAndPlace,4868,4868,Methods of the PickAndPlace Robot,11. Objects Reference Help
5,getTimesTable [SimTalk],4869,4870,Methods of the PickAndPlace Robot,11. Objects Reference Help
5,setAnglesTable [SimTalk],4871,4872,Methods of the PickAndPlace Robot,11. Objects Reference Help
5,setDestination [SimTalk] - PickAndPlace,4873,4874,Methods of the PickAndPlace Robot,11. Objects Reference Help
5,setTimesTable [SimTalk],4875,4875,Methods of the PickAndPlace Robot,11. Objects Reference Help
4,Read-Only Attributes of the PickAndPlaceRobot,4876,4885,PickAndPlace Robot,11. Objects Reference Help
5,_Read-Only Attributes of the PickAndPlaceRobot,4876,4877,Read-Only Attributes of the PickAndPlaceRobot,11. Objects Reference Help
5,GetCurrentAngle [SimTalk],4878,4878,Read-Only Attributes of the PickAndPlaceRobot,11. Objects Reference Help
5,GetLastDestination [SimTalk],4879,4879,Read-Only Attributes of the PickAndPlaceRobot,11. Objects Reference Help
5,IsLoading [SimTalk],4880,4881,Read-Only Attributes of the PickAndPlaceRobot,11. Objects Reference Help
5,IsRotating [SimTalk],4882,4882,Read-Only Attributes of the PickAndPlaceRobot,11. Objects Reference Help
5,StatRotationEmptyPortion [SimTalk] - PickAndPlace,4883,4883,Read-Only Attributes of the PickAndPlaceRobot,11. Objects Reference Help
5,StatRotationEmptyTime [SimTalk] - PickAndPlace,4884,4884,Read-Only Attributes of the PickAndPlaceRobot,11. Objects Reference Help
5,StatRotationLoadedPortion [SimTalk] - PickAndPlace,4885,4885,Read-Only Attributes of the PickAndPlaceRobot,11. Objects Reference Help
5,StatRotationLoadedTime [SimTalk] - PickAndPlace,4886,4886,Read-Only Attributes of the PickAndPlaceRobot,11. Objects Reference Help
4,Attributes of the PickAndPlace Robot,4886,4909,PickAndPlace Robot,11. Objects Reference Help
5,_Attributes of the PickAndPlace Robot,4886,4887,Attributes of the PickAndPlace Robot,11. Objects Reference Help
5,BlockingAngle [SimTalk],4888,4888,Attributes of the PickAndPlace Robot,11. Objects Reference Help
5,Capacity [SimTalk] - PickAndPlace,4889,4889,Attributes of the PickAndPlace Robot,11. Objects Reference Help
5,DefaultAngle [SimTalk] - PickAndPlace,4890,4890,Attributes of the PickAndPlace Robot,11. Objects Reference Help
5,GoToDefaultPosition [SimTalk] - PickAndPlace,4891,4891,Attributes of the PickAndPlace Robot,11. Objects Reference Help
5,LoadingTime [SimTalk] - PickAndPlace,4892,4893,Attributes of the PickAndPlace Robot,11. Objects Reference Help
5,MUConveyingDirection [SimTalk],4894,4895,Attributes of the PickAndPlace Robot,11. Objects Reference Help
5,OnlyForEmptyBlockingList [SimTalk],4896,4896,Attributes of the PickAndPlace Robot,11. Objects Reference Help
5,PullCtrl [SimTalk] - PickAndPlace,4897,4897,Attributes of the PickAndPlace Robot,11. Objects Reference Help
5,TargetCtrl [SimTalk] - PickAndPlace,4898,4899,Attributes of the PickAndPlace Robot,11. Objects Reference Help
5,TargetObject [SimTalk],4900,4900,Attributes of the PickAndPlace Robot,11. Objects Reference Help
5,TargetSelection [SimTalk],4901,4902,Attributes of the PickAndPlace Robot,11. Objects Reference Help
5,TargetSensorID [SimTalk],4903,4903,Attributes of the PickAndPlace Robot,11. Objects Reference Help
5,TimeFactor [SimTalk],4904,4904,Attributes of the PickAndPlace Robot,11. Objects Reference Help
5,UnloadingTime [SimTalk] - PickAndPlace,4905,4906,Attributes of the PickAndPlace Robot,11. Objects Reference Help
5,UseKinematicsForTimes [SimTalk],4907,4908,Attributes of the PickAndPlace Robot,11. Objects Reference Help
5,WaitForFreeTarget [SimTalk] -PickAndPlace,4909,4909,Attributes of the PickAndPlace Robot,11. Objects Reference Help
3,Store,4910,4971,Material Flow Objects,11. Objects Reference Help
4,Store [object],4910,4913,Store,11. Objects Reference Help
4,Dialog Box of the Store,4914,4939,Store,11. Objects Reference Help
5,Dialog Box of the Store,4914,4914,Dialog Box of the Store,11. Objects Reference Help
5,Tab Attributes,4914,4925,Dialog Box of the Store,11. Objects Reference Help
6,Tab Attributes [Store],4914,4916,Tab Attributes,11. Objects Reference Help
6,X-Dimension [Store],4917,4917,Tab Attributes,11. Objects Reference Help
6,Y-Dimension [Store],4918,4918,Tab Attributes,11. Objects Reference Help
6,Z-Dimension [Store],4919,4919,Tab Attributes,11. Objects Reference Help
6,Fill Whole Layer [check box] - Store,4920,4920,Tab Attributes,11. Objects Reference Help
6,Supermarket [check box],4921,4923,Tab Attributes,11. Objects Reference Help
6,Configuration [button],4924,4925,Tab Attributes,11. Objects Reference Help
5,Tab Times,4926,4926,Dialog Box of the Store,11. Objects Reference Help
5,Tab Failures,4927,4927,Dialog Box of the Store,11. Objects Reference Help
5,Tab Controls,4928,4929,Dialog Box of the Store,11. Objects Reference Help
5,Tab Exit,4930,4930,Dialog Box of the Store,11. Objects Reference Help
5,Tab Statistics,4931,4931,Dialog Box of the Store,11. Objects Reference Help
5,Tab Energy,4932,4932,Dialog Box of the Store,11. Objects Reference Help
5,Tab Costs,4933,4933,Dialog Box of the Store,11. Objects Reference Help
5,Tab User-defined,4934,4934,Dialog Box of the Store,11. Objects Reference Help
5,Navigate Menu,4935,4935,Dialog Box of the Store,11. Objects Reference Help
5,View Menu,4935,4937,Dialog Box of the Store,11. Objects Reference Help
6,View Menu,4935,4935,View Menu,11. Objects Reference Help
6,Show Orders [Store],4936,4936,View Menu,11. Objects Reference Help
6,Exit Blocking List [Store],4937,4937,View Menu,11. Objects Reference Help
5,Tools Menu,4938,4938,Dialog Box of the Store,11. Objects Reference Help
5,Tabs Menu,4939,4939,Dialog Box of the Store,11. Objects Reference Help
5,Help Menu,4940,4940,Dialog Box of the Store,11. Objects Reference Help
4,Methods of the Store,4940,4951,Store,11. Objects Reference Help
5,_Methods of the Store,4940,4941,Methods of the Store,11. Objects Reference Help
5,findFreePlace [SimTalk],4942,4943,Methods of the Store,11. Objects Reference Help
5,findFreePlaceInRange [SimTalk],4944,4944,Methods of the Store,11. Objects Reference Help
5,findPart [SimTalk] - Store,4945,4945,Methods of the Store,11. Objects Reference Help
5,getSupermarketConfiguration [SimTalk],4946,4946,Methods of the Store,11. Objects Reference Help
5,orderParts [SimTalk] - Store,4947,4948,Methods of the Store,11. Objects Reference Help
5,"pe(X,Y) / [X,Y] [SimTalk] - Store",4949,4950,Methods of the Store,11. Objects Reference Help
5,setSupermarketConfiguration [SimTalk],4951,4951,Methods of the Store,11. Objects Reference Help
4,Methods and Read-Only Attributes of the pe,4952,4959,Store,11. Objects Reference Help
5,_Methods and Read-Only Attributes of the Place in the Store [PE],4952,4952,Methods and Read-Only Attributes of the pe,11. Objects Reference Help
5,"Cont [SimTalk] - pe, Store",4953,4953,Methods and Read-Only Attributes of the pe,11. Objects Reference Help
5,exitBlockList [SimTalk] - Store,4954,4955,Methods and Read-Only Attributes of the pe,11. Objects Reference Help
5,getStackHeight [SimTalk] - Store,4956,4957,Methods and Read-Only Attributes of the pe,11. Objects Reference Help
5,"mu [SimTalk] - PE, Store",4958,4959,Methods and Read-Only Attributes of the pe,11. Objects Reference Help
5,"NumMU [SimTalk] - PE, Store",4960,4960,Methods and Read-Only Attributes of the pe,11. Objects Reference Help
4,Read-Only Attributes of the Store,4960,4963,Store,11. Objects Reference Help
5,_Read-Only Attributes of the Store,4960,4961,Read-Only Attributes of the Store,11. Objects Reference Help
5,Capacity [SimTalk] - Store,4962,4963,Read-Only Attributes of the Store,11. Objects Reference Help
5,Stock.MyPartName [SimTalk],4964,4964,Read-Only Attributes of the Store,11. Objects Reference Help
4,Attributes of the Store,4964,4971,Store,11. Objects Reference Help
5,Attributes of the Store,4964,4965,Attributes of the Store,11. Objects Reference Help
5,FillWholeLayer [SimTalk] - Store,4966,4967,Attributes of the Store,11. Objects Reference Help
5,Supermarket [SimTalk],4968,4968,Attributes of the Store,11. Objects Reference Help
5,XDim [SimTalk] - Store,4969,4969,Attributes of the Store,11. Objects Reference Help
5,YDim [SimTalk] - Store,4970,4970,Attributes of the Store,11. Objects Reference Help
5,ZDim [SimTalk] - Store,4971,4971,Attributes of the Store,11. Objects Reference Help
3,PlaceBuffer,4972,5000,Material Flow Objects,11. Objects Reference Help
4,PlaceBuffer,4972,4973,PlaceBuffer,11. Objects Reference Help
4,Dialog Box of the PlaceBuffer,4974,4993,PlaceBuffer,11. Objects Reference Help
5,Dialog Box of the PlaceBuffer,4974,4974,Dialog Box of the PlaceBuffer,11. Objects Reference Help
5,Tab Attributes,4975,4977,Dialog Box of the PlaceBuffer,11. Objects Reference Help
6,Tab Attributes,4975,4975,Tab Attributes,11. Objects Reference Help
6,Capacity [text box] - PlaceBuffer,4976,4976,Tab Attributes,11. Objects Reference Help
6,Sequentially Indexing [check box],4977,4977,Tab Attributes,11. Objects Reference Help
6,Accumulating [check box] - PlaceBuffer,4978,4978,Tab Attributes,11. Objects Reference Help
5,Tab Times,4978,4981,Dialog Box of the PlaceBuffer,11. Objects Reference Help
6,Tab Times [PlaceBuffer],4978,4979,Tab Times,11. Objects Reference Help
6,Processing Time [PlaceBuffer],4980,4980,Tab Times,11. Objects Reference Help
6,Recovery Time/Cycle Time [PlaceBuffer],4981,4981,Tab Times,11. Objects Reference Help
5,Tab Failures,4982,4982,Dialog Box of the PlaceBuffer,11. Objects Reference Help
5,Tab Controls,4983,4984,Dialog Box of the PlaceBuffer,11. Objects Reference Help
5,Tab Exit,4985,4985,Dialog Box of the PlaceBuffer,11. Objects Reference Help
5,Tab Statistics,4986,4986,Dialog Box of the PlaceBuffer,11. Objects Reference Help
5,Tab Energy,4987,4987,Dialog Box of the PlaceBuffer,11. Objects Reference Help
5,Tab Costs,4988,4988,Dialog Box of the PlaceBuffer,11. Objects Reference Help
5,Tab User-defined,4989,4989,Dialog Box of the PlaceBuffer,11. Objects Reference Help
5,Navigate Menu,4990,4990,Dialog Box of the PlaceBuffer,11. Objects Reference Help
5,View Menu,4991,4991,Dialog Box of the PlaceBuffer,11. Objects Reference Help
5,Tools Menu,4992,4992,Dialog Box of the PlaceBuffer,11. Objects Reference Help
5,Tabs Menu,4993,4993,Dialog Box of the PlaceBuffer,11. Objects Reference Help
5,Help Menu,4994,4994,Dialog Box of the PlaceBuffer,11. Objects Reference Help
4,Methods of the PlaceBuffer,4994,4996,PlaceBuffer,11. Objects Reference Help
5,Methods of the PlaceBuffer,4994,4995,Methods of the PlaceBuffer,11. Objects Reference Help
5,pe(1) / [ 1] [SimTalk] - PlaceBuffer,4996,4996,Methods of the PlaceBuffer,11. Objects Reference Help
4,Read-Only Attributes of the PlaceBuffer,4997,4997,PlaceBuffer,11. Objects Reference Help
5,Read-Only Attributes of the PlaceBuffer,4997,4997,Read-Only Attributes of the PlaceBuffer,11. Objects Reference Help
4,Attributes of the PlaceBuffer,4997,5000,PlaceBuffer,11. Objects Reference Help
5,_Attributes of the PlaceBuffer,4997,4998,Attributes of the PlaceBuffer,11. Objects Reference Help
5,Accumulating [SimTalk] - PlaceBuffer,4999,4999,Attributes of the PlaceBuffer,11. Objects Reference Help
5,Capacity [SimTalk] - PlaceBuffer,5000,5000,Attributes of the PlaceBuffer,11. Objects Reference Help
5,SequentiallyIndexing [SimTalk],5001,5001,Attributes of the PlaceBuffer,11. Objects Reference Help
3,Buffer,5001,5024,Material Flow Objects,11. Objects Reference Help
4,Buffer [object],5001,5003,Buffer,11. Objects Reference Help
4,Dialog Box of the Buffer,5004,5019,Buffer,11. Objects Reference Help
5,Dialog Box of the Buffer,5004,5004,Dialog Box of the Buffer,11. Objects Reference Help
5,Tab Attributes,5004,5005,Dialog Box of the Buffer,11. Objects Reference Help
6,Tab Attributes,5004,5004,Tab Attributes,11. Objects Reference Help
6,Capacity [text box] - Buffer,5005,5005,Tab Attributes,11. Objects Reference Help
6,Buffer Type [drop-down list],5006,5006,Tab Attributes,11. Objects Reference Help
5,Tab Times,5006,5007,Dialog Box of the Buffer,11. Objects Reference Help
6,Tab Times,5006,5006,Tab Times,11. Objects Reference Help
6,Dwell Time [Buffer],5007,5007,Tab Times,11. Objects Reference Help
5,Tab Failures,5008,5008,Dialog Box of the Buffer,11. Objects Reference Help
5,Tab Controls,5009,5010,Dialog Box of the Buffer,11. Objects Reference Help
5,Tab Exit,5011,5011,Dialog Box of the Buffer,11. Objects Reference Help
5,Tab Statistics [Buffer],5012,5012,Dialog Box of the Buffer,11. Objects Reference Help
5,Tab Energy,5013,5013,Dialog Box of the Buffer,11. Objects Reference Help
5,Tab Costs,5014,5014,Dialog Box of the Buffer,11. Objects Reference Help
5,Tab User-defined,5015,5015,Dialog Box of the Buffer,11. Objects Reference Help
5,Navigate Menu,5016,5016,Dialog Box of the Buffer,11. Objects Reference Help
5,View Menu,5017,5017,Dialog Box of the Buffer,11. Objects Reference Help
5,Tools Menu,5018,5018,Dialog Box of the Buffer,11. Objects Reference Help
5,Tabs Menu,5019,5019,Dialog Box of the Buffer,11. Objects Reference Help
5,Help Menu,5020,5020,Dialog Box of the Buffer,11. Objects Reference Help
4,Methods of the Buffer,5020,5020,Buffer,11. Objects Reference Help
5,Methods of the Buffer,5020,5020,Methods of the Buffer,11. Objects Reference Help
4,Read-Only Attributes of the Buffer,5021,5021,Buffer,11. Objects Reference Help
5,Read-Only Attributes of the Buffer,5021,5021,Read-Only Attributes of the Buffer,11. Objects Reference Help
4,Attributes of the Buffer,5022,5024,Buffer,11. Objects Reference Help
5,_Attributes of the Buffer,5022,5023,Attributes of the Buffer,11. Objects Reference Help
5,BufferType [SimTalk],5024,5024,Attributes of the Buffer,11. Objects Reference Help
5,Capacity [SimTalk] - Buffer,5025,5025,Attributes of the Buffer,11. Objects Reference Help
3,Sorter,5025,5060,Material Flow Objects,11. Objects Reference Help
4,Sorter [object],5025,5026,Sorter,11. Objects Reference Help
4,Dialog Box of the Sorter,5027,5048,Sorter,11. Objects Reference Help
5,Dialog Box of the Sorter,5027,5027,Dialog Box of the Sorter,11. Objects Reference Help
5,Tab Attributes,5028,5035,Dialog Box of the Sorter,11. Objects Reference Help
6,Tab Attributes,5028,5028,Tab Attributes,11. Objects Reference Help
6,Capacity [text box] - Sorter,5029,5029,Tab Attributes,11. Objects Reference Help
6,Sort Order [drop-down list],5030,5030,Tab Attributes,11. Objects Reference Help
6,Time of Sort [drop-down list],5031,5031,Tab Attributes,11. Objects Reference Help
6,Sort Criterion [drop-down list],5032,5034,Tab Attributes,11. Objects Reference Help
6,Start Sorting [button],5035,5035,Tab Attributes,11. Objects Reference Help
5,Tab Times [Sorter],5036,5036,Dialog Box of the Sorter,11. Objects Reference Help
5,Tab Failures,5037,5037,Dialog Box of the Sorter,11. Objects Reference Help
5,Tab Controls,5038,5039,Dialog Box of the Sorter,11. Objects Reference Help
5,Tab Exit,5040,5040,Dialog Box of the Sorter,11. Objects Reference Help
5,Tab Statistics,5041,5041,Dialog Box of the Sorter,11. Objects Reference Help
5,Tab Energy,5042,5042,Dialog Box of the Sorter,11. Objects Reference Help
5,Tab Costs,5043,5043,Dialog Box of the Sorter,11. Objects Reference Help
5,Tab User-defined,5044,5044,Dialog Box of the Sorter,11. Objects Reference Help
5,Navigate Menu,5045,5045,Dialog Box of the Sorter,11. Objects Reference Help
5,View Menu,5046,5046,Dialog Box of the Sorter,11. Objects Reference Help
5,Tools Menu,5047,5047,Dialog Box of the Sorter,11. Objects Reference Help
5,Tabs Menu,5048,5048,Dialog Box of the Sorter,11. Objects Reference Help
5,Help Menu,5049,5049,Dialog Box of the Sorter,11. Objects Reference Help
4,Methods of the Sorter,5049,5050,Sorter,11. Objects Reference Help
5,Methods of the Sorter,5049,5050,Methods of the Sorter,11. Objects Reference Help
5,sort [SimTalk] - Sorter,5051,5051,Methods of the Sorter,11. Objects Reference Help
4,Read-Only Attributes of the Sorter,5051,5051,Sorter,11. Objects Reference Help
5,Read-Only Attributes of the Sorter,5051,5051,Read-Only Attributes of the Sorter,11. Objects Reference Help
4,Attributes of the Sorter,5052,5060,Sorter,11. Objects Reference Help
5,_Attributes of the Sorter,5052,5053,Attributes of the Sorter,11. Objects Reference Help
5,Capacity [SimTalk] - Sorter,5054,5054,Attributes of the Sorter,11. Objects Reference Help
5,CustSortAttr [SimTalk],5055,5056,Attributes of the Sorter,11. Objects Reference Help
5,Order [SimTalk],5057,5057,Attributes of the Sorter,11. Objects Reference Help
5,SortCriterion [SimTalk],5058,5058,Attributes of the Sorter,11. Objects Reference Help
5,SortMethod [SimTalk],5059,5059,Attributes of the Sorter,11. Objects Reference Help
5,SortProperty [SimTalk],5060,5060,Attributes of the Sorter,11. Objects Reference Help
5,TimeOfSort [SimTalk],5061,5061,Attributes of the Sorter,11. Objects Reference Help
3,Conveyor,5061,5130,Material Flow Objects,11. Objects Reference Help
4,Conveyor [object],5061,5065,Conveyor,11. Objects Reference Help
4,Dialog Box of the Conveyor,5066,5102,Conveyor,11. Objects Reference Help
5,Dialog Box of the Conveyor,5066,5066,Dialog Box of the Conveyor,11. Objects Reference Help
5,Tab Attributes,5066,5086,Dialog Box of the Conveyor,11. Objects Reference Help
6,Tab Attributes,5066,5067,Tab Attributes,11. Objects Reference Help
6,Length [text box] - Conveyor,5068,5068,Tab Attributes,11. Objects Reference Help
6,Width [text box] - Conveyor,5069,5069,Tab Attributes,11. Objects Reference Help
6,Speed [text box] - Conveyor,5070,5070,Tab Attributes,11. Objects Reference Help
6,Time [text box] - Conveyor,5071,5071,Tab Attributes,11. Objects Reference Help
6,Accumulating [check box] - Conveyor,5072,5072,Tab Attributes,11. Objects Reference Help
6,Backwards [Conveyor],5073,5073,Tab Attributes,11. Objects Reference Help
6,Acceleration [check box] - Conveyor,5074,5074,Tab Attributes,11. Objects Reference Help
6,Current Speed [text box] - Conveyor,5075,5075,Tab Attributes,11. Objects Reference Help
6,Acceleration [text box] - Conveyor,5076,5076,Tab Attributes,11. Objects Reference Help
6,Deceleration [text box] - Conveyor,5077,5077,Tab Attributes,11. Objects Reference Help
6,Capacity [text box] - Conveyor,5078,5078,Tab Attributes,11. Objects Reference Help
6,MU Distance Type [text box],5079,5081,Tab Attributes,11. Objects Reference Help
6,MU Distance [text box] - Conveyor,5082,5083,Tab Attributes,11. Objects Reference Help
6,Enforce MU Distance [check box],5084,5085,Tab Attributes,11. Objects Reference Help
6,Automatic Stop [check box] - Conveyor,5086,5086,Tab Attributes,11. Objects Reference Help
5,Tab Times,5087,5087,Dialog Box of the Conveyor,11. Objects Reference Help
5,Tab Failures,5088,5088,Dialog Box of the Conveyor,11. Objects Reference Help
5,Tab Controls,5088,5092,Dialog Box of the Conveyor,11. Objects Reference Help
6,Tab Controls [Conveyor],5088,5090,Tab Controls,11. Objects Reference Help
6,Speed Control [Conveyor],5091,5092,Tab Controls,11. Objects Reference Help
5,Tab Exit,5093,5093,Dialog Box of the Conveyor,11. Objects Reference Help
5,Tab Statistics [Conveyor],5094,5094,Dialog Box of the Conveyor,11. Objects Reference Help
5,Tab Importer [Conveyor],5095,5095,Dialog Box of the Conveyor,11. Objects Reference Help
5,Tab Energy,5096,5096,Dialog Box of the Conveyor,11. Objects Reference Help
5,Tab Costs,5097,5097,Dialog Box of the Conveyor,11. Objects Reference Help
5,Tab User-defined,5098,5098,Dialog Box of the Conveyor,11. Objects Reference Help
5,Navigate Menu,5099,5099,Dialog Box of the Conveyor,11. Objects Reference Help
5,View Menu,5100,5100,Dialog Box of the Conveyor,11. Objects Reference Help
5,Tools Menu,5101,5101,Dialog Box of the Conveyor,11. Objects Reference Help
5,Tabs Menu,5102,5102,Dialog Box of the Conveyor,11. Objects Reference Help
5,Help Menu,5103,5103,Dialog Box of the Conveyor,11. Objects Reference Help
4,Methods of the Conveyor,5103,5103,Conveyor,11. Objects Reference Help
5,Methods of the Conveyor,5103,5103,Methods of the Conveyor,11. Objects Reference Help
4,Read-Only Attributes of the Conveyor,5104,5106,Conveyor,11. Objects Reference Help
5,_Read-Only Attributes of the Conveyor,5104,5105,Read-Only Attributes of the Conveyor,11. Objects Reference Help
5,CurrentAcceleration [SimTalk] - Conveyor,5106,5106,Read-Only Attributes of the Conveyor,11. Objects Reference Help
5,OccupiedLength [SimTalk] - Conveyor,5107,5107,Read-Only Attributes of the Conveyor,11. Objects Reference Help
4,Attributes of the Conveyor,5107,5130,Conveyor,11. Objects Reference Help
5,_Attributes of the Conveyor,5107,5108,Attributes of the Conveyor,11. Objects Reference Help
5,Acceleration [SimTalk] - Conveyor,5109,5110,Attributes of the Conveyor,11. Objects Reference Help
5,AccelerationEnabled [SimTalk] - Conveyor,5111,5111,Attributes of the Conveyor,11. Objects Reference Help
5,Accumulating [SimTalk] - Conveyor,5112,5112,Attributes of the Conveyor,11. Objects Reference Help
5,AutomaticStop [SimTalk] - Conveyor,5113,5113,Attributes of the Conveyor,11. Objects Reference Help
5,Backwards [SimTalk] - Conveyor,5114,5114,Attributes of the Conveyor,11. Objects Reference Help
5,Capacity [SimTalk] - Conveyor,5115,5115,Attributes of the Conveyor,11. Objects Reference Help
5,CurrentSpeed [SimTalk] - Conveyor,5116,5117,Attributes of the Conveyor,11. Objects Reference Help
5,Deceleration [SimTalk] - Conveyor,5118,5118,Attributes of the Conveyor,11. Objects Reference Help
5,EnforceMUDistance [SimTalk],5119,5120,Attributes of the Conveyor,11. Objects Reference Help
5,Length [SimTalk] - Conveyor,5121,5121,Attributes of the Conveyor,11. Objects Reference Help
5,MUDistance [SimTalk],5122,5123,Attributes of the Conveyor,11. Objects Reference Help
5,MUDistanceType [SimTalk],5124,5126,Attributes of the Conveyor,11. Objects Reference Help
5,Speed [SimTalk] - Conveyor,5127,5128,Attributes of the Conveyor,11. Objects Reference Help
5,SpeedCtrl [SimTalk] - Conveyor,5129,5129,Attributes of the Conveyor,11. Objects Reference Help
5,Time [SimTalk] - Conveyor,5130,5130,Attributes of the Conveyor,11. Objects Reference Help
5,Width [SimTalk] - Conveyor,5131,5131,Attributes of the Conveyor,11. Objects Reference Help
3,AngularConverter,5131,5168,Material Flow Objects,11. Objects Reference Help
4,AngularConverter [object],5131,5135,AngularConverter,11. Objects Reference Help
4,Dialog Box of the AngularConverter,5136,5156,AngularConverter,11. Objects Reference Help
5,Dialog Box of the AngularConverter,5136,5136,Dialog Box of the AngularConverter,11. Objects Reference Help
5,Tab Attributes,5137,5142,Dialog Box of the AngularConverter,11. Objects Reference Help
6,Tab Attributes,5137,5137,Tab Attributes,11. Objects Reference Help
6,Entry Length [text box],5138,5138,Tab Attributes,11. Objects Reference Help
6,Exit Length [text box],5139,5139,Tab Attributes,11. Objects Reference Help
6,Width [text box] - AngularConverter,5140,5140,Tab Attributes,11. Objects Reference Help
6,Entry Speed [text box],5141,5141,Tab Attributes,11. Objects Reference Help
6,Exit Speed [text box],5142,5142,Tab Attributes,11. Objects Reference Help
6,Automatic Stop [check box] - AngularConverter,5143,5143,Tab Attributes,11. Objects Reference Help
5,Tab Times,5143,5144,Dialog Box of the AngularConverter,11. Objects Reference Help
6,Tab Times [AngularConverter],5143,5143,Tab Times,11. Objects Reference Help
6,Moving Time [drop-down list] - AngularConverter,5144,5144,Tab Times,11. Objects Reference Help
5,Tab Failures,5145,5145,Dialog Box of the AngularConverter,11. Objects Reference Help
5,Tab Controls,5146,5147,Dialog Box of the AngularConverter,11. Objects Reference Help
5,Tab Exit,5148,5148,Dialog Box of the AngularConverter,11. Objects Reference Help
5,Tab Statistics,5149,5149,Dialog Box of the AngularConverter,11. Objects Reference Help
5,Tab Energy,5150,5150,Dialog Box of the AngularConverter,11. Objects Reference Help
5,Tab Costs,5151,5151,Dialog Box of the AngularConverter,11. Objects Reference Help
5,Tab User-defined,5152,5152,Dialog Box of the AngularConverter,11. Objects Reference Help
5,Navigate Menu,5153,5153,Dialog Box of the AngularConverter,11. Objects Reference Help
5,View Menu,5154,5154,Dialog Box of the AngularConverter,11. Objects Reference Help
5,Tools Menu,5155,5155,Dialog Box of the AngularConverter,11. Objects Reference Help
5,Tabs Menu,5156,5156,Dialog Box of the AngularConverter,11. Objects Reference Help
5,Help Menu,5157,5157,Dialog Box of the AngularConverter,11. Objects Reference Help
4,Methods of the AngularConverter,5157,5157,AngularConverter,11. Objects Reference Help
5,Methods of the AngularConverter,5157,5157,Methods of the AngularConverter,11. Objects Reference Help
4,Read-Only Attributes of the AngularConverter,5158,5159,AngularConverter,11. Objects Reference Help
5,Read-Only Attributes of the AngularConverter,5158,5159,Read-Only Attributes of the AngularConverter,11. Objects Reference Help
5,IsUp [SimTalk] - AngularConverter,5160,5160,Read-Only Attributes of the AngularConverter,11. Objects Reference Help
4,Attributes of the AngularConverter,5160,5168,AngularConverter,11. Objects Reference Help
5,_Attributes of the AngularConverter,5160,5161,Attributes of the AngularConverter,11. Objects Reference Help
5,AutomaticStop [SimTalk] - AngularConverter,5162,5162,Attributes of the AngularConverter,11. Objects Reference Help
5,EntryLength [SimTalk],5163,5164,Attributes of the AngularConverter,11. Objects Reference Help
5,EntrySpeed [SimTalk],5165,5165,Attributes of the AngularConverter,11. Objects Reference Help
5,ExitLength [SimTalk],5166,5166,Attributes of the AngularConverter,11. Objects Reference Help
5,ExitSpeed [SimTalk],5167,5167,Attributes of the AngularConverter,11. Objects Reference Help
5,MovingTime [SimTalk] - AngularConverter,5168,5168,Attributes of the AngularConverter,11. Objects Reference Help
5,Width [SimTalk] - AngularConverter,5169,5169,Attributes of the AngularConverter,11. Objects Reference Help
3,Converter,5169,5246,Material Flow Objects,11. Objects Reference Help
4,Converter [object],5169,5174,Converter,11. Objects Reference Help
4,Dialog Box of the Converter,5175,5207,Converter,11. Objects Reference Help
5,Dialog Box of the Converter,5175,5175,Dialog Box of the Converter,11. Objects Reference Help
5,Tab Attributes,5175,5192,Dialog Box of the Converter,11. Objects Reference Help
6,Tab Attributes [Converter],5175,5175,Tab Attributes,11. Objects Reference Help
6,Length [text box] - Converter,5176,5176,Tab Attributes,11. Objects Reference Help
6,Width [text box] - Converter,5177,5177,Tab Attributes,11. Objects Reference Help
6,Speed [text box] - Converter,5178,5178,Tab Attributes,11. Objects Reference Help
6,Capacity [text box] - Converter,5179,5179,Tab Attributes,11. Objects Reference Help
6,Relative Converting Point For Length,5180,5180,Tab Attributes,11. Objects Reference Help
6,Relative Converting Point For Width,5181,5181,Tab Attributes,11. Objects Reference Help
6,Automatic Stop [check box] - Converter,5182,5182,Tab Attributes,11. Objects Reference Help
6,Go to Default Position [check box] - Converter,5183,5183,Tab Attributes,11. Objects Reference Help
6,Strategy [drop-down list] - Converter,5184,5186,Tab Attributes,11. Objects Reference Help
6,Strategy Method [Converter],5187,5189,Tab Attributes,11. Objects Reference Help
6,Default Exit [drop-down list],5190,5190,Tab Attributes,11. Objects Reference Help
6,Open List [button] - Converter,5191,5192,Tab Attributes,11. Objects Reference Help
6,Attribute Type [drop-down list] - Converter,5193,5193,Tab Attributes,11. Objects Reference Help
5,Tab Times,5193,5195,Dialog Box of the Converter,11. Objects Reference Help
6,Tab Times [Converter],5193,5194,Tab Times,11. Objects Reference Help
6,Moving Time [drop-down list] - Converter,5195,5195,Tab Times,11. Objects Reference Help
5,Tab Failures,5196,5196,Dialog Box of the Converter,11. Objects Reference Help
5,Tab Controls,5197,5198,Dialog Box of the Converter,11. Objects Reference Help
5,Tab Statistics [Converter],5199,5200,Dialog Box of the Converter,11. Objects Reference Help
5,Tab Energy,5201,5201,Dialog Box of the Converter,11. Objects Reference Help
5,Tab Costs,5202,5202,Dialog Box of the Converter,11. Objects Reference Help
5,Tab User-defined,5203,5203,Dialog Box of the Converter,11. Objects Reference Help
5,Navigate Menu,5204,5204,Dialog Box of the Converter,11. Objects Reference Help
5,View Menu,5205,5205,Dialog Box of the Converter,11. Objects Reference Help
5,Tools Menu,5206,5206,Dialog Box of the Converter,11. Objects Reference Help
5,Tabs Menu,5207,5207,Dialog Box of the Converter,11. Objects Reference Help
5,Help Menu,5208,5208,Dialog Box of the Converter,11. Objects Reference Help
4,Methods of the Converter,5208,5216,Converter,11. Objects Reference Help
5,_Methods of the Converter,5208,5209,Methods of the Converter,11. Objects Reference Help
5,getAttributeList [SimTalk] - Converter,5210,5211,Methods of the Converter,11. Objects Reference Help
5,getEntranceSide [SimTalk],5212,5212,Methods of the Converter,11. Objects Reference Help
5,getObjectOfSide [SimTalk],5213,5213,Methods of the Converter,11. Objects Reference Help
5,getSideOfConnector [SimTalk],5214,5214,Methods of the Converter,11. Objects Reference Help
5,getSuccessorAtExit [SimTalk],5215,5215,Methods of the Converter,11. Objects Reference Help
5,setAttributeList [SimTalk] - Converter,5216,5216,Methods of the Converter,11. Objects Reference Help
4,Read-Only Attributes of the Converter,5217,5224,Converter,11. Objects Reference Help
5,_Read-Only Attributes of the Converter,5217,5218,Read-Only Attributes of the Converter,11. Objects Reference Help
5,GetCurrentExit [SimTalk],5219,5219,Read-Only Attributes of the Converter,11. Objects Reference Help
5,GetNextEntranceNumber [SimTalk],5220,5220,Read-Only Attributes of the Converter,11. Objects Reference Help
5,IsUp [SimTalk] - Converter,5221,5221,Read-Only Attributes of the Converter,11. Objects Reference Help
5,StatMovingEmptyPortion [SimTalk],5222,5222,Read-Only Attributes of the Converter,11. Objects Reference Help
5,StatMovingEmptyTime [SimTalk],5223,5223,Read-Only Attributes of the Converter,11. Objects Reference Help
5,StatMovingLoadedPortion [SimTalk],5224,5224,Read-Only Attributes of the Converter,11. Objects Reference Help
5,StatMovingLoadedTime [SimTalk],5225,5225,Read-Only Attributes of the Converter,11. Objects Reference Help
4,Attributes of the Converter,5225,5246,Converter,11. Objects Reference Help
5,_Attributes of the Converter,5225,5226,Attributes of the Converter,11. Objects Reference Help
5,AttributeType [SimTalk] - Converter,5227,5228,Attributes of the Converter,11. Objects Reference Help
5,AutomaticStop [SimTalk] - Converter,5229,5229,Attributes of the Converter,11. Objects Reference Help
5,Capacity [SimTalk] - Converter,5230,5230,Attributes of the Converter,11. Objects Reference Help
5,DefaultExit [SimTalk],5231,5232,Attributes of the Converter,11. Objects Reference Help
5,ExitForMU [SimTalk],5233,5234,Attributes of the Converter,11. Objects Reference Help
5,GoToDefaultPosition [SimTalk] - Converter,5235,5235,Attributes of the Converter,11. Objects Reference Help
5,Length [SimTalk] - Converter,5236,5236,Attributes of the Converter,11. Objects Reference Help
5,MovingTime [SimTalk] - Converter,5237,5237,Attributes of the Converter,11. Objects Reference Help
5,RelConvertingPointL [SimTalk],5238,5238,Attributes of the Converter,11. Objects Reference Help
5,RelConvertingPointW [SimTalk],5239,5239,Attributes of the Converter,11. Objects Reference Help
5,Speed [SimTalk] - Converter,5240,5240,Attributes of the Converter,11. Objects Reference Help
5,Strategy [SimTalk] - Converter,5241,5243,Attributes of the Converter,11. Objects Reference Help
5,StrategyCtrl [SimTalk] - Converter,5244,5245,Attributes of the Converter,11. Objects Reference Help
5,Width [SimTalk] - Converter,5246,5246,Attributes of the Converter,11. Objects Reference Help
3,Turntable,5247,5314,Material Flow Objects,11. Objects Reference Help
4,Turntable [object],5247,5249,Turntable,11. Objects Reference Help
4,Dialog Box of the Turntable,5250,5280,Turntable,11. Objects Reference Help
5,Dialog Box of the Turntable,5250,5250,Dialog Box of the Turntable,11. Objects Reference Help
5,Tab Attributes,5251,5265,Dialog Box of the Turntable,11. Objects Reference Help
6,Tab Attributes,5251,5251,Tab Attributes,11. Objects Reference Help
6,Length [text box] - Turntable,5252,5252,Tab Attributes,11. Objects Reference Help
6,Width [text box] - Turntable,5253,5253,Tab Attributes,11. Objects Reference Help
6,Rotation Point [text box],5254,5254,Tab Attributes,11. Objects Reference Help
6,Conveyor Speed [text box],5255,5255,Tab Attributes,11. Objects Reference Help
6,Rotation Time per 90° [text box] - Turntable,5256,5256,Tab Attributes,11. Objects Reference Help
6,Rotate When [drop-down list] - Turntable,5257,5257,Tab Attributes,11. Objects Reference Help
6,Go to Default Position [check box] - Turntable,5258,5258,Tab Attributes,11. Objects Reference Help
6,Default Angle [text box] - Turntable,5259,5259,Tab Attributes,11. Objects Reference Help
6,MU Leaves Backwards Depends On,5260,5260,Tab Attributes,11. Objects Reference Help
6,Entry Angle Table,5261,5262,Tab Attributes,11. Objects Reference Help
6,Exit Angle Table,5263,5264,Tab Attributes,11. Objects Reference Help
6,Automatic Stop [check box] - Turntable,5265,5265,Tab Attributes,11. Objects Reference Help
5,Tab Times [Turntable],5266,5266,Dialog Box of the Turntable,11. Objects Reference Help
5,Tab Failures,5267,5267,Dialog Box of the Turntable,11. Objects Reference Help
5,Tab Controls,5267,5270,Dialog Box of the Turntable,11. Objects Reference Help
6,Tab Controls [Turntable],5267,5268,Tab Controls,11. Objects Reference Help
6,Target Control [Turntable],5269,5270,Tab Controls,11. Objects Reference Help
5,Tab Exit,5271,5271,Dialog Box of the Turntable,11. Objects Reference Help
5,Tab Statistics [Turntable],5272,5273,Dialog Box of the Turntable,11. Objects Reference Help
5,Tab Energy,5274,5274,Dialog Box of the Turntable,11. Objects Reference Help
5,Tab Costs,5275,5275,Dialog Box of the Turntable,11. Objects Reference Help
5,Tab User-defined,5276,5276,Dialog Box of the Turntable,11. Objects Reference Help
5,Navigate Menu,5277,5277,Dialog Box of the Turntable,11. Objects Reference Help
5,View Menu,5278,5278,Dialog Box of the Turntable,11. Objects Reference Help
5,Tools Menu,5279,5279,Dialog Box of the Turntable,11. Objects Reference Help
5,Tabs Menu,5280,5280,Dialog Box of the Turntable,11. Objects Reference Help
5,Help Menu,5281,5281,Dialog Box of the Turntable,11. Objects Reference Help
4,Methods of the Turntable,5281,5294,Turntable,11. Objects Reference Help
5,_Methods of the Turntable,5281,5281,Methods of the Turntable,11. Objects Reference Help
5,calculateAngles [SimTalk] - Turntable,5282,5283,Methods of the Turntable,11. Objects Reference Help
5,getDestination [SimTalk] - Turntable,5284,5284,Methods of the Turntable,11. Objects Reference Help
5,getEntryAngles [SimTalk],5285,5286,Methods of the Turntable,11. Objects Reference Help
5,getExitAngles [SimTalk],5287,5288,Methods of the Turntable,11. Objects Reference Help
5,goToAngle [SimTalk],5289,5289,Methods of the Turntable,11. Objects Reference Help
5,setDestination [SimTalk] - Turntable,5290,5290,Methods of the Turntable,11. Objects Reference Help
5,setEntryAngles [SimTalk],5291,5292,Methods of the Turntable,11. Objects Reference Help
5,setExitAngles [SimTalk],5293,5294,Methods of the Turntable,11. Objects Reference Help
5,stopMU [SimTalk],5295,5295,Methods of the Turntable,11. Objects Reference Help
4,Read-Only Attributes of the Turntable,5295,5301,Turntable,11. Objects Reference Help
5,_Read-Only Attributes of the Turntable,5295,5296,Read-Only Attributes of the Turntable,11. Objects Reference Help
5,CurrentAngle [SimTalk],5297,5297,Read-Only Attributes of the Turntable,11. Objects Reference Help
5,CurrentDestinationAngle [SimTalk],5298,5298,Read-Only Attributes of the Turntable,11. Objects Reference Help
5,StatRotationEmptyPortion [SimTalk] - Turntable,5299,5299,Read-Only Attributes of the Turntable,11. Objects Reference Help
5,StatRotationEmptyTime [SimTalk] - Turntable,5300,5300,Read-Only Attributes of the Turntable,11. Objects Reference Help
5,StatRotationLoadedPortion [SimTalk] - Turntable,5301,5301,Read-Only Attributes of the Turntable,11. Objects Reference Help
5,StatRotationLoadedTime [SimTalk] - Turntable,5302,5302,Read-Only Attributes of the Turntable,11. Objects Reference Help
4,Attributes of the Turntable,5302,5314,Turntable,11. Objects Reference Help
5,_Attributes of the Turntable,5302,5303,Attributes of the Turntable,11. Objects Reference Help
5,AutomaticStop [SimTalk] - Turntable,5304,5304,Attributes of the Turntable,11. Objects Reference Help
5,DefaultAngle [SimTalk] - Turntable,5305,5305,Attributes of the Turntable,11. Objects Reference Help
5,GoToDefaultPosition [SimTalk] - Turntable,5306,5306,Attributes of the Turntable,11. Objects Reference Help
5,Length [SimTalk] - Turntable,5307,5307,Attributes of the Turntable,11. Objects Reference Help
5,MURotationAttribute [SimTalk],5308,5308,Attributes of the Turntable,11. Objects Reference Help
5,RotateWhen [SimTalk],5309,5309,Attributes of the Turntable,11. Objects Reference Help
5,RotationPoint [SimTalk],5310,5310,Attributes of the Turntable,11. Objects Reference Help
5,RotationTimePer90Degrees [SimTalk] - Turntable,5311,5311,Attributes of the Turntable,11. Objects Reference Help
5,Speed [SimTalk] - Turntable,5312,5312,Attributes of the Turntable,11. Objects Reference Help
5,TargetCtrl [SimTalk] - Turntable,5313,5314,Attributes of the Turntable,11. Objects Reference Help
5,Width [SimTalk] - Turntable,5315,5315,Attributes of the Turntable,11. Objects Reference Help
3,Turnplate,5315,5366,Material Flow Objects,11. Objects Reference Help
4,Turnplate [object],5315,5317,Turnplate,11. Objects Reference Help
4,Dialog Box of the Turnplate,5318,5345,Turnplate,11. Objects Reference Help
5,Dialog Box of the Turnplate,5318,5318,Dialog Box of the Turnplate,11. Objects Reference Help
5,Tab Attributes,5319,5332,Dialog Box of the Turnplate,11. Objects Reference Help
6,Tab Attributes,5319,5319,Tab Attributes,11. Objects Reference Help
6,Length [text box] - Turnplate,5320,5320,Tab Attributes,11. Objects Reference Help
6,Width [text box] - Turnplate,5321,5321,Tab Attributes,11. Objects Reference Help
6,Speed [text box] - Turnplate,5322,5322,Tab Attributes,11. Objects Reference Help
6,Rotation Time per 90° [text box] - Turnplate,5323,5323,Tab Attributes,11. Objects Reference Help
6,Strategy [drop-down list] - Turnplate,5324,5325,Tab Attributes,11. Objects Reference Help
6,Angle [text box] - Turnplate,5326,5326,Tab Attributes,11. Objects Reference Help
6,Attribute Type [drop-down list] - Turnplate,5327,5327,Tab Attributes,11. Objects Reference Help
6,Open List [Turnplate],5328,5329,Tab Attributes,11. Objects Reference Help
6,Strategy Method [Turnplate],5330,5331,Tab Attributes,11. Objects Reference Help
6,Automatic Stop [check box] - Turnplate,5332,5332,Tab Attributes,11. Objects Reference Help
5,Tab Times,5333,5333,Dialog Box of the Turnplate,11. Objects Reference Help
5,Tab Failures,5334,5334,Dialog Box of the Turnplate,11. Objects Reference Help
5,Tab Controls,5335,5336,Dialog Box of the Turnplate,11. Objects Reference Help
5,Tab Statistics [Turnplate],5337,5338,Dialog Box of the Turnplate,11. Objects Reference Help
5,Tab Energy,5339,5339,Dialog Box of the Turnplate,11. Objects Reference Help
5,Tab Costs,5340,5340,Dialog Box of the Turnplate,11. Objects Reference Help
5,Tab User-defined,5341,5341,Dialog Box of the Turnplate,11. Objects Reference Help
5,Navigate Menu,5342,5342,Dialog Box of the Turnplate,11. Objects Reference Help
5,View Menu,5343,5343,Dialog Box of the Turnplate,11. Objects Reference Help
5,Tools Menu,5344,5344,Dialog Box of the Turnplate,11. Objects Reference Help
5,Tabs Menu,5345,5345,Dialog Box of the Turnplate,11. Objects Reference Help
5,Help Menu,5346,5346,Dialog Box of the Turnplate,11. Objects Reference Help
4,Methods of the Turnplate,5346,5351,Turnplate,11. Objects Reference Help
5,_Methods of the Turnplate,5346,5347,Methods of the Turnplate,11. Objects Reference Help
5,getAttributeList [SimTalk] - Turnplate,5348,5349,Methods of the Turnplate,11. Objects Reference Help
5,rotatePart [SimTalk],5350,5350,Methods of the Turnplate,11. Objects Reference Help
5,setAttributeList [SimTalk] - Turnplate,5351,5351,Methods of the Turnplate,11. Objects Reference Help
4,Read-Only Attributes of the Turnplate,5352,5354,Turnplate,11. Objects Reference Help
5,_Read-Only Attributes of the Turnplate,5352,5353,Read-Only Attributes of the Turnplate,11. Objects Reference Help
5,StatRotationLoadedPortion [SimTalk] - Turnplate,5354,5354,Read-Only Attributes of the Turnplate,11. Objects Reference Help
5,StatRotationLoadedTime [SimTalk] - Turnplate,5355,5355,Read-Only Attributes of the Turnplate,11. Objects Reference Help
4,Attributes of the Turnplate,5355,5366,Turnplate,11. Objects Reference Help
5,_Attributes of the Turnplate,5355,5356,Attributes of the Turnplate,11. Objects Reference Help
5,Angle [SimTalk] - Turnplate,5357,5357,Attributes of the Turnplate,11. Objects Reference Help
5,AttributeType [SimTalk] - Turnplate,5358,5358,Attributes of the Turnplate,11. Objects Reference Help
5,AutomaticStop [SimTalk] - Turnplate,5359,5359,Attributes of the Turnplate,11. Objects Reference Help
5,Length [Turnplate],5360,5360,Attributes of the Turnplate,11. Objects Reference Help
5,RotationTimePer90Degrees [SimTalk] - Turnplate,5361,5361,Attributes of the Turnplate,11. Objects Reference Help
5,Speed [SimTalk] - Turnplate,5362,5363,Attributes of the Turnplate,11. Objects Reference Help
5,Strategy [SimTalk] - Turnplate,5364,5364,Attributes of the Turnplate,11. Objects Reference Help
5,StrategyCtrl [SimTalk] - Turnplate,5365,5366,Attributes of the Turnplate,11. Objects Reference Help
5,Width [SimTalk] - Turnplate,5367,5367,Attributes of the Turnplate,11. Objects Reference Help
3,Track,5367,5400,Material Flow Objects,11. Objects Reference Help
4,Track [object],5367,5370,Track,11. Objects Reference Help
4,Routing [Track],5371,5371,Track,11. Objects Reference Help
4,Dialog Box of the Track,5372,5389,Track,11. Objects Reference Help
5,Dialog Box of the Track,5372,5372,Dialog Box of the Track,11. Objects Reference Help
5,Tab Attributes,5373,5378,Dialog Box of the Track,11. Objects Reference Help
6,Tab Attributes,5373,5373,Tab Attributes,11. Objects Reference Help
6,Length [text box] - Track,5374,5374,Tab Attributes,11. Objects Reference Help
6,Width [text box] - Track,5375,5375,Tab Attributes,11. Objects Reference Help
6,Capacity [text box] - Track,5376,5376,Tab Attributes,11. Objects Reference Help
6,Backward Destination List [text box],5377,5377,Tab Attributes,11. Objects Reference Help
6,Forward Destination List [text box],5378,5378,Tab Attributes,11. Objects Reference Help
5,Tab Times,5379,5379,Dialog Box of the Track,11. Objects Reference Help
5,Tab Failures,5380,5380,Dialog Box of the Track,11. Objects Reference Help
5,Tab Controls [Track],5381,5382,Dialog Box of the Track,11. Objects Reference Help
5,Tab Exit,5383,5383,Dialog Box of the Track,11. Objects Reference Help
5,Tab Statistics,5384,5384,Dialog Box of the Track,11. Objects Reference Help
5,Tab User-defined,5385,5385,Dialog Box of the Track,11. Objects Reference Help
5,Navigate Menu,5386,5386,Dialog Box of the Track,11. Objects Reference Help
5,View Menu,5387,5387,Dialog Box of the Track,11. Objects Reference Help
5,Tools Menu,5388,5388,Dialog Box of the Track,11. Objects Reference Help
5,Tabs Menu,5389,5389,Dialog Box of the Track,11. Objects Reference Help
5,Help Menu,5390,5390,Dialog Box of the Track,11. Objects Reference Help
4,Methods of the Track,5390,5392,Track,11. Objects Reference Help
5,Methods of the Track,5390,5391,Methods of the Track,11. Objects Reference Help
5,getRouteLength [SimTalk] - Track,5392,5392,Methods of the Track,11. Objects Reference Help
4,Read-Only Attributes of the Track,5393,5394,Track,11. Objects Reference Help
5,Read-Only Attributes of the Track,5393,5394,Read-Only Attributes of the Track,11. Objects Reference Help
5,OccupiedLength [SimTalk] - Track,5395,5395,Read-Only Attributes of the Track,11. Objects Reference Help
4,Attributes of the Track,5395,5400,Track,11. Objects Reference Help
5,_Attributes of the Track,5395,5396,Attributes of the Track,11. Objects Reference Help
5,BwDestList [SimTalk],5397,5397,Attributes of the Track,11. Objects Reference Help
5,Capacity [SimTalk] - Track,5398,5398,Attributes of the Track,11. Objects Reference Help
5,FwDestList [SimTalk],5399,5399,Attributes of the Track,11. Objects Reference Help
5,Length [SimTalk] - Track,5400,5400,Attributes of the Track,11. Objects Reference Help
5,Width [SimTalk] - Track,5401,5401,Attributes of the Track,11. Objects Reference Help
3,TwoLaneTrack,5401,5485,Material Flow Objects,11. Objects Reference Help
4,TwoLaneTrack,5401,5405,TwoLaneTrack,11. Objects Reference Help
4,Routing [TwoLaneTrack],5406,5406,TwoLaneTrack,11. Objects Reference Help
4,Dialog Box of the TwoLaneTrack,5407,5430,TwoLaneTrack,11. Objects Reference Help
5,Dialog Box of the TwoLaneTrack,5407,5407,Dialog Box of the TwoLaneTrack,11. Objects Reference Help
5,Tab Attributes,5408,5421,Dialog Box of the TwoLaneTrack,11. Objects Reference Help
6,Tab Attributes,5408,5408,Tab Attributes,11. Objects Reference Help
6,Lane A,5408,5410,Tab Attributes,11. Objects Reference Help
7,Lane A,5408,5408,Lane A,11. Objects Reference Help
7,Length [text box] - lane A,5409,5409,Lane A,11. Objects Reference Help
7,Entrance Locked [lane A],5410,5410,Lane A,11. Objects Reference Help
7,Exit Locked [lane A],5411,5411,Lane A,11. Objects Reference Help
6,Lane B,5411,5415,Tab Attributes,11. Objects Reference Help
7,Lane B,5411,5412,Lane B,11. Objects Reference Help
7,Length [text box] - lane B,5413,5413,Lane B,11. Objects Reference Help
7,Entrance Locked [lane B],5414,5414,Lane B,11. Objects Reference Help
7,Exit locked [lane B],5415,5415,Lane B,11. Objects Reference Help
6,Width [text box] - TwoLaneTrack,5416,5416,Tab Attributes,11. Objects Reference Help
6,Track Pitch [text box],5417,5417,Tab Attributes,11. Objects Reference Help
6,Right-hand Traffic/Left-hand Traffic,5418,5418,Tab Attributes,11. Objects Reference Help
6,Capacity [text box] - TwoLaneTrack,5419,5419,Tab Attributes,11. Objects Reference Help
6,Destination List A [text box],5420,5420,Tab Attributes,11. Objects Reference Help
6,Destination List B [text box],5421,5421,Tab Attributes,11. Objects Reference Help
5,Tab Failures,5422,5422,Dialog Box of the TwoLaneTrack,11. Objects Reference Help
5,Tab Controls A/B,5423,5424,Dialog Box of the TwoLaneTrack,11. Objects Reference Help
5,Tab Statistics,5425,5425,Dialog Box of the TwoLaneTrack,11. Objects Reference Help
5,Tab User-defined,5426,5426,Dialog Box of the TwoLaneTrack,11. Objects Reference Help
5,Navigate Menu,5427,5427,Dialog Box of the TwoLaneTrack,11. Objects Reference Help
5,View Menu,5428,5428,Dialog Box of the TwoLaneTrack,11. Objects Reference Help
5,Tools Menu,5429,5429,Dialog Box of the TwoLaneTrack,11. Objects Reference Help
5,Tabs Menu,5430,5430,Dialog Box of the TwoLaneTrack,11. Objects Reference Help
5,Help Menu,5431,5431,Dialog Box of the TwoLaneTrack,11. Objects Reference Help
4,Methods of the TwoLaneTrack,5431,5451,TwoLaneTrack,11. Objects Reference Help
5,_Methods of the TwoLaneTrack,5431,5433,Methods of the TwoLaneTrack,11. Objects Reference Help
5,bwBlockList [SimTalk] - lane A or B,5434,5435,Methods of the TwoLaneTrack,11. Objects Reference Help
5,contentsList [SimTalk] - lane A or B,5436,5437,Methods of the TwoLaneTrack,11. Objects Reference Help
5,exitBlockList [SimTalk] - lane A or B,5438,5439,Methods of the TwoLaneTrack,11. Objects Reference Help
5,fwBlockList [SimTalk] - lane A or B,5440,5441,Methods of the TwoLaneTrack,11. Objects Reference Help
5,getRouteLength [SimTalk] - lane A or B,5442,5443,Methods of the TwoLaneTrack,11. Objects Reference Help
5,pred [SimTalk] - lane A or B,5444,5444,Methods of the TwoLaneTrack,11. Objects Reference Help
5,predConnector [SimTalk] - lane A or B,5445,5445,Methods of the TwoLaneTrack,11. Objects Reference Help
5,predLane [SimTalk] - lane A or B,5446,5446,Methods of the TwoLaneTrack,11. Objects Reference Help
5,predLaneNo [SimTalk] - lane A or B,5447,5447,Methods of the TwoLaneTrack,11. Objects Reference Help
5,succ [SimTalk] - lane A or B,5448,5449,Methods of the TwoLaneTrack,11. Objects Reference Help
5,succConnector [SimTalk] - lane A or B,5450,5450,Methods of the TwoLaneTrack,11. Objects Reference Help
5,succLane [SimTalk] - lane A or B,5451,5451,Methods of the TwoLaneTrack,11. Objects Reference Help
5,succLaneNo [SimTalk] - lane A or B,5452,5452,Methods of the TwoLaneTrack,11. Objects Reference Help
4,Read-Only Attributes of the TwoLaneTrack,5452,5458,TwoLaneTrack,11. Objects Reference Help
5,_Read-Only Attributes of the TwoLaneTrack,5452,5454,Read-Only Attributes of the TwoLaneTrack,11. Objects Reference Help
5,IsLaneA [SimTalk],5455,5455,Read-Only Attributes of the TwoLaneTrack,11. Objects Reference Help
5,IsLaneB [SimTalk],5456,5456,Read-Only Attributes of the TwoLaneTrack,11. Objects Reference Help
5,NumPred [SimTalk] - lane A or B,5457,5457,Read-Only Attributes of the TwoLaneTrack,11. Objects Reference Help
5,NumSucc [SimTalk] - lane A or B,5458,5458,Read-Only Attributes of the TwoLaneTrack,11. Objects Reference Help
5,OccupiedLength [SimTalk] - lane A or B,5459,5459,Read-Only Attributes of the TwoLaneTrack,11. Objects Reference Help
4,Attributes of the TwoLaneTrack,5459,5485,TwoLaneTrack,11. Objects Reference Help
5,_Attributes of the TwoLaneTrack,5459,5461,Attributes of the TwoLaneTrack,11. Objects Reference Help
5,BwEntranceCtrl [SimTalk] - lane A or B,5462,5462,Attributes of the TwoLaneTrack,11. Objects Reference Help
5,BwEntranceCtrlFront [SimTalk] - lane A or B,5463,5463,Attributes of the TwoLaneTrack,11. Objects Reference Help
5,BwEntranceCtrlRear [SimTalk] - lane A or B,5464,5464,Attributes of the TwoLaneTrack,11. Objects Reference Help
5,BwExitCtrl [SimTalk] - lane A or B,5465,5465,Attributes of the TwoLaneTrack,11. Objects Reference Help
5,BwExitCtrlFront [SimTalk] - lane A or B,5466,5466,Attributes of the TwoLaneTrack,11. Objects Reference Help
5,BwExitCtrlRear [SimTalk] - lane A or B,5467,5467,Attributes of the TwoLaneTrack,11. Objects Reference Help
5,Capacity [SimTalk] - TwoLaneTrack,5468,5468,Attributes of the TwoLaneTrack,11. Objects Reference Help
5,DestListA [SimTalk] - TwoLaneTrack,5469,5469,Attributes of the TwoLaneTrack,11. Objects Reference Help
5,DestListB [SimTalk] - TwoLaneTrack,5470,5470,Attributes of the TwoLaneTrack,11. Objects Reference Help
5,EntranceCtrl [SimTalk] - lane A or B,5471,5471,Attributes of the TwoLaneTrack,11. Objects Reference Help
5,EntranceCtrlFront [SimTalk] - lane A or B,5472,5472,Attributes of the TwoLaneTrack,11. Objects Reference Help
5,EntranceCtrlRear [SimTalk] - lane A or B,5473,5473,Attributes of the TwoLaneTrack,11. Objects Reference Help
5,EntranceLocked [SimTalk] - lane A or B,5474,5475,Attributes of the TwoLaneTrack,11. Objects Reference Help
5,ExitCtrl [SimTalk] - lane A or B,5476,5476,Attributes of the TwoLaneTrack,11. Objects Reference Help
5,ExitCtrlFront [SimTalk] - lane A or B,5477,5477,Attributes of the TwoLaneTrack,11. Objects Reference Help
5,ExitCtrlRear [SimTalk] - lane A or B,5478,5478,Attributes of the TwoLaneTrack,11. Objects Reference Help
5,ExitLocked [SimTalk] - lane A or B,5479,5480,Attributes of the TwoLaneTrack,11. Objects Reference Help
5,Length [SimTalk] - lane A or B,5481,5481,Attributes of the TwoLaneTrack,11. Objects Reference Help
5,PullCtrl [SimTalk] - lane A or B,5482,5483,Attributes of the TwoLaneTrack,11. Objects Reference Help
5,TrackPitch [SimTalk],5484,5484,Attributes of the TwoLaneTrack,11. Objects Reference Help
5,Traffic [SimTalk] - TwoLaneTrack,5485,5485,Attributes of the TwoLaneTrack,11. Objects Reference Help
5,Width [SimTalk] - TwoLaneTrack,5486,5486,Attributes of the TwoLaneTrack,11. Objects Reference Help
3,FlowControl,5486,5553,Material Flow Objects,11. Objects Reference Help
4,FlowControl,5486,5487,FlowControl,11. Objects Reference Help
4,Dialog Box of the FlowControl,5488,5531,FlowControl,11. Objects Reference Help
5,Dialog Box of the FlowControl,5488,5488,Dialog Box of the FlowControl,11. Objects Reference Help
5,Tab Exit Strategy,5489,5509,Dialog Box of the FlowControl,11. Objects Reference Help
6,Tab Exit,5489,5489,Tab Exit Strategy,11. Objects Reference Help
6,"Blocking [FlowControl, exit]",5490,5490,Tab Exit Strategy,11. Objects Reference Help
6,Strategy,5490,5509,Tab Exit Strategy,11. Objects Reference Help
7,"Strategy [FlowControl, exit]",5490,5492,Strategy,11. Objects Reference Help
7,"Assignment [FlowControl, strategy]",5493,5493,Strategy,11. Objects Reference Help
7,"Cyclic [FlowControl, exit]",5494,5494,Strategy,11. Objects Reference Help
7,"Cyclic Sequence [FlowControl, exit]",5495,5495,Strategy,11. Objects Reference Help
7,"Least recently used [FlowControl, exit]",5496,5496,Strategy,11. Objects Reference Help
7,"Method [FlowControl, exit]",5497,5497,Strategy,11. Objects Reference Help
7,"Most recently used [FlowControl, exit]",5498,5498,Strategy,11. Objects Reference Help
7,"MU Attribute [FlowControl, exit]",5499,5501,Strategy,11. Objects Reference Help
7,MU Name,5502,5503,Strategy,11. Objects Reference Help
7,"Percentage [FlowControl, exit]",5504,5504,Strategy,11. Objects Reference Help
7,"Random [FlowControl, exit]",5505,5505,Strategy,11. Objects Reference Help
7,"Selection [FlowControl, exit]",5506,5507,Strategy,11. Objects Reference Help
7,"Start at Successor 1 [FlowControl, exit]",5508,5508,Strategy,11. Objects Reference Help
7,To all successors,5509,5509,Strategy,11. Objects Reference Help
6,Next Aimed Successor [FlowControl],5510,5510,Tab Exit Strategy,11. Objects Reference Help
5,Tab Entry Strategy,5510,5527,Dialog Box of the FlowControl,11. Objects Reference Help
6,Tab Entry,5510,5511,Tab Entry Strategy,11. Objects Reference Help
6,"Blocking [FlowControl, entry]",5512,5512,Tab Entry Strategy,11. Objects Reference Help
6,Strategy,5512,5526,Tab Entry Strategy,11. Objects Reference Help
7,"Strategy [FlowControl, entry]",5512,5514,Strategy,11. Objects Reference Help
7,"Cyclic [FlowControl, entry]",5515,5515,Strategy,11. Objects Reference Help
7,"Cyclic Sequence [FlowControl, entry]",5516,5516,Strategy,11. Objects Reference Help
7,"First come, first served",5517,5517,Strategy,11. Objects Reference Help
7,"Least recently used [FlowControl, entry]",5518,5518,Strategy,11. Objects Reference Help
7,"Method [FlowControl, entry]",5519,5520,Strategy,11. Objects Reference Help
7,"Most recently used [FlowControl, entry]",5521,5521,Strategy,11. Objects Reference Help
7,"Percentage [FlowControl, entry]",5522,5522,Strategy,11. Objects Reference Help
7,"Random [FlowControl, entry]",5523,5523,Strategy,11. Objects Reference Help
7,"Selection [FlowControl, entry]",5524,5525,Strategy,11. Objects Reference Help
7,Start at Predecessor 1,5526,5526,Strategy,11. Objects Reference Help
6,Next Aimed Predecessor,5527,5527,Tab Entry Strategy,11. Objects Reference Help
5,Tab User-defined,5528,5528,Dialog Box of the FlowControl,11. Objects Reference Help
5,Navigate Menu,5529,5529,Dialog Box of the FlowControl,11. Objects Reference Help
5,View Menu,5530,5530,Dialog Box of the FlowControl,11. Objects Reference Help
5,Tools Menu,5531,5531,Dialog Box of the FlowControl,11. Objects Reference Help
5,Help Menu,5532,5532,Dialog Box of the FlowControl,11. Objects Reference Help
4,Methods of the FlowControl,5532,5538,FlowControl,11. Objects Reference Help
5,_Methods of the FlowControl,5532,5533,Methods of the FlowControl,11. Objects Reference Help
5,getAttributeList [SimTalk] - FlowControl,5534,5534,Methods of the FlowControl,11. Objects Reference Help
5,getEntryList [SimTalk],5535,5535,Methods of the FlowControl,11. Objects Reference Help
5,getExitList [SimTalk],5536,5536,Methods of the FlowControl,11. Objects Reference Help
5,setAttributeList [SimTalk] - FlowControl,5537,5537,Methods of the FlowControl,11. Objects Reference Help
5,setEntryList [SimTalk],5538,5538,Methods of the FlowControl,11. Objects Reference Help
5,setExitList [SimTalk],5539,5539,Methods of the FlowControl,11. Objects Reference Help
4,Read-Only Attributes of the FlowControl,5539,5539,FlowControl,11. Objects Reference Help
5,Read-Only Attributes of the FlowControl,5539,5539,Read-Only Attributes of the FlowControl,11. Objects Reference Help
4,Attributes of the FlowControl,5540,5553,FlowControl,11. Objects Reference Help
5,_Attributes of the FlowControl,5540,5541,Attributes of the FlowControl,11. Objects Reference Help
5,AttributeType [SimTalk] - FlowControl,5542,5542,Attributes of the FlowControl,11. Objects Reference Help
5,DefaultSuccessor [SimTalk] - FlowControl,5543,5543,Attributes of the FlowControl,11. Objects Reference Help
5,EntryBehavior [SimTalk],5544,5544,Attributes of the FlowControl,11. Objects Reference Help
5,EntryBlocking [SimTalk],5545,5545,Attributes of the FlowControl,11. Objects Reference Help
5,EntryDistribution [SimTalk],5546,5546,Attributes of the FlowControl,11. Objects Reference Help
5,EntrySelectionMethod [SimTalk],5547,5547,Attributes of the FlowControl,11. Objects Reference Help
5,EntrySelectionProperty [SimTalk],5548,5548,Attributes of the FlowControl,11. Objects Reference Help
5,ExitBehavior [SimTalk],5549,5550,Attributes of the FlowControl,11. Objects Reference Help
5,ExitBlocking [SimTalk],5551,5551,Attributes of the FlowControl,11. Objects Reference Help
5,ExitDistribution [SimTalk],5552,5552,Attributes of the FlowControl,11. Objects Reference Help
5,ExitSelectionMethod [SimTalk],5553,5553,Attributes of the FlowControl,11. Objects Reference Help
5,ExitSelectionProperty [SimTalk],5554,5554,Attributes of the FlowControl,11. Objects Reference Help
3,Cycle,5554,5576,Material Flow Objects,11. Objects Reference Help
4,Cycle,5554,5556,Cycle,11. Objects Reference Help
4,Dialog Box of the Object Cycle,5557,5567,Cycle,11. Objects Reference Help
5,Dialog Box of the Cycle,5557,5557,Dialog Box of the Object Cycle,11. Objects Reference Help
5,Tab Attributes,5557,5562,Dialog Box of the Object Cycle,11. Objects Reference Help
6,Tab Attributes,5557,5557,Tab Attributes,11. Objects Reference Help
6,Active [check box] - Cycle,5558,5558,Tab Attributes,11. Objects Reference Help
6,First Station,5559,5559,Tab Attributes,11. Objects Reference Help
6,Last Station,5560,5560,Tab Attributes,11. Objects Reference Help
6,Empty Cycle Allowed [check box],5561,5561,Tab Attributes,11. Objects Reference Help
6,Part Can Only Enter on Cycle [check box],5562,5562,Tab Attributes,11. Objects Reference Help
5,Tab Statistics,5563,5563,Dialog Box of the Object Cycle,11. Objects Reference Help
5,Tab User-defined,5564,5564,Dialog Box of the Object Cycle,11. Objects Reference Help
5,Navigate Menu,5565,5565,Dialog Box of the Object Cycle,11. Objects Reference Help
5,View Menu,5566,5566,Dialog Box of the Object Cycle,11. Objects Reference Help
5,Tools Menu,5567,5567,Dialog Box of the Object Cycle,11. Objects Reference Help
5,Help Menu,5568,5568,Dialog Box of the Object Cycle,11. Objects Reference Help
4,Methods of the Object Cycle,5568,5570,Cycle,11. Objects Reference Help
5,Methods of the Object Cycle,5568,5569,Methods of the Object Cycle,11. Objects Reference Help
5,setFirstAndLastStation [SimTalk],5570,5570,Methods of the Object Cycle,11. Objects Reference Help
4,Read-Only Attributes of the Cycle,5571,5572,Cycle,11. Objects Reference Help
5,Read-Only Attributes of the Cycle,5571,5571,Read-Only Attributes of the Cycle,11. Objects Reference Help
5,GetFirstStation [SimTalk],5572,5572,Read-Only Attributes of the Cycle,11. Objects Reference Help
5,GetLastStation [SimTalk],5573,5573,Read-Only Attributes of the Cycle,11. Objects Reference Help
4,Attributes of the Object Cycle,5573,5576,Cycle,11. Objects Reference Help
5,_Attributes of the Object Cycle,5573,5574,Attributes of the Object Cycle,11. Objects Reference Help
5,Active [SimTalk] - Cycle,5575,5575,Attributes of the Object Cycle,11. Objects Reference Help
5,EmptyCycleAllowed [SimTalk],5576,5576,Attributes of the Object Cycle,11. Objects Reference Help
5,EntranceOnlyOnCycle [SimTalk],5577,5577,Attributes of the Object Cycle,11. Objects Reference Help
2,Fluid Objects,5577,5899,11. Objects Reference Help,11. Objects Reference Help
3,Fluid Objects,5577,5579,Fluid Objects,11. Objects Reference Help
3,Shared Properties,5580,5607,Fluid Objects,11. Objects Reference Help
4,Shared Properties,5580,5580,Shared Properties,11. Objects Reference Help
4,Dialog Items of the Fluid Objects,5581,5589,Shared Properties,11. Objects Reference Help
5,Dialog Items of the Fluid Objects,5581,5582,Dialog Items of the Fluid Objects,11. Objects Reference Help
5,Entrance Locked [fluid objects],5583,5583,Dialog Items of the Fluid Objects,11. Objects Reference Help
5,Exit Locked [fluid objects],5584,5584,Dialog Items of the Fluid Objects,11. Objects Reference Help
5,Tab Statistics [fluid objects],5585,5586,Dialog Items of the Fluid Objects,11. Objects Reference Help
5,Navigate Menu,5587,5587,Dialog Items of the Fluid Objects,11. Objects Reference Help
5,View Menu,5588,5588,Dialog Items of the Fluid Objects,11. Objects Reference Help
5,Tools Menu,5589,5589,Dialog Items of the Fluid Objects,11. Objects Reference Help
5,Help Menu,5590,5590,Dialog Items of the Fluid Objects,11. Objects Reference Help
4,Methods of the Fluid Objects,5590,5590,Shared Properties,11. Objects Reference Help
5,Methods of the Fluid Objects,5590,5590,Methods of the Fluid Objects,11. Objects Reference Help
4,Read-Only Attributes of the Fluid Objects,5591,5601,Shared Properties,11. Objects Reference Help
5,_Read-Only Attributes of the Fluid Objects,5591,5592,Read-Only Attributes of the Fluid Objects,11. Objects Reference Help
5,CurrentInFlowrate [SimTalk],5593,5593,Read-Only Attributes of the Fluid Objects,11. Objects Reference Help
5,CurrentMaterialColor [SimTalk],5594,5594,Read-Only Attributes of the Fluid Objects,11. Objects Reference Help
5,CurrentMaterialDensity [SimTalk],5595,5595,Read-Only Attributes of the Fluid Objects,11. Objects Reference Help
5,CurrentOutFlowrate [SimTalk],5596,5596,Read-Only Attributes of the Fluid Objects,11. Objects Reference Help
5,CurrentWeight [SimTalk],5597,5597,Read-Only Attributes of the Fluid Objects,11. Objects Reference Help
5,ResBlocked [SimTalk] - fluid objects,5598,5598,Read-Only Attributes of the Fluid Objects,11. Objects Reference Help
5,ResCurrentState [SimTalk] - fluid objects,5599,5599,Read-Only Attributes of the Fluid Objects,11. Objects Reference Help
5,ResSetup [SimTalk] - fluid objects,5600,5600,Read-Only Attributes of the Fluid Objects,11. Objects Reference Help
5,ResWaiting [SimTalk] - fluid objects,5601,5601,Read-Only Attributes of the Fluid Objects,11. Objects Reference Help
5,ResWorking [SimTalk] - fluid objects,5602,5602,Read-Only Attributes of the Fluid Objects,11. Objects Reference Help
4,Attributes of the Fluid Objects,5602,5607,Shared Properties,11. Objects Reference Help
5,_Attributes of the Fluid Objects,5602,5603,Attributes of the Fluid Objects,11. Objects Reference Help
5,EntranceLocked [SimTalk] - fluid objects,5604,5604,Attributes of the Fluid Objects,11. Objects Reference Help
5,ExitLocked [SimTalk] - fluid objects,5605,5605,Attributes of the Fluid Objects,11. Objects Reference Help
5,RandomSeed [SimTalk] - fluid objects,5606,5607,Attributes of the Fluid Objects,11. Objects Reference Help
5,SetupTime [SimTalk] - fluid objects,5608,5608,Attributes of the Fluid Objects,11. Objects Reference Help
3,Pipe,5608,5636,Fluid Objects,11. Objects Reference Help
4,Pipe,5608,5610,Pipe,11. Objects Reference Help
4,Dialog Box of the Pipe,5611,5624,Pipe,11. Objects Reference Help
5,Dialog Box of the Pipe,5611,5611,Dialog Box of the Pipe,11. Objects Reference Help
5,Tab Attributes,5612,5618,Dialog Box of the Pipe,11. Objects Reference Help
6,Tab Attributes [Pipe],5612,5612,Tab Attributes,11. Objects Reference Help
6,Outflow Rate [Pipe],5613,5613,Tab Attributes,11. Objects Reference Help
6,Pipe Opened [check box],5614,5614,Tab Attributes,11. Objects Reference Help
6,Exit Strategy,5614,5616,Tab Attributes,11. Objects Reference Help
7,Exit Strategy - Pipe,5614,5614,Exit Strategy,11. Objects Reference Help
7,Evenly distributed,5615,5615,Exit Strategy,11. Objects Reference Help
7,Percentage [Pipe],5616,5616,Exit Strategy,11. Objects Reference Help
6,Current Material [Pipe],5617,5617,Tab Attributes,11. Objects Reference Help
6,Current Flow Rate [text box],5618,5618,Tab Attributes,11. Objects Reference Help
5,Tab Times,5619,5619,Dialog Box of the Pipe,11. Objects Reference Help
5,Tab Statistics,5620,5620,Dialog Box of the Pipe,11. Objects Reference Help
5,Tab User-defined Attributes,5621,5621,Dialog Box of the Pipe,11. Objects Reference Help
5,Navigate Menu,5622,5622,Dialog Box of the Pipe,11. Objects Reference Help
5,View Menu,5623,5623,Dialog Box of the Pipe,11. Objects Reference Help
5,Tools Menu,5624,5624,Dialog Box of the Pipe,11. Objects Reference Help
5,Help Menu,5625,5625,Dialog Box of the Pipe,11. Objects Reference Help
4,Methods of the Pipe,5625,5625,Pipe,11. Objects Reference Help
5,Methods of the Pipe,5625,5625,Methods of the Pipe,11. Objects Reference Help
4,Read-Only Attributes of the Pipe,5626,5629,Pipe,11. Objects Reference Help
5,_Read-Only Attributes of the Pipe,5626,5627,Read-Only Attributes of the Pipe,11. Objects Reference Help
5,CurrentFlowrate [SimTalk],5628,5628,Read-Only Attributes of the Pipe,11. Objects Reference Help
5,CurrentMaterial [SimTalk] - Pipe,5629,5629,Read-Only Attributes of the Pipe,11. Objects Reference Help
5,LengthOfPipe [SimTalk],5630,5630,Read-Only Attributes of the Pipe,11. Objects Reference Help
4,Attributes of the Pipe,5630,5636,Pipe,11. Objects Reference Help
5,_Attributes of the Pipe,5630,5631,Attributes of the Pipe,11. Objects Reference Help
5,ExitStrategy [SimTalk] - Pipe,5632,5632,Attributes of the Pipe,11. Objects Reference Help
5,ExitStrategyPercentageValues [SimTalk] - Pipe,5633,5633,Attributes of the Pipe,11. Objects Reference Help
5,OutflowRate [SimTalk] - Pipe,5634,5635,Attributes of the Pipe,11. Objects Reference Help
5,PipeOpened [SimTalk],5636,5636,Attributes of the Pipe,11. Objects Reference Help
3,FluidSource,5637,5665,Fluid Objects,11. Objects Reference Help
4,FluidSource,5637,5637,FluidSource,11. Objects Reference Help
4,Dialog Box of the FluidSource,5638,5654,FluidSource,11. Objects Reference Help
5,Dialog Box of the FluidSource,5638,5638,Dialog Box of the FluidSource,11. Objects Reference Help
5,Tab Attributes,5639,5648,Dialog Box of the FluidSource,11. Objects Reference Help
6,Tab Attributes,5639,5639,Tab Attributes,11. Objects Reference Help
6,Outflow Rate [FluidSource],5640,5640,Tab Attributes,11. Objects Reference Help
6,Material Selection [drop-down list],5641,5642,Tab Attributes,11. Objects Reference Help
6,Material [text box] - FluidSource,5643,5645,Tab Attributes,11. Objects Reference Help
6,Materials Table [FluidSource],5646,5646,Tab Attributes,11. Objects Reference Help
6,Shift Calendar [FluidSource],5647,5647,Tab Attributes,11. Objects Reference Help
6,Current Outflow Rate [FluidSource],5648,5648,Tab Attributes,11. Objects Reference Help
5,Tab Failures,5649,5649,Dialog Box of the FluidSource,11. Objects Reference Help
5,Tab Statistics [FluidSource],5650,5650,Dialog Box of the FluidSource,11. Objects Reference Help
5,Tab User-defined Attributes,5651,5651,Dialog Box of the FluidSource,11. Objects Reference Help
5,Navigate Menu,5652,5652,Dialog Box of the FluidSource,11. Objects Reference Help
5,View Menu,5653,5653,Dialog Box of the FluidSource,11. Objects Reference Help
5,Tools Menu,5654,5654,Dialog Box of the FluidSource,11. Objects Reference Help
5,Help Menu,5655,5655,Dialog Box of the FluidSource,11. Objects Reference Help
4,Methods of the FluidSource,5655,5655,FluidSource,11. Objects Reference Help
5,Methods of the FluidSource,5655,5655,Methods of the FluidSource,11. Objects Reference Help
4,Read-Only Attributes of the FluidSource,5656,5657,FluidSource,11. Objects Reference Help
5,Read-Only Attributes of the FluidSource,5656,5657,Read-Only Attributes of the FluidSource,11. Objects Reference Help
5,StatAmount [SimTalk],5658,5658,Read-Only Attributes of the FluidSource,11. Objects Reference Help
4,Attributes of the FluidSource,5658,5665,FluidSource,11. Objects Reference Help
5,_Attributes of the FluidSource,5658,5659,Attributes of the FluidSource,11. Objects Reference Help
5,Material [SimTalk] - FluidSource,5660,5661,Attributes of the FluidSource,11. Objects Reference Help
5,MaterialSelection [SimTalk],5662,5663,Attributes of the FluidSource,11. Objects Reference Help
5,MaterialsTable [SimTalk] - FluidSource,5664,5664,Attributes of the FluidSource,11. Objects Reference Help
5,OutflowRate [SimTalk] - FluidSource,5665,5665,Attributes of the FluidSource,11. Objects Reference Help
3,FluidDrain,5666,5684,Fluid Objects,11. Objects Reference Help
4,FluidDrain,5666,5666,FluidDrain,11. Objects Reference Help
4,Dialog Box of the FluidDrain,5667,5676,FluidDrain,11. Objects Reference Help
5,Dialog Box of the FluidDrain,5667,5667,Dialog Box of the FluidDrain,11. Objects Reference Help
5,Tab Attributes,5668,5670,Dialog Box of the FluidDrain,11. Objects Reference Help
6,Tab Attributes,5668,5668,Tab Attributes,11. Objects Reference Help
6,Shift Calendar [FluidDrain],5669,5669,Tab Attributes,11. Objects Reference Help
6,Current Inflow Rate [FluidDrain],5670,5670,Tab Attributes,11. Objects Reference Help
5,Tab Failures,5671,5671,Dialog Box of the FluidDrain,11. Objects Reference Help
5,Tab Statistics,5671,5672,Dialog Box of the FluidDrain,11. Objects Reference Help
6,Tab Statistics [FluidDrain],5671,5671,Tab Statistics,11. Objects Reference Help
6,Detailed Statistics Table [FluidDrain],5672,5672,Tab Statistics,11. Objects Reference Help
5,Tab User-defined,5673,5673,Dialog Box of the FluidDrain,11. Objects Reference Help
5,Navigate Menu,5674,5674,Dialog Box of the FluidDrain,11. Objects Reference Help
5,View Menu,5675,5675,Dialog Box of the FluidDrain,11. Objects Reference Help
5,Tools Menu,5676,5676,Dialog Box of the FluidDrain,11. Objects Reference Help
5,Help Menu,5677,5677,Dialog Box of the FluidDrain,11. Objects Reference Help
4,Methods of the FluidDrain,5677,5678,FluidDrain,11. Objects Reference Help
5,Methods of the FluidDrain,5677,5678,Methods of the FluidDrain,11. Objects Reference Help
5,typeStatistics [SimTalk] - FluidDrain,5679,5679,Methods of the FluidDrain,11. Objects Reference Help
4,Read-Only Attributes of the FluidDrain,5679,5683,FluidDrain,11. Objects Reference Help
5,_Read-Only Attributes of the FluidDrain,5679,5680,Read-Only Attributes of the FluidDrain,11. Objects Reference Help
5,StatMaxFlowRate [SimTalk],5681,5681,Read-Only Attributes of the FluidDrain,11. Objects Reference Help
5,StatThroughput [SimTalk] - FluidDrain,5682,5682,Read-Only Attributes of the FluidDrain,11. Objects Reference Help
5,StatThroughputPerDay [SimTalk] - FluidDrain,5683,5683,Read-Only Attributes of the FluidDrain,11. Objects Reference Help
5,StatThroughputPerHour [SimTalk] - FluidDrain,5684,5684,Read-Only Attributes of the FluidDrain,11. Objects Reference Help
4,Attributes of the FluidDrain,5684,5684,FluidDrain,11. Objects Reference Help
5,Attributes of the FluidDrain,5684,5684,Attributes of the FluidDrain,11. Objects Reference Help
3,Tank,5685,5742,Fluid Objects,11. Objects Reference Help
4,Tank [object],5685,5686,Tank,11. Objects Reference Help
4,Dialog Box of the Tank,5687,5711,Tank,11. Objects Reference Help
5,Dialog Box of the Tank,5687,5687,Dialog Box of the Tank,11. Objects Reference Help
5,Tab Attributes,5688,5703,Dialog Box of the Tank,11. Objects Reference Help
6,Tab Attributes,5688,5688,Tab Attributes,11. Objects Reference Help
6,Outflow Rate [Tank],5689,5689,Tab Attributes,11. Objects Reference Help
6,Volume [Tank],5690,5690,Tab Attributes,11. Objects Reference Help
6,Shift Calendar [Tank],5691,5691,Tab Attributes,11. Objects Reference Help
6,Current Material [Tank],5692,5692,Tab Attributes,11. Objects Reference Help
6,Current Fill Level [Tank],5693,5693,Tab Attributes,11. Objects Reference Help
6,Current Amount [Tank],5694,5694,Tab Attributes,11. Objects Reference Help
6,Current Inflow Rate [Tank],5695,5695,Tab Attributes,11. Objects Reference Help
6,Current Outflow Rate [Tank],5696,5696,Tab Attributes,11. Objects Reference Help
6,Sensors,5696,5703,Tab Attributes,11. Objects Reference Help
7,Sensors [Tank],5696,5697,Sensors,11. Objects Reference Help
7,Position [Tank],5698,5699,Sensors,11. Objects Reference Help
7,Exceeded [check box],5700,5700,Sensors,11. Objects Reference Help
7,Underrun [check box],5701,5701,Sensors,11. Objects Reference Help
7,Control [Tank],5702,5703,Sensors,11. Objects Reference Help
5,Tab Times,5704,5704,Dialog Box of the Tank,11. Objects Reference Help
5,Tab Failures,5705,5705,Dialog Box of the Tank,11. Objects Reference Help
5,Tab Statistics [Tank],5706,5706,Dialog Box of the Tank,11. Objects Reference Help
5,Tab Importer,5707,5707,Dialog Box of the Tank,11. Objects Reference Help
5,Tab User-defined,5708,5708,Dialog Box of the Tank,11. Objects Reference Help
5,Navigate Menu,5709,5709,Dialog Box of the Tank,11. Objects Reference Help
5,View Menu,5710,5710,Dialog Box of the Tank,11. Objects Reference Help
5,Tools Menu,5711,5711,Dialog Box of the Tank,11. Objects Reference Help
5,Help Menu,5712,5712,Dialog Box of the Tank,11. Objects Reference Help
4,Methods of the Tank,5712,5721,Tank,11. Objects Reference Help
5,Methods of the Tank,5712,5712,Methods of the Tank,11. Objects Reference Help
5,General Methods of the Tank,5713,5714,Methods of the Tank,11. Objects Reference Help
6,General Methods of the Tank,5713,5713,General Methods of the Tank,11. Objects Reference Help
6,setCurrentContent [SimTalk] - Tank,5714,5714,General Methods of the Tank,11. Objects Reference Help
5,Methods of the Sensors of the Tank,5715,5721,Methods of the Tank,11. Objects Reference Help
6,_Methods of the Sensors of the Tank,5715,5715,Methods of the Sensors of the Tank,11. Objects Reference Help
6,createSensor [SimTalk] - Tank,5716,5717,Methods of the Sensors of the Tank,11. Objects Reference Help
6,deleteSensor [SimTalk] - Tank,5718,5718,Methods of the Sensors of the Tank,11. Objects Reference Help
6,existsSensorID [SimTalk] - Tank,5719,5719,Methods of the Sensors of the Tank,11. Objects Reference Help
6,sensorID [SimTalk] - Tank,5720,5720,Methods of the Sensors of the Tank,11. Objects Reference Help
6,sensorNo [SimTalk] - Tank,5721,5721,Methods of the Sensors of the Tank,11. Objects Reference Help
6,sensors.ID [SimTalk] - Tank,5722,5722,Methods of the Sensors of the Tank,11. Objects Reference Help
4,Read-Only Attributes of the Tank,5722,5733,Tank,11. Objects Reference Help
5,Read-Only Attributes of the Tank,5722,5722,Read-Only Attributes of the Tank,11. Objects Reference Help
5,General Read-Only Attributes of the Tank,5723,5730,Read-Only Attributes of the Tank,11. Objects Reference Help
6,_General Read-Only Attributes of the Tank,5723,5723,General Read-Only Attributes of the Tank,11. Objects Reference Help
6,CurrentAmount [SimTalk] - Tank,5724,5724,General Read-Only Attributes of the Tank,11. Objects Reference Help
6,CurrentFillLevel [SimTalk] - Tank,5725,5725,General Read-Only Attributes of the Tank,11. Objects Reference Help
6,CurrentMaterial [SimTalk] - Tank,5726,5727,General Read-Only Attributes of the Tank,11. Objects Reference Help
6,Empty [SimTalk] - Tank,5728,5728,General Read-Only Attributes of the Tank,11. Objects Reference Help
6,Full [SimTalk] - Tank,5729,5729,General Read-Only Attributes of the Tank,11. Objects Reference Help
6,StatRelativeOccupation [SimTalk] - Tank,5730,5730,General Read-Only Attributes of the Tank,11. Objects Reference Help
6,StatThroughput [SimTalk] - Tank,5731,5731,General Read-Only Attributes of the Tank,11. Objects Reference Help
5,Read-Only Attributes of the Sensors of the Tank,5731,5733,Read-Only Attributes of the Tank,11. Objects Reference Help
6,_Read-Only Attributes of the Sensors of the Tank,5731,5731,Read-Only Attributes of the Sensors of the Tank,11. Objects Reference Help
6,ID [SimTalk] - Tank,5732,5732,Read-Only Attributes of the Sensors of the Tank,11. Objects Reference Help
6,NumSensors [SimTalk] - Tank,5733,5733,Read-Only Attributes of the Sensors of the Tank,11. Objects Reference Help
6,Origin [SimTalk] - Tank,5734,5734,Read-Only Attributes of the Sensors of the Tank,11. Objects Reference Help
4,Attributes of the Tank,5734,5742,Tank,11. Objects Reference Help
5,Attributes of the Tank,5734,5734,Attributes of the Tank,11. Objects Reference Help
5,General Attributes of the Tank,5735,5737,Attributes of the Tank,11. Objects Reference Help
6,_General Attributes of the Tank,5735,5735,General Attributes of the Tank,11. Objects Reference Help
6,OutflowRate [SimTalk] - Tank,5736,5737,General Attributes of the Tank,11. Objects Reference Help
6,Volume [SimTalk] - Tank,5738,5738,General Attributes of the Tank,11. Objects Reference Help
5,Attributes of the Sensors of the Tank,5738,5742,Attributes of the Tank,11. Objects Reference Help
6,_Attributes of the Sensors of the Tank,5738,5738,Attributes of the Sensors of the Tank,11. Objects Reference Help
6,"Control [SimTalk] - senor, Tank",5739,5739,Attributes of the Sensors of the Tank,11. Objects Reference Help
6,Exceeded [SimTalk],5740,5740,Attributes of the Sensors of the Tank,11. Objects Reference Help
6,Position [SimTalk] - Tank,5741,5741,Attributes of the Sensors of the Tank,11. Objects Reference Help
6,PositionType [SimTalk],5742,5742,Attributes of the Sensors of the Tank,11. Objects Reference Help
6,Underrun [SimTalk],5743,5743,Attributes of the Sensors of the Tank,11. Objects Reference Help
3,Mixer,5743,5788,Fluid Objects,11. Objects Reference Help
4,Mixer,5743,5744,Mixer,11. Objects Reference Help
4,Dialog Box of the Mixer,5745,5767,Mixer,11. Objects Reference Help
5,Dialog Box of the Mixer,5745,5745,Dialog Box of the Mixer,11. Objects Reference Help
5,Tab Attributes,5746,5755,Dialog Box of the Mixer,11. Objects Reference Help
6,Tab Attributes,5746,5746,Tab Attributes,11. Objects Reference Help
6,Outflow Rate [Mixer],5747,5747,Tab Attributes,11. Objects Reference Help
6,Volume [Mixer],5748,5748,Tab Attributes,11. Objects Reference Help
6,Product [text box] - Mixer,5749,5749,Tab Attributes,11. Objects Reference Help
6,Product Amount [text box],5750,5750,Tab Attributes,11. Objects Reference Help
6,Materials Table [Mixer],5751,5751,Tab Attributes,11. Objects Reference Help
6,Current Fill Level [Mixer],5752,5752,Tab Attributes,11. Objects Reference Help
6,Current Amount [Mixer],5753,5753,Tab Attributes,11. Objects Reference Help
6,Current Inflow Rate [Mixer],5754,5754,Tab Attributes,11. Objects Reference Help
6,Current Outflow Rate [Mixer],5755,5755,Tab Attributes,11. Objects Reference Help
5,Tab Times,5756,5756,Dialog Box of the Mixer,11. Objects Reference Help
5,Tab Failures,5757,5757,Dialog Box of the Mixer,11. Objects Reference Help
5,Tab Controls,5757,5761,Dialog Box of the Mixer,11. Objects Reference Help
6,Tab Controls,5757,5758,Tab Controls,11. Objects Reference Help
6,Ingredient Complete Control,5759,5760,Tab Controls,11. Objects Reference Help
6,Shift Calendar [Mixer],5761,5761,Tab Controls,11. Objects Reference Help
5,Tab Statistics [Mixer],5762,5762,Dialog Box of the Mixer,11. Objects Reference Help
5,Tab Importer,5763,5763,Dialog Box of the Mixer,11. Objects Reference Help
5,Tab User-defined,5764,5764,Dialog Box of the Mixer,11. Objects Reference Help
5,Navigate Menu,5765,5765,Dialog Box of the Mixer,11. Objects Reference Help
5,View Menu,5766,5766,Dialog Box of the Mixer,11. Objects Reference Help
5,Tools Menu,5767,5767,Dialog Box of the Mixer,11. Objects Reference Help
5,Help Menu,5768,5768,Dialog Box of the Mixer,11. Objects Reference Help
4,Methods of the Mixer,5768,5771,Mixer,11. Objects Reference Help
5,_Methods of the Mixer,5768,5769,Methods of the Mixer,11. Objects Reference Help
5,addContent [SimTalk],5770,5770,Methods of the Mixer,11. Objects Reference Help
5,setCurrentContent [SimTalk] - Mixer,5771,5771,Methods of the Mixer,11. Objects Reference Help
4,Read-Only Attributes of the Mixer,5772,5779,Mixer,11. Objects Reference Help
5,_Read-Only Attributes of the Mixer,5772,5772,Read-Only Attributes of the Mixer,11. Objects Reference Help
5,CurrentAmount [SimTalk] - Mixer,5773,5773,Read-Only Attributes of the Mixer,11. Objects Reference Help
5,CurrentFillLevel [SimTalk] - Mixer,5774,5774,Read-Only Attributes of the Mixer,11. Objects Reference Help
5,Empty [SimTalk] - Mixer,5775,5775,Read-Only Attributes of the Mixer,11. Objects Reference Help
5,EntranceOpen [SimTalk] - Mixer,5776,5776,Read-Only Attributes of the Mixer,11. Objects Reference Help
5,Full [SimTalk] - Mixer,5777,5777,Read-Only Attributes of the Mixer,11. Objects Reference Help
5,Ready [SimTalk] - Mixer,5778,5778,Read-Only Attributes of the Mixer,11. Objects Reference Help
5,StatThroughput [SimTalk] - Mixer,5779,5779,Read-Only Attributes of the Mixer,11. Objects Reference Help
5,TimeUntilEntranceOpen [SimTalk] - Mixer,5780,5780,Read-Only Attributes of the Mixer,11. Objects Reference Help
4,Attributes of the Mixer,5780,5788,Mixer,11. Objects Reference Help
5,Attributes of the Mixer,5780,5781,Attributes of the Mixer,11. Objects Reference Help
5,IngredientCompleteCtrl [SimTalk],5782,5782,Attributes of the Mixer,11. Objects Reference Help
5,MaterialsTable [SimTalk] - Mixer,5783,5783,Attributes of the Mixer,11. Objects Reference Help
5,OutflowRate [SimTalk] - Mixer,5784,5784,Attributes of the Mixer,11. Objects Reference Help
5,ProcTime [SimTalk] - Mixer,5785,5785,Attributes of the Mixer,11. Objects Reference Help
5,Product [SimTalk],5786,5786,Attributes of the Mixer,11. Objects Reference Help
5,ProductAmount [SimTalk],5787,5787,Attributes of the Mixer,11. Objects Reference Help
5,RecoveryTime [SimTalk] - Mixer,5788,5788,Attributes of the Mixer,11. Objects Reference Help
5,Volume [SimTalk] - Mixer,5789,5789,Attributes of the Mixer,11. Objects Reference Help
3,ContinuousMixer,5789,5809,Fluid Objects,11. Objects Reference Help
4,ContinuousMixer,5789,5789,ContinuousMixer,11. Objects Reference Help
4,Dialog Box of the ContinuousMixer,5790,5804,ContinuousMixer,11. Objects Reference Help
5,Dialog Box of the ContinuousMixer,5790,5790,Dialog Box of the ContinuousMixer,11. Objects Reference Help
5,Tab Attributes,5791,5796,Dialog Box of the ContinuousMixer,11. Objects Reference Help
6,Tab Attributes,5791,5791,Tab Attributes,11. Objects Reference Help
6,Product [text box] - ContinuousMixer,5792,5792,Tab Attributes,11. Objects Reference Help
6,Materials Table [ContinuousMixer],5793,5793,Tab Attributes,11. Objects Reference Help
6,Shift Calendar [ContinuousMixer],5794,5794,Tab Attributes,11. Objects Reference Help
6,Current Inflow Rate [ContinuousMixer],5795,5795,Tab Attributes,11. Objects Reference Help
6,Current Outflow Rate [ContinuousMixer],5796,5796,Tab Attributes,11. Objects Reference Help
5,Tab Failures,5797,5797,Dialog Box of the ContinuousMixer,11. Objects Reference Help
5,Tab Times,5798,5798,Dialog Box of the ContinuousMixer,11. Objects Reference Help
5,Tab Statistics [ContinuousMixer],5799,5799,Dialog Box of the ContinuousMixer,11. Objects Reference Help
5,Tab Importer,5800,5800,Dialog Box of the ContinuousMixer,11. Objects Reference Help
5,Tab User-defined,5801,5801,Dialog Box of the ContinuousMixer,11. Objects Reference Help
5,Navigate Menu,5802,5802,Dialog Box of the ContinuousMixer,11. Objects Reference Help
5,View Menu,5803,5803,Dialog Box of the ContinuousMixer,11. Objects Reference Help
5,Tools Menu,5804,5804,Dialog Box of the ContinuousMixer,11. Objects Reference Help
5,Help Menu,5805,5805,Dialog Box of the ContinuousMixer,11. Objects Reference Help
4,Methods of the ContinuousMixer,5805,5805,ContinuousMixer,11. Objects Reference Help
5,Methods of the ContinuousMixer,5805,5805,Methods of the ContinuousMixer,11. Objects Reference Help
4,Read-Only Attributes of the ContinuousMixer,5806,5806,ContinuousMixer,11. Objects Reference Help
5,Read-Only Attributes of the ContinuousMixer,5806,5806,Read-Only Attributes of the ContinuousMixer,11. Objects Reference Help
4,Attributes of the ContinuousMixer,5807,5809,ContinuousMixer,11. Objects Reference Help
5,Attributes of the ContinuousMixer,5807,5808,Attributes of the ContinuousMixer,11. Objects Reference Help
5,MaterialsTable [SimTalk] - ContinuousMixer,5809,5809,Attributes of the ContinuousMixer,11. Objects Reference Help
5,Product [SimTalk] - ContinuousMixer,5810,5810,Attributes of the ContinuousMixer,11. Objects Reference Help
3,Portioner,5810,5838,Fluid Objects,11. Objects Reference Help
4,Portioner,5810,5811,Portioner,11. Objects Reference Help
4,Dialog Box of the Portioner,5812,5830,Portioner,11. Objects Reference Help
5,Dialog Box of the Portioner,5812,5812,Dialog Box of the Portioner,11. Objects Reference Help
5,Tab Attributes,5813,5819,Dialog Box of the Portioner,11. Objects Reference Help
6,Tab Attributes,5813,5813,Tab Attributes,11. Objects Reference Help
6,MU [Portioner],5814,5814,Tab Attributes,11. Objects Reference Help
6,Amount per MU [Portioner],5815,5815,Tab Attributes,11. Objects Reference Help
6,Fluid from Predecessor [text box],5816,5816,Tab Attributes,11. Objects Reference Help
6,Current Amount [Portioner],5817,5817,Tab Attributes,11. Objects Reference Help
6,Current Inflow Rate [Portioner],5818,5818,Tab Attributes,11. Objects Reference Help
6,Current Material [Portioner],5819,5819,Tab Attributes,11. Objects Reference Help
5,Tab Times,5820,5820,Dialog Box of the Portioner,11. Objects Reference Help
5,Tab Failures,5821,5821,Dialog Box of the Portioner,11. Objects Reference Help
5,Tab Controls,5822,5823,Dialog Box of the Portioner,11. Objects Reference Help
5,Tab Exit,5824,5824,Dialog Box of the Portioner,11. Objects Reference Help
5,Tab Statistics,5825,5825,Dialog Box of the Portioner,11. Objects Reference Help
5,Tab Importer,5826,5826,Dialog Box of the Portioner,11. Objects Reference Help
5,Tab User-defined,5827,5827,Dialog Box of the Portioner,11. Objects Reference Help
5,Navigate Menu,5828,5828,Dialog Box of the Portioner,11. Objects Reference Help
5,View Menu,5829,5829,Dialog Box of the Portioner,11. Objects Reference Help
5,Tools Menu,5830,5830,Dialog Box of the Portioner,11. Objects Reference Help
5,Help Menu,5831,5831,Dialog Box of the Portioner,11. Objects Reference Help
4,Methods of the Portioner,5831,5831,Portioner,11. Objects Reference Help
5,Methods of the Portioner,5831,5831,Methods of the Portioner,11. Objects Reference Help
4,Read-Only Attributes of the Portioner,5832,5834,Portioner,11. Objects Reference Help
5,_Read-Only Attributes of the Portioner,5832,5833,Read-Only Attributes of the Portioner,11. Objects Reference Help
5,CurrentAmount [SimTalk] - Portioner,5834,5834,Read-Only Attributes of the Portioner,11. Objects Reference Help
5,CurrentMaterial [SimTalk] - Portioner,5835,5835,Read-Only Attributes of the Portioner,11. Objects Reference Help
4,Attributes of the Portioner,5835,5838,Portioner,11. Objects Reference Help
5,_Attributes of the Portioner,5835,5836,Attributes of the Portioner,11. Objects Reference Help
5,AmountPerMU [SimTalk] - Portioner,5837,5837,Attributes of the Portioner,11. Objects Reference Help
5,MUPath [SimTalk],5838,5838,Attributes of the Portioner,11. Objects Reference Help
5,PredecessorNumber [SimTalk],5839,5839,Attributes of the Portioner,11. Objects Reference Help
3,DePortioner,5839,5877,Fluid Objects,11. Objects Reference Help
4,DePortioner,5839,5840,DePortioner,11. Objects Reference Help
4,Dialog Box of the DePortioner,5841,5864,DePortioner,11. Objects Reference Help
5,Dialog Box of the DePortioner,5841,5841,Dialog Box of the DePortioner,11. Objects Reference Help
5,Tab Attributes,5842,5853,Dialog Box of the DePortioner,11. Objects Reference Help
6,Tab Attributes,5842,5842,Tab Attributes,11. Objects Reference Help
6,Outflow Rate [DePortioner],5843,5843,Tab Attributes,11. Objects Reference Help
6,Fluid Depends On,5844,5845,Tab Attributes,11. Objects Reference Help
6,Material [DePortioner],5846,5846,Tab Attributes,11. Objects Reference Help
6,Amount per MU [DePortioner],5847,5847,Tab Attributes,11. Objects Reference Help
6,Mapping Table,5848,5848,Tab Attributes,11. Objects Reference Help
6,Material Attribute,5849,5849,Tab Attributes,11. Objects Reference Help
6,Amount Attribute,5850,5850,Tab Attributes,11. Objects Reference Help
6,Materials Table [DePortioner],5851,5851,Tab Attributes,11. Objects Reference Help
6,Current Amount [DePortioner],5852,5852,Tab Attributes,11. Objects Reference Help
6,Current Outflow Rate [DePortioner],5853,5853,Tab Attributes,11. Objects Reference Help
5,Tab Times,5854,5854,Dialog Box of the DePortioner,11. Objects Reference Help
5,Tab Setup,5855,5855,Dialog Box of the DePortioner,11. Objects Reference Help
5,Tab Failures,5856,5856,Dialog Box of the DePortioner,11. Objects Reference Help
5,Tab Controls,5857,5858,Dialog Box of the DePortioner,11. Objects Reference Help
5,Tab Statistics,5859,5859,Dialog Box of the DePortioner,11. Objects Reference Help
5,Tab Importer [DePortioner],5860,5860,Dialog Box of the DePortioner,11. Objects Reference Help
5,Tab User-defined,5861,5861,Dialog Box of the DePortioner,11. Objects Reference Help
5,Navigate Menu,5862,5862,Dialog Box of the DePortioner,11. Objects Reference Help
5,View Menu,5863,5863,Dialog Box of the DePortioner,11. Objects Reference Help
5,Tools Menu,5864,5864,Dialog Box of the DePortioner,11. Objects Reference Help
5,Help Menu,5865,5865,Dialog Box of the DePortioner,11. Objects Reference Help
4,Methods of the DePortioner,5865,5865,DePortioner,11. Objects Reference Help
5,Methods of the DePortioner,5865,5865,Methods of the DePortioner,11. Objects Reference Help
4,Read-Only Attributes of the DePortioner,5866,5867,DePortioner,11. Objects Reference Help
5,Read-Only Attributes of the DePortioner,5866,5867,Read-Only Attributes of the DePortioner,11. Objects Reference Help
5,CurrentAmount [SimTalk] - DePortioner,5868,5868,Read-Only Attributes of the DePortioner,11. Objects Reference Help
4,Attributes of the DePortioner,5868,5877,DePortioner,11. Objects Reference Help
5,_Attributes of the DePortioner,5868,5869,Attributes of the DePortioner,11. Objects Reference Help
5,AmountPerMU [SimTalk] - DePortioner,5870,5870,Attributes of the DePortioner,11. Objects Reference Help
5,AttrNameAmount [SimTalk],5871,5871,Attributes of the DePortioner,11. Objects Reference Help
5,AttrNameMaterial [SimTalk],5872,5872,Attributes of the DePortioner,11. Objects Reference Help
5,FluidDependsOn [SimTalk],5873,5873,Attributes of the DePortioner,11. Objects Reference Help
5,MappingTable [SimTalk],5874,5874,Attributes of the DePortioner,11. Objects Reference Help
5,Material [SimTalk] - DePortioner,5875,5875,Attributes of the DePortioner,11. Objects Reference Help
5,MaterialsTable [SimTalk] - DePortioner,5876,5876,Attributes of the DePortioner,11. Objects Reference Help
5,OutflowRate [SimTalk] - DePortioner,5877,5877,Attributes of the DePortioner,11. Objects Reference Help
5,RecoveryTime [SimTalk] - DePortioner,5878,5878,Attributes of the DePortioner,11. Objects Reference Help
3,PatchMatrix,5878,5894,Fluid Objects,11. Objects Reference Help
4,PatchMatrix,5878,5880,PatchMatrix,11. Objects Reference Help
4,Dialog Box of the PatchMatrix,5881,5887,PatchMatrix,11. Objects Reference Help
5,Dialog Box of the PatchMatrix,5881,5881,Dialog Box of the PatchMatrix,11. Objects Reference Help
5,Tab Attributes,5881,5883,Dialog Box of the PatchMatrix,11. Objects Reference Help
6,Tab Attributes,5881,5881,Tab Attributes,11. Objects Reference Help
6,Connections [PatchMatrix],5882,5883,Tab Attributes,11. Objects Reference Help
5,Tab User-defined,5884,5884,Dialog Box of the PatchMatrix,11. Objects Reference Help
5,Navigate Menu,5885,5885,Dialog Box of the PatchMatrix,11. Objects Reference Help
5,View Menu,5886,5886,Dialog Box of the PatchMatrix,11. Objects Reference Help
5,Tools Menu,5887,5887,Dialog Box of the PatchMatrix,11. Objects Reference Help
5,Help Menu,5888,5888,Dialog Box of the PatchMatrix,11. Objects Reference Help
4,Methods of the PatchMatrix,5888,5893,PatchMatrix,11. Objects Reference Help
5,_Methods of the PatchMatrix,5888,5889,Methods of the PatchMatrix,11. Objects Reference Help
5,getConnectionsForPred [SimTalk],5890,5890,Methods of the PatchMatrix,11. Objects Reference Help
5,getConnectionsForSucc [SimTalk],5891,5891,Methods of the PatchMatrix,11. Objects Reference Help
5,resetConnections [SimTalk],5892,5892,Methods of the PatchMatrix,11. Objects Reference Help
5,setConnections [SimTalk],5893,5893,Methods of the PatchMatrix,11. Objects Reference Help
4,Read-Only Attributes of the PatchMatrix,5894,5894,PatchMatrix,11. Objects Reference Help
5,Read-Only Attributes of the PatchMatrix,5894,5894,Read-Only Attributes of the PatchMatrix,11. Objects Reference Help
4,Attributes of the PatchMatrix,5894,5894,PatchMatrix,11. Objects Reference Help
5,Attributes of the PatchMatrix,5894,5894,Attributes of the PatchMatrix,11. Objects Reference Help
3,MaterialsTable,5895,5899,Fluid Objects,11. Objects Reference Help
4,MaterialsTable,5895,5898,MaterialsTable,11. Objects Reference Help
4,Add Additional Ingredients to the MaterialsTable,5899,5899,MaterialsTable,11. Objects Reference Help
2,Resource Objects,5900,6492,11. Objects Reference Help,11. Objects Reference Help
3,Resource Objects,5900,5901,Resource Objects,11. Objects Reference Help
3,Workplace,5902,5976,Resource Objects,11. Objects Reference Help
4,Workplace,5902,5905,Workplace,11. Objects Reference Help
4,How Workers Queue Up in Front of the Workplace,5906,5907,Workplace,11. Objects Reference Help
4,Dialog Box of the Workplace,5908,5944,Workplace,11. Objects Reference Help
5,Dialog Box of the Workplace,5908,5908,Dialog Box of the Workplace,11. Objects Reference Help
5,Tab Attributes,5908,5923,Dialog Box of the Workplace,11. Objects Reference Help
6,Tab Attributes,5908,5908,Tab Attributes,11. Objects Reference Help
6,Station [Workplace],5909,5909,Tab Attributes,11. Objects Reference Help
6,At Entrance [check box],5910,5911,Tab Attributes,11. Objects Reference Help
6,At Exit [check box],5912,5913,Tab Attributes,11. Objects Reference Help
6,Capacity [text box] - Workplace,5914,5914,Tab Attributes,11. Objects Reference Help
6,Supported Services [button],5915,5916,Tab Attributes,11. Objects Reference Help
6,Worker Stays Here After Completing the Job,5917,5917,Tab Attributes,11. Objects Reference Help
6,Distance in Queue,5918,5918,Tab Attributes,11. Objects Reference Help
6,Walk to the End of the Animation Path of the Queue,5919,5919,Tab Attributes,11. Objects Reference Help
6,Walk Along the Animation Path of the Queue,5920,5920,Tab Attributes,11. Objects Reference Help
6,Pick/Drop at Store,5921,5923,Tab Attributes,11. Objects Reference Help
5,Tab Times,5924,5929,Dialog Box of the Workplace,11. Objects Reference Help
6,Tab Times [Workplace],5924,5924,Tab Times,11. Objects Reference Help
6,Loading Time [Workplace],5925,5926,Tab Times,11. Objects Reference Help
6,Unloading Time [Workplace],5927,5928,Tab Times,11. Objects Reference Help
6,Recovery Time [Workplace],5929,5929,Tab Times,11. Objects Reference Help
5,Tab Controls,5930,5940,Dialog Box of the Workplace,11. Objects Reference Help
6,Tab Controls [Workplace],5930,5931,Tab Controls,11. Objects Reference Help
6,Entrance Control [Workplace],5932,5933,Tab Controls,11. Objects Reference Help
6,Exit Control [Workplace],5934,5935,Tab Controls,11. Objects Reference Help
6,Load Control,5936,5937,Tab Controls,11. Objects Reference Help
6,Unload Control,5938,5940,Tab Controls,11. Objects Reference Help
5,Tab User-defined,5941,5941,Dialog Box of the Workplace,11. Objects Reference Help
5,Navigate Menu,5942,5942,Dialog Box of the Workplace,11. Objects Reference Help
5,View Menu,5942,5943,Dialog Box of the Workplace,11. Objects Reference Help
6,View Menu,5942,5942,View Menu,11. Objects Reference Help
6,Contents [Workplace],5943,5943,View Menu,11. Objects Reference Help
5,Tools Menu,5944,5944,Dialog Box of the Workplace,11. Objects Reference Help
5,Help Menu,5945,5945,Dialog Box of the Workplace,11. Objects Reference Help
4,Methods of the Workplace,5945,5948,Workplace,11. Objects Reference Help
5,_Methods of the Workplace,5945,5946,Methods of the Workplace,11. Objects Reference Help
5,contentsList [SimTalk] - Workplace,5947,5947,Methods of the Workplace,11. Objects Reference Help
5,getRouteCoordinates [SimTalk],5947,5948,Methods of the Workplace,11. Objects Reference Help
5,getRouteLength [SimTalk] - Workplace,5949,5949,Methods of the Workplace,11. Objects Reference Help
4,Read-Only Attributes of the Workplace,5949,5949,Workplace,11. Objects Reference Help
5,Read-Only Attributes of the Workplace,5949,5949,Read-Only Attributes of the Workplace,11. Objects Reference Help
4,Attributes of the Workplace,5950,5976,Workplace,11. Objects Reference Help
5,_Attributes of the Workplace,5950,5951,Attributes of the Workplace,11. Objects Reference Help
5,AtEntrance [SimTalk],5952,5952,Attributes of the Workplace,11. Objects Reference Help
5,AtExit [SimTalk],5953,5953,Attributes of the Workplace,11. Objects Reference Help
5,Capacity [SimTalk] - Workplace,5954,5954,Attributes of the Workplace,11. Objects Reference Help
5,DistanceInQueue [SimTalk],5955,5955,Attributes of the Workplace,11. Objects Reference Help
5,EntranceCtrl [SimTalk] - Workplace,5956,5957,Attributes of the Workplace,11. Objects Reference Help
5,ExitCtrl [SimTalk] - Workplace,5958,5958,Attributes of the Workplace,11. Objects Reference Help
5,LoadCtrl [SimTalk],5959,5960,Attributes of the Workplace,11. Objects Reference Help
5,LoadingTime [SimTalk] - Workplace,5961,5962,Attributes of the Workplace,11. Objects Reference Help
5,PickDropAtStore [SimTalk],5963,5966,Attributes of the Workplace,11. Objects Reference Help
5,RecoveryTime [SimTalk]- Workplace,5967,5967,Attributes of the Workplace,11. Objects Reference Help
5,Station [SimTalk],5968,5968,Attributes of the Workplace,11. Objects Reference Help
5,SupportedServices [SimTalk],5969,5969,Attributes of the Workplace,11. Objects Reference Help
5,UnloadCtrl [SimTalk],5970,5971,Attributes of the Workplace,11. Objects Reference Help
5,UnloadingTime [SimTalk] - Workplace,5972,5973,Attributes of the Workplace,11. Objects Reference Help
5,WalkAlongQueuePath [SimTalk],5974,5974,Attributes of the Workplace,11. Objects Reference Help
5,WalkToQueuePathEnd [SimTalk],5975,5975,Attributes of the Workplace,11. Objects Reference Help
5,WorkerStaysHere [SimTalk],5976,5976,Attributes of the Workplace,11. Objects Reference Help
3,FootPath,5977,5992,Resource Objects,11. Objects Reference Help
4,FootPath [object],5977,5980,FootPath,11. Objects Reference Help
4,Dialog Box of the FootPath,5981,5987,FootPath,11. Objects Reference Help
5,Dialog Box of the FootPath,5981,5981,Dialog Box of the FootPath,11. Objects Reference Help
5,Tab Attributes,5981,5983,Dialog Box of the FootPath,11. Objects Reference Help
6,Tab Attributes,5981,5981,Tab Attributes,11. Objects Reference Help
6,Length [text box] - FootPath,5982,5982,Tab Attributes,11. Objects Reference Help
6,Width [text box] - FootPath,5983,5983,Tab Attributes,11. Objects Reference Help
5,Tab User-defined,5984,5984,Dialog Box of the FootPath,11. Objects Reference Help
5,Navigate Menu,5985,5985,Dialog Box of the FootPath,11. Objects Reference Help
5,View Menu,5986,5986,Dialog Box of the FootPath,11. Objects Reference Help
5,Tools Menu,5987,5987,Dialog Box of the FootPath,11. Objects Reference Help
5,Help Menu,5988,5988,Dialog Box of the FootPath,11. Objects Reference Help
4,Methods of the Footpath,5988,5988,FootPath,11. Objects Reference Help
5,Methods of the FootPath,5988,5988,Methods of the Footpath,11. Objects Reference Help
4,Read-Only Attributes of the FootPath,5989,5989,FootPath,11. Objects Reference Help
5,Read-Only Attributes of the FootPath,5989,5989,Read-Only Attributes of the FootPath,11. Objects Reference Help
4,Attributes of the FootPath,5990,5992,FootPath,11. Objects Reference Help
5,_Attributes of the FootPath,5990,5991,Attributes of the FootPath,11. Objects Reference Help
5,Length [SimTalk] - FootPath,5992,5992,Attributes of the FootPath,11. Objects Reference Help
5,Width [SimTalk] - FootPath,5993,5993,Attributes of the FootPath,11. Objects Reference Help
3,WorkerPool,5993,6068,Resource Objects,11. Objects Reference Help
4,WorkerPool,5993,5997,WorkerPool,11. Objects Reference Help
4,Dialog Box of the WorkerPool,5998,6030,WorkerPool,11. Objects Reference Help
5,Dialog Box of the WorkerPool,5998,5998,Dialog Box of the WorkerPool,11. Objects Reference Help
5,Tab Attributes,5999,6017,Dialog Box of the WorkerPool,11. Objects Reference Help
6,Tab Attributes,5999,5999,Tab Attributes,11. Objects Reference Help
6,Workers to Create,6000,6004,Tab Attributes,11. Objects Reference Help
6,Get Job Orders At Home Only,6005,6005,Tab Attributes,11. Objects Reference Help
6,Workers Can Work Remotely,6006,6006,Tab Attributes,11. Objects Reference Help
6,Travel Mode,6006,6014,Tab Attributes,11. Objects Reference Help
7,Travel Mode [drop-down list],6006,6007,Travel Mode,11. Objects Reference Help
7,Move freely within area,6008,6011,Travel Mode,11. Objects Reference Help
7,Walk along footpaths,6012,6013,Travel Mode,11. Objects Reference Help
7,Beam to workplace,6014,6014,Travel Mode,11. Objects Reference Help
6,Broker [WorkerPool],6015,6015,Tab Attributes,11. Objects Reference Help
6,Shift Calendar [WorkerPool],6016,6016,Tab Attributes,11. Objects Reference Help
6,Parts Buffer,6017,6017,Tab Attributes,11. Objects Reference Help
5,Tab Statistics [WorkerPool],6018,6018,Dialog Box of the WorkerPool,11. Objects Reference Help
5,Tab Controls,6019,6024,Dialog Box of the WorkerPool,11. Objects Reference Help
6,Tab Controls [WorkerPool],6019,6020,Tab Controls,11. Objects Reference Help
6,Entrance Control [WorkerPool],6021,6022,Tab Controls,11. Objects Reference Help
6,Exit Control [WorkerPool],6023,6024,Tab Controls,11. Objects Reference Help
5,Tab User-defined,6025,6025,Dialog Box of the WorkerPool,11. Objects Reference Help
5,Navigate Menu,6026,6026,Dialog Box of the WorkerPool,11. Objects Reference Help
5,View Menu,6026,6027,Dialog Box of the WorkerPool,11. Objects Reference Help
6,View Menu [WorkerPool],6026,6026,View Menu,11. Objects Reference Help
6,Assigned Workers [WorkerPool],6027,6027,View Menu,11. Objects Reference Help
6,Working Workers [WorkerPool],6028,6028,View Menu,11. Objects Reference Help
5,Tools Menu,6028,6030,Dialog Box of the WorkerPool,11. Objects Reference Help
6,Tools Menu,6028,6028,Tools Menu,11. Objects Reference Help
6,Init Control [WorkerPool],6029,6030,Tools Menu,11. Objects Reference Help
5,Help Menu,6031,6031,Dialog Box of the WorkerPool,11. Objects Reference Help
4,Methods of the WorkerPool,6031,6042,WorkerPool,11. Objects Reference Help
5,_Methods of the WorkerPool,6031,6032,Methods of the WorkerPool,11. Objects Reference Help
5,getAssignedWorker [SimTalk],6033,6033,Methods of the WorkerPool,11. Objects Reference Help
5,getAssignedWorkersTable [SimTalk],6034,6034,Methods of the WorkerPool,11. Objects Reference Help
5,getIdleWorker [SimTalk],6035,6035,Methods of the WorkerPool,11. Objects Reference Help
5,getWorkersToCreateTable [SimTalk],6036,6037,Methods of the WorkerPool,11. Objects Reference Help
5,getWorkersToCreateTableRow [SimTalk] - WorkerPool,6038,6040,Methods of the WorkerPool,11. Objects Reference Help
5,getWorkingWorkersTable [SimTalk],6041,6041,Methods of the WorkerPool,11. Objects Reference Help
5,setWorkersToCreateTable [SimTalk],6042,6042,Methods of the WorkerPool,11. Objects Reference Help
4,Read-Only Attributes of the WorkerPool,6043,6046,WorkerPool,11. Objects Reference Help
5,_Read-Only Attributes of the WorkerPool,6043,6044,Read-Only Attributes of the WorkerPool,11. Objects Reference Help
5,NumAssignedWorkers [SimTalk],6045,6045,Read-Only Attributes of the WorkerPool,11. Objects Reference Help
5,NumIdleWorkers [SimTalk],6046,6046,Read-Only Attributes of the WorkerPool,11. Objects Reference Help
5,StatAverageTraveledDistance [SimTalk] - WorkerPool,6047,6047,Read-Only Attributes of the WorkerPool,11. Objects Reference Help
4,Attributes of the WorkerPool,6047,6068,WorkerPool,11. Objects Reference Help
5,_Attributes of the WorkerPool,6047,6048,Attributes of the WorkerPool,11. Objects Reference Help
5,AdditionalServices [SimTalk],6049,6049,Attributes of the WorkerPool,11. Objects Reference Help
5,Amount [SimTalk] - WorkerPool,6050,6050,Attributes of the WorkerPool,11. Objects Reference Help
5,BrokerPath [SimTalk] - WorkerPool,6051,6051,Attributes of the WorkerPool,11. Objects Reference Help
5,Efficiency [SimTalk] - WorkerPool,6052,6053,Attributes of the WorkerPool,11. Objects Reference Help
5,EntranceCtrl [SimTalk] - WorkerPool,6054,6054,Attributes of the WorkerPool,11. Objects Reference Help
5,ExitCtrl [SimTalk] - WorkerPool,6055,6055,Attributes of the WorkerPool,11. Objects Reference Help
5,GetJobOrdersAtHomeOnly [SimTalk],6056,6056,Attributes of the WorkerPool,11. Objects Reference Help
5,HomeLocation [SimTalk] - WorkerPool,6057,6058,Attributes of the WorkerPool,11. Objects Reference Help
5,InitCtrl [SimTalk] - WorkerPool,6059,6059,Attributes of the WorkerPool,11. Objects Reference Help
5,PartsBuffer [SimTalk],6060,6060,Attributes of the WorkerPool,11. Objects Reference Help
5,Scope [SimTalk] - WorkerPool,6061,6062,Attributes of the WorkerPool,11. Objects Reference Help
5,Shift [SimTalk] - WorkerPool,6063,6063,Attributes of the WorkerPool,11. Objects Reference Help
5,Speed [SimTalk] - WorkerPool,6064,6065,Attributes of the WorkerPool,11. Objects Reference Help
5,Worker [SimTalk] - WorkerPool,6066,6066,Attributes of the WorkerPool,11. Objects Reference Help
5,WorkersCanWorkRemotely [SimTalk],6067,6067,Attributes of the WorkerPool,11. Objects Reference Help
5,WorkersTravelMode [SimTalk],6068,6068,Attributes of the WorkerPool,11. Objects Reference Help
3,Worker,6069,6201,Resource Objects,11. Objects Reference Help
4,Worker [object],6069,6073,Worker,11. Objects Reference Help
4,How the Worker Travels in the Plant,6074,6081,Worker,11. Objects Reference Help
5,How the Worker Finds the Shortest Route,6074,6074,How the Worker Travels in the Plant,11. Objects Reference Help
5,Move freely within area,6075,6078,How the Worker Travels in the Plant,11. Objects Reference Help
5,Walk along footpaths,6079,6080,How the Worker Travels in the Plant,11. Objects Reference Help
5,Beam to workplace,6081,6081,How the Worker Travels in the Plant,11. Objects Reference Help
4,How the Worker Decides Where to Work,6082,6083,Worker,11. Objects Reference Help
4,How the Worker Carries Parts,6084,6085,Worker,11. Objects Reference Help
4,Dialog Box of the Worker,6086,6126,Worker,11. Objects Reference Help
5,Dialog Box of the Worker,6086,6086,Dialog Box of the Worker,11. Objects Reference Help
5,Stopped [check box] - Worker,6087,6087,Dialog Box of the Worker,11. Objects Reference Help
5,Tab Attributes,6087,6101,Dialog Box of the Worker,11. Objects Reference Help
6,Tab Attributes,6087,6087,Tab Attributes,11. Objects Reference Help
6,Priority [Worker],6088,6088,Tab Attributes,11. Objects Reference Help
6,Efficiency [text box],6089,6089,Tab Attributes,11. Objects Reference Help
6,Speed [Worker],6090,6090,Tab Attributes,11. Objects Reference Help
6,X-Dimension [Worker],6091,6091,Tab Attributes,11. Objects Reference Help
6,Y-Dimension [Worker],6092,6092,Tab Attributes,11. Objects Reference Help
6,Z-Dimension [Worker],6093,6093,Tab Attributes,11. Objects Reference Help
6,Shift [Worker],6094,6094,Tab Attributes,11. Objects Reference Help
6,Services [Worker],6095,6097,Tab Attributes,11. Objects Reference Help
6,Service [text box],6098,6098,Tab Attributes,11. Objects Reference Help
6,Broker [Worker],6099,6099,Tab Attributes,11. Objects Reference Help
6,Home Location,6100,6101,Tab Attributes,11. Objects Reference Help
5,Tab Failures,6102,6102,Dialog Box of the Worker,11. Objects Reference Help
5,Tab Scope,6102,6104,Dialog Box of the Worker,11. Objects Reference Help
6,Tab Scope,6102,6103,Tab Scope,11. Objects Reference Help
6,Objects [Scope],6104,6104,Tab Scope,11. Objects Reference Help
5,Tab Controls,6105,6110,Dialog Box of the Worker,11. Objects Reference Help
6,Tab Controls [Worker],6105,6106,Tab Controls,11. Objects Reference Help
6,Order Control [Worker],6107,6108,Tab Controls,11. Objects Reference Help
6,Release Control [Worker],6109,6110,Tab Controls,11. Objects Reference Help
5,Tab Statistics,6111,6115,Dialog Box of the Worker,11. Objects Reference Help
6,Tab Statistics [Worker],6111,6114,Tab Statistics,11. Objects Reference Help
6,Exporter Statistics [Worker],6115,6115,Tab Statistics,11. Objects Reference Help
5,Tab User-defined,6116,6116,Dialog Box of the Worker,11. Objects Reference Help
5,Navigate Menu,6117,6117,Dialog Box of the Worker,11. Objects Reference Help
5,View Menu,6117,6122,Dialog Box of the Worker,11. Objects Reference Help
6,View Menu [Worker],6117,6117,View Menu,11. Objects Reference Help
6,Contents [Worker],6118,6118,View Menu,11. Objects Reference Help
6,Position [Worker],6119,6119,View Menu,11. Objects Reference Help
6,Importers [Worker],6120,6120,View Menu,11. Objects Reference Help
6,Exported Services [Worker],6121,6121,View Menu,11. Objects Reference Help
6,Route to Destination [Worker],6122,6122,View Menu,11. Objects Reference Help
5,Tools Menu,6123,6123,Dialog Box of the Worker,11. Objects Reference Help
5,Help Menu,6124,6124,Dialog Box of the Worker,11. Objects Reference Help
5,States of the Worker,6125,6126,Dialog Box of the Worker,11. Objects Reference Help
4,Methods of the Worker,6127,6143,Worker,11. Objects Reference Help
5,_Methods of the Worker,6127,6128,Methods of the Worker,11. Objects Reference Help
5,cancelTransportPart [SimTalk],6129,6130,Methods of the Worker,11. Objects Reference Help
5,create [SimTalk] - Worker,6131,6131,Methods of the Worker,11. Objects Reference Help
5,getRouteLength [SimTalk] - Worker,6132,6133,Methods of the Worker,11. Objects Reference Help
5,getServices [SimTalk] - Worker,6134,6134,Methods of the Worker,11. Objects Reference Help
5,goTo [SimTalk],6135,6135,Methods of the Worker,11. Objects Reference Help
5,goToHome [SimTalk],6136,6137,Methods of the Worker,11. Objects Reference Help
5,goToPool [SimTalk],6138,6138,Methods of the Worker,11. Objects Reference Help
5,setServices [SimTalk] - Worker,6139,6139,Methods of the Worker,11. Objects Reference Help
5,teleportTo [SimTalk],6140,6140,Methods of the Worker,11. Objects Reference Help
5,teleportToHome [SimTalk],6141,6141,Methods of the Worker,11. Objects Reference Help
5,teleportToPool [SimTalk],6142,6142,Methods of the Worker,11. Objects Reference Help
5,transportPart [SimTalk],6143,6143,Methods of the Worker,11. Objects Reference Help
4,Read-Only Attributes of the Worker,6144,6179,Worker,11. Objects Reference Help
5,_Read-Only Attributes of the Worker,6144,6145,Read-Only Attributes of the Worker,11. Objects Reference Help
5,AvailableForMediation [SimTalk] - Worker,6146,6146,Read-Only Attributes of the Worker,11. Objects Reference Help
5,CurrentSpeed [SimTalk] - Worker,6147,6147,Read-Only Attributes of the Worker,11. Objects Reference Help
5,HasOrder [SimTalk] - Worker,6148,6148,Read-Only Attributes of the Worker,11. Objects Reference Help
5,ResCurrentState [SimTalk] - Worker,6149,6150,Read-Only Attributes of the Worker,11. Objects Reference Help
5,StatServicesEnRouteIdleCount [SimTalk],6151,6151,Read-Only Attributes of the Worker,11. Objects Reference Help
5,StatServicesEnRouteIdlePortion [SimTalk],6152,6152,Read-Only Attributes of the Worker,11. Objects Reference Help
5,StatServicesEnRouteIdleTime [SimTalk],6153,6153,Read-Only Attributes of the Worker,11. Objects Reference Help
5,StatServicesEnRouteToJobCount [SimTalk],6154,6154,Read-Only Attributes of the Worker,11. Objects Reference Help
5,StatServicesEnRouteToJobPortion [SimTalk],6155,6155,Read-Only Attributes of the Worker,11. Objects Reference Help
5,StatServicesEnRouteToJobTime [SimTalk],6156,6156,Read-Only Attributes of the Worker,11. Objects Reference Help
5,StatServicesFailedCount [SimTalk] - Worker,6157,6157,Read-Only Attributes of the Worker,11. Objects Reference Help
5,StatServicesFailedPortion [SimTalk] - Worker,6158,6158,Read-Only Attributes of the Worker,11. Objects Reference Help
5,StatServicesFailedTime [SimTalk] - Worker,6159,6159,Read-Only Attributes of the Worker,11. Objects Reference Help
5,StatServicesRepairingCount [SimTalk] - Worker,6160,6160,Read-Only Attributes of the Worker,11. Objects Reference Help
5,StatServicesRepairingPortion [SimTalk] - Worker,6161,6161,Read-Only Attributes of the Worker,11. Objects Reference Help
5,StatServicesRepairingTime [SimTalk] - Worker,6162,6162,Read-Only Attributes of the Worker,11. Objects Reference Help
5,StatServicesSetupCount [SimTalk] - Worker,6163,6163,Read-Only Attributes of the Worker,11. Objects Reference Help
5,StatServicesSetupPortion [SimTalk] - Worker,6164,6164,Read-Only Attributes of the Worker,11. Objects Reference Help
5,StatServicesSetupTime [SimTalk] - Worker,6165,6165,Read-Only Attributes of the Worker,11. Objects Reference Help
5,StatServicesTransportingCount [SimTalk],6166,6166,Read-Only Attributes of the Worker,11. Objects Reference Help
5,StatServicesTransportingPortion [SimTalk],6167,6167,Read-Only Attributes of the Worker,11. Objects Reference Help
5,StatServicesTransportingTime [SimTalk],6168,6168,Read-Only Attributes of the Worker,11. Objects Reference Help
5,StatServicesWaitingImpCount [SimTalk] - Worker,6169,6169,Read-Only Attributes of the Worker,11. Objects Reference Help
5,StatServicesWaitingImpPortion [SimTalk] - Worker,6170,6170,Read-Only Attributes of the Worker,11. Objects Reference Help
5,StatServicesWaitingImpTime [SimTalk] - Worker,6171,6171,Read-Only Attributes of the Worker,11. Objects Reference Help
5,StatServicesWaitingMUCount [SimTalk] - Worker,6172,6172,Read-Only Attributes of the Worker,11. Objects Reference Help
5,StatServicesWaitingMUPortion [SimTalk] - Worker,6173,6173,Read-Only Attributes of the Worker,11. Objects Reference Help
5,StatServicesWaitingMUTime [SimTalk] - Worker,6174,6174,Read-Only Attributes of the Worker,11. Objects Reference Help
5,StatServicesWaitingPortion [SimTalk] - Worker,6175,6175,Read-Only Attributes of the Worker,11. Objects Reference Help
5,StatServicesWaitingTime [SimTalk] - Worker,6176,6176,Read-Only Attributes of the Worker,11. Objects Reference Help
5,StatServicesWorkingCount [SimTalk] - Worker,6177,6177,Read-Only Attributes of the Worker,11. Objects Reference Help
5,StatServicesWorkingPortion [SimTalk] - Worker,6178,6178,Read-Only Attributes of the Worker,11. Objects Reference Help
5,StatServicesWorkingTime [SimTalk] - Worker,6179,6179,Read-Only Attributes of the Worker,11. Objects Reference Help
5,StatTraveledDistance [SimTalk] - Worker,6180,6180,Read-Only Attributes of the Worker,11. Objects Reference Help
4,Attributes of the Worker,6180,6201,Worker,11. Objects Reference Help
5,_Attributes of the Worker,6180,6181,Attributes of the Worker,11. Objects Reference Help
5,AutomaticMediation [SimTalk] - Worker,6182,6183,Attributes of the Worker,11. Objects Reference Help
5,BrokerPath [SimTalk] - Worker,6184,6184,Attributes of the Worker,11. Objects Reference Help
5,Efficiency [SimTalk] - Worker,6185,6185,Attributes of the Worker,11. Objects Reference Help
5,HomeLocation [SimTalk] - Worker,6186,6187,Attributes of the Worker,11. Objects Reference Help
5,IsIdle [SimTalk] - Worker,6188,6188,Attributes of the Worker,11. Objects Reference Help
5,OrderCtrl [SimTalk] - Worker,6189,6189,Attributes of the Worker,11. Objects Reference Help
5,Priority [SimTalk] - Worker,6190,6190,Attributes of the Worker,11. Objects Reference Help
5,ReleaseCtrl [SimTalk] - Worker,6191,6192,Attributes of the Worker,11. Objects Reference Help
5,Scope [SimTalk] - Worker,6193,6193,Attributes of the Worker,11. Objects Reference Help
5,Services [SimTalk] - Worker,6194,6194,Attributes of the Worker,11. Objects Reference Help
5,Shift [SimTalk] - Worker,6195,6195,Attributes of the Worker,11. Objects Reference Help
5,Speed [SimTalk] - Worker,6196,6196,Attributes of the Worker,11. Objects Reference Help
5,Stopped [SimTalk] - Worker,6197,6197,Attributes of the Worker,11. Objects Reference Help
5,WorkerPool [SimTalk],6198,6198,Attributes of the Worker,11. Objects Reference Help
5,XDim [SimTalk] - Worker,6199,6199,Attributes of the Worker,11. Objects Reference Help
5,YDim [SimTalk] - Worker,6200,6200,Attributes of the Worker,11. Objects Reference Help
5,ZDim [SimTalk] - Worker,6201,6201,Attributes of the Worker,11. Objects Reference Help
3,Exporter,6202,6297,Resource Objects,11. Objects Reference Help
4,Exporter [object],6202,6203,Exporter,11. Objects Reference Help
4,Dialog Box of the Exporter,6204,6230,Exporter,11. Objects Reference Help
5,Dialog Box of the Exporter,6204,6204,Dialog Box of the Exporter,11. Objects Reference Help
5,Tab Attributes,6204,6209,Dialog Box of the Exporter,11. Objects Reference Help
6,Tab Attributes,6204,6204,Tab Attributes,11. Objects Reference Help
6,Services [Exporter],6205,6205,Tab Attributes,11. Objects Reference Help
6,Fail Services [text box],6206,6206,Tab Attributes,11. Objects Reference Help
6,Priority [Exporter],6207,6207,Tab Attributes,11. Objects Reference Help
6,Capacity [text box] - Exporter,6208,6208,Tab Attributes,11. Objects Reference Help
6,Broker [Exporter],6209,6209,Tab Attributes,11. Objects Reference Help
5,Tab Failures,6210,6210,Dialog Box of the Exporter,11. Objects Reference Help
5,Tab Controls,6210,6215,Dialog Box of the Exporter,11. Objects Reference Help
6,Tab Controls [Exporter],6210,6211,Tab Controls,11. Objects Reference Help
6,Order Control [Exporter],6212,6213,Tab Controls,11. Objects Reference Help
6,Release Control [Exporter],6214,6215,Tab Controls,11. Objects Reference Help
6,Shift Calendar [Exporter],6216,6216,Tab Controls,11. Objects Reference Help
5,Tab Statistics,6216,6220,Dialog Box of the Exporter,11. Objects Reference Help
6,Tab Statistics [Exporter],6216,6219,Tab Statistics,11. Objects Reference Help
6,Exporter Statistics [Exporter],6220,6220,Tab Statistics,11. Objects Reference Help
5,Tab User-defined,6221,6221,Dialog Box of the Exporter,11. Objects Reference Help
5,Navigate Menu,6222,6222,Dialog Box of the Exporter,11. Objects Reference Help
5,View Menu,6222,6223,Dialog Box of the Exporter,11. Objects Reference Help
6,View Menu [Exporter],6222,6222,View Menu,11. Objects Reference Help
6,Importers [Exporter],6223,6223,View Menu,11. Objects Reference Help
6,Exported Services [Exporter],6224,6224,View Menu,11. Objects Reference Help
5,Tools Menu,6224,6229,Dialog Box of the Exporter,11. Objects Reference Help
6,Tools Menu,6224,6225,Tools Menu,11. Objects Reference Help
6,Available Control [Exporter],6226,6227,Tools Menu,11. Objects Reference Help
6,Not Available Control [Exporter],6228,6229,Tools Menu,11. Objects Reference Help
5,Help Menu,6230,6230,Dialog Box of the Exporter,11. Objects Reference Help
5,States of the Exporter,6231,6231,Dialog Box of the Exporter,11. Objects Reference Help
4,Methods of the Exporter,6231,6237,Exporter,11. Objects Reference Help
5,_Methods of the Exporter,6231,6233,Methods of the Exporter,11. Objects Reference Help
5,expStat [SimTalk],6234,6234,Methods of the Exporter,11. Objects Reference Help
5,findNewImporter [SimTalk],6235,6235,Methods of the Exporter,11. Objects Reference Help
5,getExportedServices [SimTalk],6236,6236,Methods of the Exporter,11. Objects Reference Help
5,getImporters [SimTalk],6237,6237,Methods of the Exporter,11. Objects Reference Help
5,hasService [SimTalk],6238,6238,Methods of the Exporter,11. Objects Reference Help
4,Read-Only Attributes of the Exporter,6238,6284,Exporter,11. Objects Reference Help
5,_Read-Only Attributes of the Exporter,6238,6239,Read-Only Attributes of the Exporter,11. Objects Reference Help
5,AvailableForMediation [SimTalk] - Exporter,6240,6240,Read-Only Attributes of the Exporter,11. Objects Reference Help
5,FreeCapacity [SimTalk],6241,6241,Read-Only Attributes of the Exporter,11. Objects Reference Help
5,MediatedCapacity [SimTalk] - Exporter,6242,6242,Read-Only Attributes of the Exporter,11. Objects Reference Help
5,StatExporterFailedCount [SimTalk],6243,6243,Read-Only Attributes of the Exporter,11. Objects Reference Help
5,StatExporterFailedDelta [SimTalk],6244,6244,Read-Only Attributes of the Exporter,11. Objects Reference Help
5,StatExporterFailedMu [SimTalk],6245,6245,Read-Only Attributes of the Exporter,11. Objects Reference Help
5,StatExporterFailedPortion [SimTalk],6246,6246,Read-Only Attributes of the Exporter,11. Objects Reference Help
5,StatExporterFailedTime [SimTalk],6247,6247,Read-Only Attributes of the Exporter,11. Objects Reference Help
5,StatExporterOperationalPortion [SimTalk],6248,6248,Read-Only Attributes of the Exporter,11. Objects Reference Help
5,StatExporterOperationalTime [SimTalk],6249,6249,Read-Only Attributes of the Exporter,11. Objects Reference Help
5,StatExporterPausedCount [SimTalk],6250,6250,Read-Only Attributes of the Exporter,11. Objects Reference Help
5,StatExporterPausedDelta [SimTalk],6251,6251,Read-Only Attributes of the Exporter,11. Objects Reference Help
5,StatExporterPausedMu [SimTalk],6252,6252,Read-Only Attributes of the Exporter,11. Objects Reference Help
5,StatExporterPausedPortion [SimTalk],6253,6253,Read-Only Attributes of the Exporter,11. Objects Reference Help
5,StatExporterPausedTime [SimTalk],6254,6254,Read-Only Attributes of the Exporter,11. Objects Reference Help
5,StatExporterUnplannedCount [SimTalk],6255,6255,Read-Only Attributes of the Exporter,11. Objects Reference Help
5,StatExporterUnplannedDelta [SimTalk],6256,6256,Read-Only Attributes of the Exporter,11. Objects Reference Help
5,StatExporterUnplannedMu [SimTalk],6257,6257,Read-Only Attributes of the Exporter,11. Objects Reference Help
5,StatExporterUnplannedPortion [SimTalk],6258,6258,Read-Only Attributes of the Exporter,11. Objects Reference Help
5,StatExporterUnplannedTime [SimTalk],6259,6259,Read-Only Attributes of the Exporter,11. Objects Reference Help
5,StatMaxFreeCapacity [SimTalk],6260,6260,Read-Only Attributes of the Exporter,11. Objects Reference Help
5,StatMaxMediatedCapacity [SimTalk],6261,6261,Read-Only Attributes of the Exporter,11. Objects Reference Help
5,StatMinFreeCapacity [SimTalk],6262,6262,Read-Only Attributes of the Exporter,11. Objects Reference Help
5,StatMinMediatedCapacity [SimTalk],6263,6263,Read-Only Attributes of the Exporter,11. Objects Reference Help
5,StatServicesFailedCount [SimTalk] - Exporter,6264,6264,Read-Only Attributes of the Exporter,11. Objects Reference Help
5,StatServicesFailedPortion [SimTalk] - Exporter,6265,6265,Read-Only Attributes of the Exporter,11. Objects Reference Help
5,StatServicesFailedTime [SimTalk] - Exporter,6266,6266,Read-Only Attributes of the Exporter,11. Objects Reference Help
5,StatServicesRepairingCount [SimTalk] - Exporter,6267,6267,Read-Only Attributes of the Exporter,11. Objects Reference Help
5,StatServicesRepairingPortion [SimTalk] - Exporter,6268,6268,Read-Only Attributes of the Exporter,11. Objects Reference Help
5,StatServicesRepairingTime [SimTalk] - Exporter,6269,6269,Read-Only Attributes of the Exporter,11. Objects Reference Help
5,StatServicesSetupCount [SimTalk] - Exporter,6270,6270,Read-Only Attributes of the Exporter,11. Objects Reference Help
5,StatServicesSetupPortion [SimTalk] - Exporter,6271,6271,Read-Only Attributes of the Exporter,11. Objects Reference Help
5,StatServicesSetupTime [SimTalk] - Exporter,6272,6272,Read-Only Attributes of the Exporter,11. Objects Reference Help
5,StatServicesWaitingImpCount [SimTalk] - Exporter,6273,6273,Read-Only Attributes of the Exporter,11. Objects Reference Help
5,StatServicesWaitingImpPortion [SimTalk] - Exporter,6274,6274,Read-Only Attributes of the Exporter,11. Objects Reference Help
5,StatServicesWaitingImpTime [SimTalk] - Exporter,6275,6275,Read-Only Attributes of the Exporter,11. Objects Reference Help
5,StatServicesWaitingMUCount [SimTalk] - Exporter,6276,6276,Read-Only Attributes of the Exporter,11. Objects Reference Help
5,StatServicesWaitingMUPortion [SimTalk] - Exporter,6277,6277,Read-Only Attributes of the Exporter,11. Objects Reference Help
5,StatServicesWaitingMUTime [SimTalk] - Exporter,6278,6278,Read-Only Attributes of the Exporter,11. Objects Reference Help
5,StatServicesWaitingPortion [SimTalk] - Exporter,6279,6279,Read-Only Attributes of the Exporter,11. Objects Reference Help
5,StatServicesWaitingTime [SimTalk] - Exporter,6280,6280,Read-Only Attributes of the Exporter,11. Objects Reference Help
5,StatServicesWorkingCount [SimTalk] - Exporter,6281,6281,Read-Only Attributes of the Exporter,11. Objects Reference Help
5,StatServicesWorkingPortion [SimTalk] - Exporter,6282,6282,Read-Only Attributes of the Exporter,11. Objects Reference Help
5,StatServicesWorkingTime [SimTalk] - Exporter,6283,6283,Read-Only Attributes of the Exporter,11. Objects Reference Help
5,StatSumFreeCapacity [SimTalk],6284,6284,Read-Only Attributes of the Exporter,11. Objects Reference Help
5,StatSumMediatedCapacity [SimTalk],6285,6285,Read-Only Attributes of the Exporter,11. Objects Reference Help
4,Attributes of the Exporter,6285,6297,Exporter,11. Objects Reference Help
5,_Attributes of the Exporter,6285,6286,Attributes of the Exporter,11. Objects Reference Help
5,AutomaticMediation [SimTalk] - Exporter,6287,6287,Attributes of the Exporter,11. Objects Reference Help
5,BrokerPath [SimTalk] - Exporter,6288,6288,Attributes of the Exporter,11. Objects Reference Help
5,Capacity [SimTalk] - Exporter,6289,6289,Attributes of the Exporter,11. Objects Reference Help
5,ExpStatOn [SimTalk],6290,6290,Attributes of the Exporter,11. Objects Reference Help
5,FailServices [SimTalk],6291,6292,Attributes of the Exporter,11. Objects Reference Help
5,OrderCtrl [SimTalk] - Exporter,6293,6293,Attributes of the Exporter,11. Objects Reference Help
5,Priority [SimTalk] - Exporter,6294,6294,Attributes of the Exporter,11. Objects Reference Help
5,ReleaseCtrl [SimTalk] - Exporter,6295,6296,Attributes of the Exporter,11. Objects Reference Help
5,Services [SimTalk] - Exporter,6297,6297,Attributes of the Exporter,11. Objects Reference Help
3,Broker,6298,6369,Resource Objects,11. Objects Reference Help
4,Broker [object],6298,6300,Broker,11. Objects Reference Help
4,How the Broker Mediates Jobs to the Worker,6301,6301,Broker,11. Objects Reference Help
4,Dialog Box of the Broker,6302,6324,Broker,11. Objects Reference Help
5,Dialog Box of the Broker,6302,6302,Dialog Box of the Broker,11. Objects Reference Help
5,Tab Attributes,6303,6311,Dialog Box of the Broker,11. Objects Reference Help
6,Tab Attributes [Broker],6303,6303,Tab Attributes,11. Objects Reference Help
6,Choose the Nearest Worker [check box],6304,6304,Tab Attributes,11. Objects Reference Help
6,Controls of the Broker,6305,6311,Tab Attributes,11. Objects Reference Help
7,Controls [Broker],6305,6306,Controls of the Broker,11. Objects Reference Help
7,Importer Request Control [Broker],6307,6309,Controls of the Broker,11. Objects Reference Help
7,Exporter Request Control [Broker],6310,6311,Controls of the Broker,11. Objects Reference Help
5,Tab Statistics,6312,6316,Dialog Box of the Broker,11. Objects Reference Help
6,Tab Statistics [Broker],6312,6313,Tab Statistics,11. Objects Reference Help
6,Broker Statistics [activate],6314,6314,Tab Statistics,11. Objects Reference Help
6,Service Statistics [Broker],6315,6316,Tab Statistics,11. Objects Reference Help
5,Tab User-defined,6317,6317,Dialog Box of the Broker,11. Objects Reference Help
5,Navigate Menu,6318,6318,Dialog Box of the Broker,11. Objects Reference Help
5,View Menu,6318,6323,Dialog Box of the Broker,11. Objects Reference Help
6,View Menu [Broker],6318,6318,View Menu,11. Objects Reference Help
6,Open Importers [Broker],6319,6319,View Menu,11. Objects Reference Help
6,Satisfied Importers [Broker],6320,6320,View Menu,11. Objects Reference Help
6,Exporters [Broker],6321,6321,View Menu,11. Objects Reference Help
6,Offered Services [Broker],6322,6323,View Menu,11. Objects Reference Help
5,Tools Menu,6324,6324,Dialog Box of the Broker,11. Objects Reference Help
5,Help Menu,6325,6325,Dialog Box of the Broker,11. Objects Reference Help
4,Methods of the Broker,6325,6347,Broker,11. Objects Reference Help
5,_Methods of the Broker,6325,6326,Methods of the Broker,11. Objects Reference Help
5,brokerStat [SimTalk],6327,6328,Methods of the Broker,11. Objects Reference Help
5,doStandardExport [SimTalk],6329,6329,Methods of the Broker,11. Objects Reference Help
5,doStandardImport [SimTalk],6330,6331,Methods of the Broker,11. Objects Reference Help
5,engage [SimTalk],6332,6333,Methods of the Broker,11. Objects Reference Help
5,forgetOpenRequest [SimTalk],6334,6334,Methods of the Broker,11. Objects Reference Help
5,getExportersForService [SimTalk],6335,6335,Methods of the Broker,11. Objects Reference Help
5,getOfferedServices [SimTalk],6336,6336,Methods of the Broker,11. Objects Reference Help
5,getOpenImporters [SimTalk],6337,6337,Methods of the Broker,11. Objects Reference Help
5,getSatisfiedImporters [SimTalk],6338,6338,Methods of the Broker,11. Objects Reference Help
5,globalOpenRequestsFor [SimTalk],6339,6339,Methods of the Broker,11. Objects Reference Help
5,globalTestImportFor [SimTalk],6340,6341,Methods of the Broker,11. Objects Reference Help
5,localOpenRequestsFor [SimTalk],6342,6342,Methods of the Broker,11. Objects Reference Help
5,localTestImportFor [SimTalk],6343,6343,Methods of the Broker,11. Objects Reference Help
5,serviceStat [SimTalk],6344,6346,Methods of the Broker,11. Objects Reference Help
5,testImportFor [SimTalk],6347,6347,Methods of the Broker,11. Objects Reference Help
4,Read-Only Attributes of the Broker,6348,6362,Broker,11. Objects Reference Help
5,_Read-Only Attributes of the Broker,6348,6348,Read-Only Attributes of the Broker,11. Objects Reference Help
5,AdministeredExporters [SimTalk],6349,6349,Read-Only Attributes of the Broker,11. Objects Reference Help
5,MediatedCapacity [SimTalk] - Broker,6350,6350,Read-Only Attributes of the Broker,11. Objects Reference Help
5,OpenCapacity [SimTalk],6351,6351,Read-Only Attributes of the Broker,11. Objects Reference Help
5,OpenRequests [SimTalk],6352,6352,Read-Only Attributes of the Broker,11. Objects Reference Help
5,SatisfiedRequests [SimTalk],6353,6353,Read-Only Attributes of the Broker,11. Objects Reference Help
5,StatMediatedCapacity [SimTalk],6354,6354,Read-Only Attributes of the Broker,11. Objects Reference Help
5,StatMediationTime [SimTalk],6355,6355,Read-Only Attributes of the Broker,11. Objects Reference Help
5,StatMediationTimeDelta [SimTalk],6356,6356,Read-Only Attributes of the Broker,11. Objects Reference Help
5,StatMediationTimeMu [SimTalk],6357,6357,Read-Only Attributes of the Broker,11. Objects Reference Help
5,StatOpenCapacity [SimTalk],6358,6358,Read-Only Attributes of the Broker,11. Objects Reference Help
5,StatOpenRequests [SimTalk],6359,6359,Read-Only Attributes of the Broker,11. Objects Reference Help
5,StatSatisfiedRequests [SimTalk],6360,6360,Read-Only Attributes of the Broker,11. Objects Reference Help
5,StatStayTime [SimTalk],6361,6361,Read-Only Attributes of the Broker,11. Objects Reference Help
5,StatStayTimeDelta [SimTalk],6362,6362,Read-Only Attributes of the Broker,11. Objects Reference Help
5,StatStayTimeMu [SimTalk],6363,6363,Read-Only Attributes of the Broker,11. Objects Reference Help
4,Attributes of the Broker,6363,6369,Broker,11. Objects Reference Help
5,_Attributes of the Broker,6363,6364,Attributes of the Broker,11. Objects Reference Help
5,BrokerStatOn [SimTalk],6365,6365,Attributes of the Broker,11. Objects Reference Help
5,ChooseNearestWorker [SimTalk],6366,6367,Attributes of the Broker,11. Objects Reference Help
5,ExpRequestCtrl [SimTalk],6368,6368,Attributes of the Broker,11. Objects Reference Help
5,ImpRequestCtrl [SimTalk],6369,6369,Attributes of the Broker,11. Objects Reference Help
3,AGVPool,6370,6393,Resource Objects,11. Objects Reference Help
4,AGVPool,6370,6371,AGVPool,11. Objects Reference Help
4,Dialog Box of the AGVPool,6372,6382,AGVPool,11. Objects Reference Help
5,Dialog Box of the AGVPool,6372,6372,Dialog Box of the AGVPool,11. Objects Reference Help
5,Tab Attributes,6373,6376,Dialog Box of the AGVPool,11. Objects Reference Help
6,Tab Attributes,6373,6373,Tab Attributes,11. Objects Reference Help
6,AGV [text box],6374,6374,Tab Attributes,11. Objects Reference Help
6,Amount [text box] - AGVPool,6375,6375,Tab Attributes,11. Objects Reference Help
6,Shift Calendar [AGVPool],6376,6376,Tab Attributes,11. Objects Reference Help
5,Tab Statistics [AGVPool],6377,6378,Dialog Box of the AGVPool,11. Objects Reference Help
5,Tab User-defined,6379,6379,Dialog Box of the AGVPool,11. Objects Reference Help
5,Navigate Menu,6380,6380,Dialog Box of the AGVPool,11. Objects Reference Help
5,View Menu,6380,6381,Dialog Box of the AGVPool,11. Objects Reference Help
6,View Menu,6380,6380,View Menu,11. Objects Reference Help
6,Assigned AGVs [AGVPool],6381,6381,View Menu,11. Objects Reference Help
5,Tools Menu,6382,6382,Dialog Box of the AGVPool,11. Objects Reference Help
5,Help Menu,6383,6383,Dialog Box of the AGVPool,11. Objects Reference Help
4,Methods of the AGVPool,6383,6386,AGVPool,11. Objects Reference Help
5,_Methods of the AGVPool,6383,6384,Methods of the AGVPool,11. Objects Reference Help
5,getAssignedAGV [SimTalk],6385,6385,Methods of the AGVPool,11. Objects Reference Help
5,getAssignedAGVsTable [SimTalk],6386,6386,Methods of the AGVPool,11. Objects Reference Help
5,getIdleAGV [SimTalk],6387,6387,Methods of the AGVPool,11. Objects Reference Help
4,Read-Only Attributes of the AGVPool,6387,6389,AGVPool,11. Objects Reference Help
5,_Read-Only Attributes of the AGVPool,6387,6388,Read-Only Attributes of the AGVPool,11. Objects Reference Help
5,NumIdleAGVs [SimTalk],6389,6389,Read-Only Attributes of the AGVPool,11. Objects Reference Help
5,StatAverageTraveledDistance [SimTalk] - AGVPool,6390,6390,Read-Only Attributes of the AGVPool,11. Objects Reference Help
4,Attributes of the AGVPool,6390,6393,AGVPool,11. Objects Reference Help
5,_Attributes of the AGVPool,6390,6391,Attributes of the AGVPool,11. Objects Reference Help
5,AGV [SimTalk],6392,6393,Attributes of the AGVPool,11. Objects Reference Help
5,Amount [SimTalk] - AGVPool,6394,6394,Attributes of the AGVPool,11. Objects Reference Help
3,Marker,6394,6414,Resource Objects,11. Objects Reference Help
4,Marker,6394,6396,Marker,11. Objects Reference Help
4,Directional and Omidirectional Markers,6397,6397,Marker,11. Objects Reference Help
4,Dialog Box of the Marker,6398,6408,Marker,11. Objects Reference Help
5,Dialog Box of the Marker,6398,6398,Dialog Box of the Marker,11. Objects Reference Help
5,Tab Attributes,6399,6404,Dialog Box of the Marker,11. Objects Reference Help
6,Tab Attributes,6399,6399,Tab Attributes,11. Objects Reference Help
6,Use Rotation of Marker [check box],6400,6402,Tab Attributes,11. Objects Reference Help
6,Arrival Control [Marker],6403,6404,Tab Attributes,11. Objects Reference Help
5,Tab User-defined,6405,6405,Dialog Box of the Marker,11. Objects Reference Help
5,Navigate Menu,6406,6406,Dialog Box of the Marker,11. Objects Reference Help
5,View Menu,6407,6407,Dialog Box of the Marker,11. Objects Reference Help
5,Tools Menu,6408,6408,Dialog Box of the Marker,11. Objects Reference Help
5,Help Menu,6409,6409,Dialog Box of the Marker,11. Objects Reference Help
4,Methods of the Marker,6409,6410,Marker,11. Objects Reference Help
5,Methods of the Marker,6409,6410,Methods of the Marker,11. Objects Reference Help
5,getRouteLength [SimTalk] - Marker,6411,6411,Methods of the Marker,11. Objects Reference Help
4,Read-Only Attributes of the Marker,6411,6411,Marker,11. Objects Reference Help
5,Read-Only Attributes of the Marker,6411,6411,Read-Only Attributes of the Marker,11. Objects Reference Help
4,Attributes of the Marker,6412,6414,Marker,11. Objects Reference Help
5,_Attributes of the Marker,6412,6413,Attributes of the Marker,11. Objects Reference Help
5,ArrivalCtrl [SimTalk],6414,6414,Attributes of the Marker,11. Objects Reference Help
5,UseRotationOfMarker [SimTalk],6415,6415,Attributes of the Marker,11. Objects Reference Help
3,ShiftCalendar,6415,6454,Resource Objects,11. Objects Reference Help
4,ShiftCalendar [object],6415,6416,ShiftCalendar,11. Objects Reference Help
4,Dialog Box of the ShiftCalendar,6417,6440,ShiftCalendar,11. Objects Reference Help
5,Dialog Box of the ShiftCalendar,6417,6418,Dialog Box of the ShiftCalendar,11. Objects Reference Help
5,Active [check box] - ShiftCalendar,6419,6419,Dialog Box of the ShiftCalendar,11. Objects Reference Help
5,Tab Shift Times,6419,6424,Dialog Box of the ShiftCalendar,11. Objects Reference Help
6,Tab Shift Times,6419,6420,Tab Shift Times,11. Objects Reference Help
6,Shift [ShiftCalendar],6421,6421,Tab Shift Times,11. Objects Reference Help
6,From,6422,6422,Tab Shift Times,11. Objects Reference Help
6,To,6423,6423,Tab Shift Times,11. Objects Reference Help
6,"Mo, Tu, We, Th, Fr, Sa, Su",6424,6424,Tab Shift Times,11. Objects Reference Help
6,Pauses [ShiftCalendar],6425,6425,Tab Shift Times,11. Objects Reference Help
5,Tab Calendar,6425,6429,Dialog Box of the ShiftCalendar,11. Objects Reference Help
6,Tab Calendar,6425,6426,Tab Calendar,11. Objects Reference Help
6,Date From,6427,6427,Tab Calendar,11. Objects Reference Help
6,Date To,6428,6428,Tab Calendar,11. Objects Reference Help
6,Reduce Time To,6429,6429,Tab Calendar,11. Objects Reference Help
6,Comment [reduce time to],6430,6430,Tab Calendar,11. Objects Reference Help
5,Tab Resources,6430,6432,Dialog Box of the ShiftCalendar,11. Objects Reference Help
6,Tab Resources [ShiftCalendar],6430,6431,Tab Resources,11. Objects Reference Help
6,Objects [ShiftCalendar],6432,6432,Tab Resources,11. Objects Reference Help
5,Tab User-defined,6433,6433,Dialog Box of the ShiftCalendar,11. Objects Reference Help
5,File Menu,6433,6437,Dialog Box of the ShiftCalendar,11. Objects Reference Help
6,File Menu [ShiftCalendar],6433,6433,File Menu,11. Objects Reference Help
6,Import Shift Times,6434,6434,File Menu,11. Objects Reference Help
6,Export Shift Times,6435,6435,File Menu,11. Objects Reference Help
6,Import Calendar,6436,6436,File Menu,11. Objects Reference Help
6,Export Calendar,6437,6437,File Menu,11. Objects Reference Help
5,Navigate Menu,6438,6438,Dialog Box of the ShiftCalendar,11. Objects Reference Help
5,View Menu,6438,6439,Dialog Box of the ShiftCalendar,11. Objects Reference Help
6,View Menu,6438,6438,View Menu,11. Objects Reference Help
6,Show Assigned Objects [ShiftCalendar],6439,6439,View Menu,11. Objects Reference Help
5,Tools Menu,6440,6440,Dialog Box of the ShiftCalendar,11. Objects Reference Help
5,Help Menu,6441,6441,Dialog Box of the ShiftCalendar,11. Objects Reference Help
4,Methods of the ShiftCalendar,6441,6444,ShiftCalendar,11. Objects Reference Help
5,_Methods of the ShiftCalendar,6441,6442,Methods of the ShiftCalendar,11. Objects Reference Help
5,calculateWorkingDuration [SimTalk],6443,6443,Methods of the ShiftCalendar,11. Objects Reference Help
5,schedule [SimTalk] - ShiftCalendar,6444,6444,Methods of the ShiftCalendar,11. Objects Reference Help
4,Read-Only Attributes of the ShiftCalendar,6445,6448,ShiftCalendar,11. Objects Reference Help
5,_Read-Only Attributes of the ShiftCalendar,6445,6446,Read-Only Attributes of the ShiftCalendar,11. Objects Reference Help
5,GetCurrShift [SimTalk],6447,6447,Read-Only Attributes of the ShiftCalendar,11. Objects Reference Help
5,Pause [SimTalk] - ShiftCalendar,6448,6448,Read-Only Attributes of the ShiftCalendar,11. Objects Reference Help
5,Unplanned [SimTalk] - ShiftCalendar,6449,6449,Read-Only Attributes of the ShiftCalendar,11. Objects Reference Help
4,Attributes of the ShiftCalendar,6449,6454,ShiftCalendar,11. Objects Reference Help
5,_Attributes of the ShiftCalendar,6449,6450,Attributes of the ShiftCalendar,11. Objects Reference Help
5,Active [SimTalk] - ShiftCalendar,6451,6451,Attributes of the ShiftCalendar,11. Objects Reference Help
5,Calendar [SimTalk],6452,6452,Attributes of the ShiftCalendar,11. Objects Reference Help
5,Resources [SimTalk] - ShiftCalendar,6453,6453,Attributes of the ShiftCalendar,11. Objects Reference Help
5,ShiftPlan [SimTalk],6454,6454,Attributes of the ShiftCalendar,11. Objects Reference Help
3,LockoutZone,6455,6492,Resource Objects,11. Objects Reference Help
4,LockoutZone,6455,6456,LockoutZone,11. Objects Reference Help
4,Dialog Box of the LockoutZone,6457,6473,LockoutZone,11. Objects Reference Help
5,Dialog Box of the LockoutZone,6457,6458,Dialog Box of the LockoutZone,11. Objects Reference Help
5,Active [check box] - LockoutZone,6459,6459,Dialog Box of the LockoutZone,11. Objects Reference Help
5,Tab Controls,6459,6465,Dialog Box of the LockoutZone,11. Objects Reference Help
6,Tab Controls [LockoutZone],6459,6460,Tab Controls,11. Objects Reference Help
6,Stop Control [LockoutZone],6461,6462,Tab Controls,11. Objects Reference Help
6,Resume Control [LockoutZone],6463,6464,Tab Controls,11. Objects Reference Help
6,Stop Mode [drop-down list],6465,6465,Tab Controls,11. Objects Reference Help
5,Tab Objects,6466,6467,Dialog Box of the LockoutZone,11. Objects Reference Help
6,Tab Objects,6466,6466,Tab Objects,11. Objects Reference Help
6,Objects [LockoutZone],6467,6467,Tab Objects,11. Objects Reference Help
5,Tab Statistics [LockoutZone],6468,6469,Dialog Box of the LockoutZone,11. Objects Reference Help
5,Tab User-defined,6470,6470,Dialog Box of the LockoutZone,11. Objects Reference Help
5,Navigate Menu,6471,6471,Dialog Box of the LockoutZone,11. Objects Reference Help
5,View Menu,6471,6472,Dialog Box of the LockoutZone,11. Objects Reference Help
6,View Menu [LockoutZone],6471,6471,View Menu,11. Objects Reference Help
6,Show Assigned Objects [LockoutZone],6472,6472,View Menu,11. Objects Reference Help
5,Tools Menu,6473,6473,Dialog Box of the LockoutZone,11. Objects Reference Help
5,Help Menu,6474,6474,Dialog Box of the LockoutZone,11. Objects Reference Help
4,Methods of the LockoutZone,6474,6475,LockoutZone,11. Objects Reference Help
5,Methods of the LockoutZone,6474,6475,Methods of the LockoutZone,11. Objects Reference Help
5,addObject [SimTalk] - LockoutZone,6476,6476,Methods of the LockoutZone,11. Objects Reference Help
4,Read-Only Attributes of the LockoutZone,6476,6484,LockoutZone,11. Objects Reference Help
5,_Read-Only Attributes of the LockoutZone,6476,6477,Read-Only Attributes of the LockoutZone,11. Objects Reference Help
5,StatStoppedCount [SimTalk] - LockoutZone,6478,6478,Read-Only Attributes of the LockoutZone,11. Objects Reference Help
5,StatStoppedDelta [SimTalk] - LockoutZone,6479,6479,Read-Only Attributes of the LockoutZone,11. Objects Reference Help
5,StatStoppedIntervalDelta [SimTalk],6480,6480,Read-Only Attributes of the LockoutZone,11. Objects Reference Help
5,StatStoppedIntervalMu [SimTalk],6481,6481,Read-Only Attributes of the LockoutZone,11. Objects Reference Help
5,StatStoppedIntervalTime [SimTalk],6482,6482,Read-Only Attributes of the LockoutZone,11. Objects Reference Help
5,StatStoppedMu [SimTalk] - LockoutZone,6483,6483,Read-Only Attributes of the LockoutZone,11. Objects Reference Help
5,StatStoppedPortion [SimTalk] - LockoutZone,6484,6484,Read-Only Attributes of the LockoutZone,11. Objects Reference Help
5,StatStoppedTime [SimTalk],6485,6485,Read-Only Attributes of the LockoutZone,11. Objects Reference Help
4,Attributes of the LockoutZone,6485,6492,LockoutZone,11. Objects Reference Help
5,_Attributes of the LockoutZone,6485,6486,Attributes of the LockoutZone,11. Objects Reference Help
5,Active [SimTalk] - LockoutZone,6487,6487,Attributes of the LockoutZone,11. Objects Reference Help
5,Objects [SimTalk] - LockoutZone,6488,6488,Attributes of the LockoutZone,11. Objects Reference Help
5,ResumeCtrl [SimTalk],6489,6489,Attributes of the LockoutZone,11. Objects Reference Help
5,StopCtrl [SimTalk],6490,6490,Attributes of the LockoutZone,11. Objects Reference Help
5,StopMode [SimTalk],6491,6492,Attributes of the LockoutZone,11. Objects Reference Help
5,Stopped [SimTalk] - LockoutZone,6493,6493,Attributes of the LockoutZone,11. Objects Reference Help
2,Information Flow Objects,6493,7481,11. Objects Reference Help,11. Objects Reference Help
3,Information Flow Objects,6493,6494,Information Flow Objects,11. Objects Reference Help
3,Method,6495,6653,Information Flow Objects,11. Objects Reference Help
4,Method [object],6495,6497,Method,11. Objects Reference Help
4,Programming a Method,6498,6501,Method,11. Objects Reference Help
4,Working in the Method Window,6502,6506,Method,11. Objects Reference Help
4,Calling a Method,6507,6507,Method,11. Objects Reference Help
4,Colors for Syntax Highlighting,6508,6509,Method,11. Objects Reference Help
4,Working with Breakpoints,6510,6511,Method,11. Objects Reference Help
4,States of the Method,6512,6512,Method,11. Objects Reference Help
4,The Method Editor,6512,6599,Method,11. Objects Reference Help
5,The Method Editor,6512,6512,The Method Editor,11. Objects Reference Help
5,Edit Ribbon Tab,6513,6561,The Method Editor,11. Objects Reference Help
6,Edit Ribbon Tab [Method],6513,6516,Edit Ribbon Tab,11. Objects Reference Help
6,Import from File,6517,6517,Edit Ribbon Tab,11. Objects Reference Help
6,Export to File [source code],6518,6518,Edit Ribbon Tab,11. Objects Reference Help
6,Print [source code],6519,6519,Edit Ribbon Tab,11. Objects Reference Help
6,Find Text,6519,6531,Edit Ribbon Tab,11. Objects Reference Help
7,Find Text [in Method],6519,6520,Find Text,11. Objects Reference Help
7,Find What,6521,6521,Find Text,11. Objects Reference Help
7,Regular Expressions,6522,6522,Find Text,11. Objects Reference Help
7,Replace With,6523,6523,Find Text,11. Objects Reference Help
7,Match Whole Word Only,6524,6524,Find Text,11. Objects Reference Help
7,Match Case,6525,6525,Find Text,11. Objects Reference Help
7,Regular Expression,6526,6526,Find Text,11. Objects Reference Help
7,Direction [in Search],6527,6527,Find Text,11. Objects Reference Help
7,Find Next [source code],6528,6528,Find Text,11. Objects Reference Help
7,Replace [source code],6529,6529,Find Text,11. Objects Reference Help
7,Mark All,6530,6530,Find Text,11. Objects Reference Help
7,Replace All,6531,6531,Find Text,11. Objects Reference Help
6,Find Previous [source code],6532,6532,Edit Ribbon Tab,11. Objects Reference Help
6,Find Next [source code],6533,6533,Edit Ribbon Tab,11. Objects Reference Help
6,Incremental Search,6534,6534,Edit Ribbon Tab,11. Objects Reference Help
6,Undo [source code],6535,6535,Edit Ribbon Tab,11. Objects Reference Help
6,Redo [source code],6536,6536,Edit Ribbon Tab,11. Objects Reference Help
6,Auto Complete,6537,6539,Edit Ribbon Tab,11. Objects Reference Help
6,Toggle Comment,6540,6540,Edit Ribbon Tab,11. Objects Reference Help
6,Increase Indent,6541,6541,Edit Ribbon Tab,11. Objects Reference Help
6,Decrease Indent,6542,6542,Edit Ribbon Tab,11. Objects Reference Help
6,Reformat Selection,6543,6543,Edit Ribbon Tab,11. Objects Reference Help
6,Move Up [source code],6544,6544,Edit Ribbon Tab,11. Objects Reference Help
6,Move Down [source code],6545,6545,Edit Ribbon Tab,11. Objects Reference Help
6,Line Operations,6546,6546,Edit Ribbon Tab,11. Objects Reference Help
6,Select Template,6546,6548,Edit Ribbon Tab,11. Objects Reference Help
7,Select Template,6546,6547,Select Template,11. Objects Reference Help
7,Create Your Own Method Templates,6548,6548,Select Template,11. Objects Reference Help
6,Insert Control Structure,6549,6559,Edit Ribbon Tab,11. Objects Reference Help
7,Insert Control Structure,6549,6550,Insert Control Structure,11. Objects Reference Help
7,if-else,6551,6551,Insert Control Structure,11. Objects Reference Help
7,if-else-end,6552,6552,Insert Control Structure,11. Objects Reference Help
7,if-elseif-end,6553,6553,Insert Control Structure,11. Objects Reference Help
7,switch-case-end,6554,6554,Insert Control Structure,11. Objects Reference Help
7,switch-case-else-end,6555,6555,Insert Control Structure,11. Objects Reference Help
7,while-end,6556,6556,Insert Control Structure,11. Objects Reference Help
7,repeat-until,6557,6557,Insert Control Structure,11. Objects Reference Help
7,for-next,6558,6558,Insert Control Structure,11. Objects Reference Help
7,for-downto-next,6559,6559,Insert Control Structure,11. Objects Reference Help
6,Inherit Source Code,6560,6560,Edit Ribbon Tab,11. Objects Reference Help
6,Apply Changes [source code],6561,6561,Edit Ribbon Tab,11. Objects Reference Help
6,Help on Word,6562,6562,Edit Ribbon Tab,11. Objects Reference Help
5,Tools Ribbon Tab,6562,6596,The Method Editor,11. Objects Reference Help
6,Tools Ribbon Tab,6562,6565,Tools Ribbon Tab,11. Objects Reference Help
6,Run [button] - Method,6566,6566,Tools Ribbon Tab,11. Objects Reference Help
6,Debug Method [button],6567,6567,Tools Ribbon Tab,11. Objects Reference Help
6,Toggle Bookmarks,6568,6568,Tools Ribbon Tab,11. Objects Reference Help
6,Clear All Bookmarks,6569,6569,Tools Ribbon Tab,11. Objects Reference Help
6,Previous Bookmark,6570,6570,Tools Ribbon Tab,11. Objects Reference Help
6,Next Bookmark,6571,6571,Tools Ribbon Tab,11. Objects Reference Help
6,Toggle Class Breakpoint,6572,6573,Tools Ribbon Tab,11. Objects Reference Help
6,Toggle Instance Breakpoint,6574,6575,Tools Ribbon Tab,11. Objects Reference Help
6,Delete All Class Breakpoints,6576,6576,Tools Ribbon Tab,11. Objects Reference Help
6,Delete All Instance Breakpoints,6577,6577,Tools Ribbon Tab,11. Objects Reference Help
6,Delete All Breakpoints [Tools ribbon],6578,6578,Tools Ribbon Tab,11. Objects Reference Help
6,Previous Breakpoint [Tools ribbon],6579,6579,Tools Ribbon Tab,11. Objects Reference Help
6,Next Breakpoint [Tools ribbon],6580,6580,Tools Ribbon Tab,11. Objects Reference Help
6,Toggle Outline,6581,6581,Tools Ribbon Tab,11. Objects Reference Help
6,Previous Outline,6582,6582,Tools Ribbon Tab,11. Objects Reference Help
6,Next Outline,6583,6583,Tools Ribbon Tab,11. Objects Reference Help
6,Collapse All Outlines,6584,6584,Tools Ribbon Tab,11. Objects Reference Help
6,Expand All Outlines,6585,6585,Tools Ribbon Tab,11. Objects Reference Help
6,Hide/Unhide Text,6586,6586,Tools Ribbon Tab,11. Objects Reference Help
6,Encrypt Method,6587,6587,Tools Ribbon Tab,11. Objects Reference Help
6,Decrypt Method,6588,6588,Tools Ribbon Tab,11. Objects Reference Help
6,New Syntax [command],6589,6590,Tools Ribbon Tab,11. Objects Reference Help
6,Syntax-controlled Indentation [Tools ribbon],6591,6591,Tools Ribbon Tab,11. Objects Reference Help
6,Show Line Numbers [Tools ribbon],6592,6592,Tools Ribbon Tab,11. Objects Reference Help
6,View,6592,6596,Tools Ribbon Tab,11. Objects Reference Help
7,View [Method],6592,6593,View,11. Objects Reference Help
7,Show Outlining [Method],6594,6594,View,11. Objects Reference Help
7,Highlight Current Line [source code],6595,6595,View,11. Objects Reference Help
7,Show Completion Tooltip [command],6596,6596,View,11. Objects Reference Help
5,Context Menu of the Method,6597,6598,The Method Editor,11. Objects Reference Help
5,Drag-and-Drop in the Method Editor,6599,6599,The Method Editor,11. Objects Reference Help
4,The Method Debugger,6600,6630,Method,11. Objects Reference Help
5,Method Debugger,6600,6602,The Method Debugger,11. Objects Reference Help
6,Remarks,6600,6602,Method Debugger,11. Objects Reference Help
6,See also,6603,6603,Method Debugger,11. Objects Reference Help
6,Video on YouTube,6603,6603,Method Debugger,11. Objects Reference Help
5,Watch Window,6603,6611,The Method Debugger,11. Objects Reference Help
6,Watch Window [described],6603,6603,Watch Window,11. Objects Reference Help
7,Open the Watch Window,6603,6603,Watch Window [described],11. Objects Reference Help
7,See also,6603,6603,Watch Window [described],11. Objects Reference Help
6,Tab Variables [Watch window],6604,6604,Watch Window,11. Objects Reference Help
7,Remarks,6604,6604,Tab Variables [Watch window],11. Objects Reference Help
7,See also,6604,6604,Tab Variables [Watch window],11. Objects Reference Help
6,Tab Anonymous Indentifiers,6604,6606,Watch Window,11. Objects Reference Help
7,Tab Anonymous Identifiers [Watch window],6604,6605,Tab Anonymous Indentifiers,11. Objects Reference Help
8,Remarks,6604,6604,Tab Anonymous Identifiers [Watch window],11. Objects Reference Help
8,See also,6605,6605,Tab Anonymous Identifiers [Watch window],11. Objects Reference Help
8,Video on YouTube,6605,6605,Tab Anonymous Identifiers [Watch window],11. Objects Reference Help
7,"@ [at sign, Method Debugger]",6606,6606,Tab Anonymous Indentifiers,11. Objects Reference Help
7,"? [question mark, Method Debugger]",6607,6607,Tab Anonymous Indentifiers,11. Objects Reference Help
6,Tab Call Stack [Watch window],6607,6607,Watch Window,11. Objects Reference Help
7,,6608,6608,Tab Call Stack [Watch window],11. Objects Reference Help
7,Remarks,6608,6608,Tab Call Stack [Watch window],11. Objects Reference Help
7,SimTalk,6608,6608,Tab Call Stack [Watch window],11. Objects Reference Help
7,Video on YouTube,6608,6608,Tab Call Stack [Watch window],11. Objects Reference Help
6,Tab Call Chains [Watch window],6608,6608,Watch Window,11. Objects Reference Help
7,,6608,6608,Tab Call Chains [Watch window],11. Objects Reference Help
7,Remarks,6608,6608,Tab Call Chains [Watch window],11. Objects Reference Help
7,Video on YouTube,6609,6609,Tab Call Chains [Watch window],11. Objects Reference Help
6,Tab Suspended [Watch window],6609,6610,Watch Window,11. Objects Reference Help
7,,6609,6609,Tab Suspended [Watch window],11. Objects Reference Help
7,Remarks,6609,6609,Tab Suspended [Watch window],11. Objects Reference Help
7,SimTalk,6610,6610,Tab Suspended [Watch window],11. Objects Reference Help
7,See also,6611,6611,Tab Suspended [Watch window],11. Objects Reference Help
7,Video on YouTube,6611,6611,Tab Suspended [Watch window],11. Objects Reference Help
6,Tab Expressions [Watch window],6611,6611,Watch Window,11. Objects Reference Help
7,,6611,6611,Tab Expressions [Watch window],11. Objects Reference Help
7,Remarks,6611,6611,Tab Expressions [Watch window],11. Objects Reference Help
7,Video on YouTube,6611,6611,Tab Expressions [Watch window],11. Objects Reference Help
5,Toolbar of the Method Debugger,6612,6612,The Method Debugger,11. Objects Reference Help
5,Menu Bar of the Method Debugger,6613,6627,The Method Debugger,11. Objects Reference Help
6,Menu Bar of the Method Debugger,6613,6613,Menu Bar of the Method Debugger,11. Objects Reference Help
6,File Menu [Method Debugger],6613,6613,Menu Bar of the Method Debugger,11. Objects Reference Help
6,Edit Menu [Method Debugger],6613,6613,Menu Bar of the Method Debugger,11. Objects Reference Help
6,Navigate Menu,6613,6613,Menu Bar of the Method Debugger,11. Objects Reference Help
7,Navigate Menu,6613,6613,Navigate Menu,11. Objects Reference Help
7,Open Frame [Method Debugger],6613,6613,Navigate Menu,11. Objects Reference Help
6,Debug Menu,6614,6626,Menu Bar of the Method Debugger,11. Objects Reference Help
7,Debug Menu,6614,6614,Debug Menu,11. Objects Reference Help
7,Stop On,6614,6614,Debug Menu,11. Objects Reference Help
8,Stop on Controls,6614,6614,Stop On,11. Objects Reference Help
8,Stop on Formulas,6614,6614,Stop On,11. Objects Reference Help
8,Stop on Error Handler,6615,6615,Stop On,11. Objects Reference Help
8,Stop on Wakeup,6615,6615,Stop On,11. Objects Reference Help
7,On Step Into [submenu],6615,6616,Debug Menu,11. Objects Reference Help
8,Step into Controls,6615,6615,On Step Into [submenu],11. Objects Reference Help
8,Step into Formulas,6615,6615,On Step Into [submenu],11. Objects Reference Help
8,Step into Encrypted Methods,6616,6616,On Step Into [submenu],11. Objects Reference Help
7,Ignore,6617,6617,Debug Menu,11. Objects Reference Help
7,Step Over,6618,6618,Debug Menu,11. Objects Reference Help
8,Remarks,6618,6618,Step Over,11. Objects Reference Help
8,Video on YouTube,6619,6619,Step Over,11. Objects Reference Help
7,Step Into,6619,6619,Debug Menu,11. Objects Reference Help
8,Remarks,6619,6619,Step Into,11. Objects Reference Help
8,Video on YouTube,6620,6620,Step Into,11. Objects Reference Help
7,Step Out,6620,6620,Debug Menu,11. Objects Reference Help
8,Remarks,6620,6620,Step Out,11. Objects Reference Help
8,Video on YouTube,6621,6621,Step Out,11. Objects Reference Help
7,Continue [method execution],6621,6621,Debug Menu,11. Objects Reference Help
7,Run to Cursor,6621,6621,Debug Menu,11. Objects Reference Help
8,Remarks,6621,6621,Run to Cursor,11. Objects Reference Help
7,Set Next Statement,6622,6622,Debug Menu,11. Objects Reference Help
8,Remarks,6622,6622,Set Next Statement,11. Objects Reference Help
7,Return From Current Call Chain,6622,6622,Debug Menu,11. Objects Reference Help
7,Terminate Simulation,6623,6623,Debug Menu,11. Objects Reference Help
7,Restart Simulation,6623,6623,Debug Menu,11. Objects Reference Help
8,Remarks,6623,6623,Restart Simulation,11. Objects Reference Help
7,Class Breakpoint,6623,6623,Debug Menu,11. Objects Reference Help
8,Remarks,6623,6623,Class Breakpoint,11. Objects Reference Help
7,Instance Breakpoint,6624,6624,Debug Menu,11. Objects Reference Help
7,Breakpoint Active [Debug menu],6624,6624,Debug Menu,11. Objects Reference Help
8,See also,6624,6624,Breakpoint Active [Debug menu],11. Objects Reference Help
7,Breakpoint Settings,6624,6624,Debug Menu,11. Objects Reference Help
8,Breakpoint Settings [Debug menu],6624,6624,Breakpoint Settings,11. Objects Reference Help
9,Active,6625,6625,Breakpoint Settings [Debug menu],11. Objects Reference Help
9,Start Time,6625,6625,Breakpoint Settings [Debug menu],11. Objects Reference Help
9,Condition,6625,6625,Breakpoint Settings [Debug menu],11. Objects Reference Help
9,See also,6625,6625,Breakpoint Settings [Debug menu],11. Objects Reference Help
7,Next Breakpoint [Debug menu],6625,6625,Debug Menu,11. Objects Reference Help
8,See also,6625,6625,Next Breakpoint [Debug menu],11. Objects Reference Help
7,Previous Breakpoint [Debug menu],6625,6625,Debug Menu,11. Objects Reference Help
8,See also,6626,6626,Previous Breakpoint [Debug menu],11. Objects Reference Help
7,Delete Class Breakpoints,6626,6626,Debug Menu,11. Objects Reference Help
8,See also,6626,6626,Delete Class Breakpoints,11. Objects Reference Help
7,Delete Instance Breakpoints,6626,6626,Debug Menu,11. Objects Reference Help
8,See also,6626,6626,Delete Instance Breakpoints,11. Objects Reference Help
7,Delete All Breakpoints [Debug menu],6626,6626,Debug Menu,11. Objects Reference Help
8,Remarks,6626,6626,Delete All Breakpoints [Debug menu],11. Objects Reference Help
8,See also,6626,6626,Delete All Breakpoints [Debug menu],11. Objects Reference Help
7,Delete Breakpoints in All Methods,6626,6626,Debug Menu,11. Objects Reference Help
8,Remarks,6626,6626,Delete Breakpoints in All Methods,11. Objects Reference Help
8,SimTalk,6627,6627,Delete Breakpoints in All Methods,11. Objects Reference Help
7,Watch Window [Debug menu],6627,6627,Debug Menu,11. Objects Reference Help
8,See also,6627,6627,Watch Window [Debug menu],11. Objects Reference Help
6,View Menu,6627,6627,Menu Bar of the Method Debugger,11. Objects Reference Help
7,View Menu [Method],6627,6627,View Menu,11. Objects Reference Help
7,MUs and States [Method Debugger],6627,6627,View Menu,11. Objects Reference Help
8,Remarks,6627,6627,MUs and States [Method Debugger],11. Objects Reference Help
8,See also,6627,6627,MUs and States [Method Debugger],11. Objects Reference Help
6,Tools Menu,6627,6627,Menu Bar of the Method Debugger,11. Objects Reference Help
7,Tools Menu,6627,6627,Tools Menu,11. Objects Reference Help
7,User-defined Attributes [Method Debugger],6628,6628,Tools Menu,11. Objects Reference Help
7,Rename [Method],6628,6628,Tools Menu,11. Objects Reference Help
6,Help Menu [Method Debugger],6628,6628,Menu Bar of the Method Debugger,11. Objects Reference Help
7,Help on Debugger,6628,6628,Help Menu [Method Debugger],11. Objects Reference Help
7,Help on Word,6628,6628,Help Menu [Method Debugger],11. Objects Reference Help
5,Context Menu of the Method Debugger,6628,6630,The Method Debugger,11. Objects Reference Help
6,Context Menu of the Method Debugger,6628,6628,Context Menu of the Method Debugger,11. Objects Reference Help
7,See also,6629,6629,Context Menu of the Method Debugger,11. Objects Reference Help
6,Breakpoint Active [context menu],6629,6629,Context Menu of the Method Debugger,11. Objects Reference Help
7,See also,6629,6629,Breakpoint Active [context menu],11. Objects Reference Help
6,Breakpoint Settings [context menu],6629,6629,Context Menu of the Method Debugger,11. Objects Reference Help
7,See also,6629,6629,Breakpoint Settings [context menu],11. Objects Reference Help
6,Open Object [Method Debugger],6629,6629,Context Menu of the Method Debugger,11. Objects Reference Help
6,Show Object [Method Debugger],6630,6630,Context Menu of the Method Debugger,11. Objects Reference Help
7,Remarks,6630,6630,Show Object [Method Debugger],11. Objects Reference Help
6,Cut [in Method Debugger],6630,6630,Context Menu of the Method Debugger,11. Objects Reference Help
6,Copy [in Method Debugger],6631,6631,Context Menu of the Method Debugger,11. Objects Reference Help
6,Paste [in Method Debugger],6631,6631,Context Menu of the Method Debugger,11. Objects Reference Help
6,Delete [in Method Debugger],6631,6631,Context Menu of the Method Debugger,11. Objects Reference Help
4,Methods of the Method,6631,6644,Method,11. Objects Reference Help
5,_Methods of the Method,6631,6633,Methods of the Method,11. Objects Reference Help
5,checkArguments [SimTalk],6634,6634,Methods of the Method,11. Objects Reference Help
5,decrypt [SimTalk],6635,6635,Methods of the Method,11. Objects Reference Help
5,deleteMethCall [SimTalk],6636,6636,Methods of the Method,11. Objects Reference Help
5,encrypt [SimTalk],6637,6637,Methods of the Method,11. Objects Reference Help
5,execute [SimTalk] - Method,6638,6639,Methods of the Method,11. Objects Reference Help
5,executeIn [SimTalk],6640,6641,Methods of the Method,11. Objects Reference Help
5,executeNewCallChain [SimTalk],6642,6643,Methods of the Method,11. Objects Reference Help
5,hasSyntaxError [SimTalk],6644,6644,Methods of the Method,11. Objects Reference Help
5,load [SimTalk] - source code,6645,6645,Methods of the Method,11. Objects Reference Help
4,Read-Only Attributes of the Method,6645,6647,Method,11. Objects Reference Help
5,Read-Only Attributes of the Method,6645,6646,Read-Only Attributes of the Method,11. Objects Reference Help
5,Encrypted [SimTalk],6647,6647,Read-Only Attributes of the Method,11. Objects Reference Help
5,NumInExecution [SimTalk],6648,6648,Read-Only Attributes of the Method,11. Objects Reference Help
4,Attributes of the Method,6648,6653,Method,11. Objects Reference Help
5,_Attributes of the Method,6648,6649,Attributes of the Method,11. Objects Reference Help
5,Program [SimTalk],6650,6650,Attributes of the Method,11. Objects Reference Help
5,RandomSeed [SimTalk] - Method/User-defined Attribute,6651,6652,Attributes of the Method,11. Objects Reference Help
5,UsingNewSyntax [SimTalk],6653,6653,Attributes of the Method,11. Objects Reference Help
3,PythonModule,6654,6691,Information Flow Objects,11. Objects Reference Help
4,PythonModule,6654,6657,PythonModule,11. Objects Reference Help
4,What You Can Do With the PythonModule,6658,6661,PythonModule,11. Objects Reference Help
4,Dialog Box of the PythonModule,6662,6674,PythonModule,11. Objects Reference Help
5,Dialog Box of the PythonModule,6662,6662,Dialog Box of the PythonModule,11. Objects Reference Help
5,Import [button] - PythonModule,6662,6662,Dialog Box of the PythonModule,11. Objects Reference Help
5,Tab Content,6663,6673,Dialog Box of the PythonModule,11. Objects Reference Help
6,Tab Content,6663,6664,Tab Content,11. Objects Reference Help
6,Access the Model Frame from the Python Code,6665,6665,Tab Content,11. Objects Reference Help
6,Access Attributes and Methods from the Python Code,6666,6667,Tab Content,11. Objects Reference Help
6,Access DataTables from the Python Code,6668,6668,Tab Content,11. Objects Reference Help
6,Access Variables from the Python Code,6669,6669,Tab Content,11. Objects Reference Help
6,Call Global SimTalk Functions from the Python Code,6670,6671,Tab Content,11. Objects Reference Help
6,Call a Function Written in a Another PythonModule,6672,6672,Tab Content,11. Objects Reference Help
6,Execute External Python Code,6673,6673,Tab Content,11. Objects Reference Help
5,Tab User-defined,6674,6674,Dialog Box of the PythonModule,11. Objects Reference Help
5,Navigate Menu,6674,6674,Dialog Box of the PythonModule,11. Objects Reference Help
5,View Menu,6674,6674,Dialog Box of the PythonModule,11. Objects Reference Help
5,Tools Menu,6674,6674,Dialog Box of the PythonModule,11. Objects Reference Help
5,Help Menu,6675,6675,Dialog Box of the PythonModule,11. Objects Reference Help
4,Methods of the PythonModule,6675,6687,PythonModule,11. Objects Reference Help
5,_Methods of the PythonModule,6675,6675,Methods of the PythonModule,11. Objects Reference Help
5,call [SimTalk],6676,6676,Methods of the PythonModule,11. Objects Reference Help
5,callKw [SimTalk],6677,6679,Methods of the PythonModule,11. Objects Reference Help
5,callMethod [SimTalk],6680,6681,Methods of the PythonModule,11. Objects Reference Help
5,callMethodKw [SimTalk],6682,6683,Methods of the PythonModule,11. Objects Reference Help
5,get [SimTalk],6684,6684,Methods of the PythonModule,11. Objects Reference Help
5,import [SimTalk] - Python,6685,6686,Methods of the PythonModule,11. Objects Reference Help
5,importPythonModule [SimTalk],6687,6687,Methods of the PythonModule,11. Objects Reference Help
5,set [SimTalk],6688,6688,Methods of the PythonModule,11. Objects Reference Help
4,Read-Only Attributes of the PythonModule,6688,6689,PythonModule,11. Objects Reference Help
5,Read-Only Attributes of the PythonModule,6688,6689,Read-Only Attributes of the PythonModule,11. Objects Reference Help
5,ModuleName [SimTalk],6690,6690,Read-Only Attributes of the PythonModule,11. Objects Reference Help
4,Attributes of the PythonModule,6690,6691,PythonModule,11. Objects Reference Help
5,_Attributes of the PythonModule,6690,6690,Attributes of the PythonModule,11. Objects Reference Help
5,PythonCode [SimTalk],6691,6691,Attributes of the PythonModule,11. Objects Reference Help
3,Variable,6692,6750,Information Flow Objects,11. Objects Reference Help
4,Variable [object],6692,6693,Variable,11. Objects Reference Help
4,Dialog Box of the Variable,6694,6720,Variable,11. Objects Reference Help
5,Dialog Box of the Variable,6694,6694,Dialog Box of the Variable,11. Objects Reference Help
5,Name [text box] - Variable,6695,6695,Dialog Box of the Variable,11. Objects Reference Help
5,Tab Value,6695,6700,Dialog Box of the Variable,11. Objects Reference Help
6,Tab Value [Variable],6695,6695,Tab Value,11. Objects Reference Help
6,Data Type [Variable],6696,6697,Tab Value,11. Objects Reference Help
6,Value [Variable],6698,6699,Tab Value,11. Objects Reference Help
6,Inherit Value [Variable],6700,6700,Tab Value,11. Objects Reference Help
6,Initial Value [Variable],6701,6701,Tab Value,11. Objects Reference Help
5,Tab Display,6701,6710,Dialog Box of the Variable,11. Objects Reference Help
6,Tab Display [Variable],6701,6701,Tab Display,11. Objects Reference Help
6,Font Size [drop-down list] - Variable,6702,6702,Tab Display,11. Objects Reference Help
6,Font Color [Variable],6703,6703,Tab Display,11. Objects Reference Help
6,Background Color [drop-down list] - Variable,6704,6704,Tab Display,11. Objects Reference Help
6,Alignment [Variable],6705,6705,Tab Display,11. Objects Reference Help
6,Integer Places [text box] - Variable,6706,6706,Tab Display,11. Objects Reference Help
6,Decimal Places [text box] - Variable,6707,6707,Tab Display,11. Objects Reference Help
6,Transparent [check box] - Variable,6708,6708,Tab Display,11. Objects Reference Help
6,Show Data Type [Variable],6709,6709,Tab Display,11. Objects Reference Help
6,Show Units [Variable],6710,6710,Tab Display,11. Objects Reference Help
5,Tab Statistics,6711,6715,Dialog Box of the Variable,11. Objects Reference Help
6,Tab Statistics [Variable],6711,6711,Tab Statistics,11. Objects Reference Help
6,"Active [check box] - statistics, Variable",6712,6712,Tab Statistics,11. Objects Reference Help
6,Statistics Table [Variable],6713,6713,Tab Statistics,11. Objects Reference Help
6,Charts [Variable],6714,6714,Tab Statistics,11. Objects Reference Help
6,Frequency Histogram [Variable],6715,6715,Tab Statistics,11. Objects Reference Help
5,Tab Comment [Variable],6716,6716,Dialog Box of the Variable,11. Objects Reference Help
5,Navigate Menu,6717,6717,Dialog Box of the Variable,11. Objects Reference Help
5,View Menu,6718,6718,Dialog Box of the Variable,11. Objects Reference Help
5,Tools Menu,6719,6719,Dialog Box of the Variable,11. Objects Reference Help
5,Help Menu,6720,6720,Dialog Box of the Variable,11. Objects Reference Help
4,Assigning a Value to a Variable,6721,6721,Variable,11. Objects Reference Help
4,Calling the Contents of a Variable,6722,6722,Variable,11. Objects Reference Help
4,Reading the Contents of a Variable,6723,6723,Variable,11. Objects Reference Help
4,Methods of the Variable,6723,6731,Variable,11. Objects Reference Help
5,_Methods of the Variable,6723,6725,Methods of the Variable,11. Objects Reference Help
5,& [SimTalk] - Variable,6726,6726,Methods of the Variable,11. Objects Reference Help
5,create [SimTalk] - Variable,6727,6727,Methods of the Variable,11. Objects Reference Help
5,getStatisticsTable [SimTalk] - Variable,6728,6729,Methods of the Variable,11. Objects Reference Help
5,increment [SimTalk] - Variable,6730,6730,Methods of the Variable,11. Objects Reference Help
5,ref [SimTalk] - Variable,6731,6731,Methods of the Variable,11. Objects Reference Help
5,rollDice [SimTalk],6732,6732,Methods of the Variable,11. Objects Reference Help
4,Read-Only Attributes of the Variable,6732,6733,Variable,11. Objects Reference Help
5,Read-Only Attributes of the Variable,6732,6733,Read-Only Attributes of the Variable,11. Objects Reference Help
5,asString [SimTalk] - Variable,6734,6734,Read-Only Attributes of the Variable,11. Objects Reference Help
4,Attributes of the Variable,6734,6750,Variable,11. Objects Reference Help
5,_Attributes of the Variable,6734,6735,Attributes of the Variable,11. Objects Reference Help
5,Alignment [SimTalk] - Variable,6736,6736,Attributes of the Variable,11. Objects Reference Help
5,BackgroundColor [SimTalk] - Variable,6737,6737,Attributes of the Variable,11. Objects Reference Help
5,Color [SimTalk] - Variable,6738,6738,Attributes of the Variable,11. Objects Reference Help
5,Comment [SimTalk] - Variable,6739,6739,Attributes of the Variable,11. Objects Reference Help
5,DataType [SimTalk] - Variable,6740,6740,Attributes of the Variable,11. Objects Reference Help
5,DecimalPlaces [SimTalk] - Variable,6741,6741,Attributes of the Variable,11. Objects Reference Help
5,Font [SimTalk] - Variable,6742,6742,Attributes of the Variable,11. Objects Reference Help
5,HasInitValue [SimTalk] - Variable,6743,6743,Attributes of the Variable,11. Objects Reference Help
5,InitValue [SimTalk] - Variable,6744,6744,Attributes of the Variable,11. Objects Reference Help
5,IntegerPlaces [SimTalk] - Variable,6745,6745,Attributes of the Variable,11. Objects Reference Help
5,Name [SimTalk] - Variable,6746,6746,Attributes of the Variable,11. Objects Reference Help
5,ShowDataType [SimTalk] - Variable,6747,6747,Attributes of the Variable,11. Objects Reference Help
5,ShowUnit [SimTalk] - Variable,6748,6748,Attributes of the Variable,11. Objects Reference Help
5,StatisticsActive [SimTalk] - Variable,6749,6749,Attributes of the Variable,11. Objects Reference Help
5,Transparent [SimTalk] - Variable,6750,6750,Attributes of the Variable,11. Objects Reference Help
5,Value [SimTalk] - Variable,6751,6751,Attributes of the Variable,11. Objects Reference Help
3,Properties of Lists and Tables,6751,7033,Information Flow Objects,11. Objects Reference Help
4,Properties of Lists and Tables,6751,6752,Properties of Lists and Tables,11. Objects Reference Help
4,Window of Lists and Tables,6753,6863,Properties of Lists and Tables,11. Objects Reference Help
5,Window of Lists and Tables,6753,6753,Window of Lists and Tables,11. Objects Reference Help
5,List Ribbon Tab,6754,6824,Window of Lists and Tables,11. Objects Reference Help
6,List Ribbon Tab,6754,6757,List Ribbon Tab,11. Objects Reference Help
6,Import File,6758,6759,List Ribbon Tab,11. Objects Reference Help
6,Export to File [lists],6760,6760,List Ribbon Tab,11. Objects Reference Help
6,Export Text File,6761,6762,List Ribbon Tab,11. Objects Reference Help
6,Export Object File,6763,6763,List Ribbon Tab,11. Objects Reference Help
6,Export Excel File,6764,6765,List Ribbon Tab,11. Objects Reference Help
6,Export XML File,6766,6766,List Ribbon Tab,11. Objects Reference Help
6,Text File Format,6767,6768,List Ribbon Tab,11. Objects Reference Help
6,Print List,6769,6769,List Ribbon Tab,11. Objects Reference Help
6,Print Setup,6770,6770,List Ribbon Tab,11. Objects Reference Help
6,Find [lists],6771,6772,List Ribbon Tab,11. Objects Reference Help
6,Replace [lists],6773,6774,List Ribbon Tab,11. Objects Reference Help
6,Go To Cell,6775,6775,List Ribbon Tab,11. Objects Reference Help
6,Insert Row [lists],6776,6776,List Ribbon Tab,11. Objects Reference Help
6,Insert Column [lists],6777,6777,List Ribbon Tab,11. Objects Reference Help
6,Sort Ascending [lists],6778,6778,List Ribbon Tab,11. Objects Reference Help
6,Sort Descending [lists],6779,6779,List Ribbon Tab,11. Objects Reference Help
6,Create Formula,6780,6780,List Ribbon Tab,11. Objects Reference Help
6,Activate Column Index,6781,6783,List Ribbon Tab,11. Objects Reference Help
6,Activate Row Index,6784,6785,List Ribbon Tab,11. Objects Reference Help
6,Edit Format,6786,6817,List Ribbon Tab,11. Objects Reference Help
7,Edit Format,6786,6787,Edit Format,11. Objects Reference Help
7,Tab Settings,6788,6793,Edit Format,11. Objects Reference Help
8,Tab Settings,6788,6788,Tab Settings,11. Objects Reference Help
8,Alignment [cells and columns],6789,6789,Tab Settings,11. Objects Reference Help
8,"Font Size [drop-down list] - cells, columns",6790,6790,Tab Settings,11. Objects Reference Help
8,Font Color [cells],6791,6791,Tab Settings,11. Objects Reference Help
8,Background Color [cells],6792,6792,Tab Settings,11. Objects Reference Help
8,Column Index Belongs to Contents,6793,6793,Tab Settings,11. Objects Reference Help
7,Tab Permissions,6794,6795,Edit Format,11. Objects Reference Help
8,Tab Permissions,6794,6794,Tab Permissions,11. Objects Reference Help
8,Editor [check box],6795,6795,Tab Permissions,11. Objects Reference Help
8,Information Flow [check box],6796,6796,Tab Permissions,11. Objects Reference Help
7,Tab Dimension,6796,6798,Edit Format,11. Objects Reference Help
8,Tab Dimension,6796,6796,Tab Dimension,11. Objects Reference Help
8,Number of Rows [lists],6797,6797,Tab Dimension,11. Objects Reference Help
8,Number of Columns [lists],6798,6798,Tab Dimension,11. Objects Reference Help
8,Column Width [text box],6799,6799,Tab Dimension,11. Objects Reference Help
7,Tab Data Type,6799,6815,Edit Format,11. Objects Reference Help
8,Tab Data Type,6799,6799,Tab Data Type,11. Objects Reference Help
8,Data Type [lists],6800,6801,Tab Data Type,11. Objects Reference Help
8,Format String [text box],6802,6804,Tab Data Type,11. Objects Reference Help
8,Common Format [check box],6805,6806,Tab Data Type,11. Objects Reference Help
8,Activating and Deactivating Common Format,6807,6808,Tab Data Type,11. Objects Reference Help
8,Data Type for the Column Index,6809,6809,Tab Data Type,11. Objects Reference Help
8,Fast Index Access [columns],6810,6810,Tab Data Type,11. Objects Reference Help
8,Unique Index Key [columns],6811,6811,Tab Data Type,11. Objects Reference Help
8,Data Type for the Row Index,6812,6813,Tab Data Type,11. Objects Reference Help
8,Fast Index Access [rows],6814,6814,Tab Data Type,11. Objects Reference Help
8,Unique Index Key [rows],6815,6815,Tab Data Type,11. Objects Reference Help
7,Tab Contents,6816,6817,Edit Format,11. Objects Reference Help
6,Inherit Format [button],6818,6818,List Ribbon Tab,11. Objects Reference Help
6,Inherit Contents [lists],6819,6819,List Ribbon Tab,11. Objects Reference Help
6,Inherit Comment [button],6820,6820,List Ribbon Tab,11. Objects Reference Help
6,Recompute Formulas,6821,6821,List Ribbon Tab,11. Objects Reference Help
6,Show Comment [lists],6822,6822,List Ribbon Tab,11. Objects Reference Help
6,Show Data Type [lists],6823,6823,List Ribbon Tab,11. Objects Reference Help
6,Highlight Empty Cells,6824,6824,List Ribbon Tab,11. Objects Reference Help
6,Open Object [list ribbon],6825,6825,List Ribbon Tab,11. Objects Reference Help
5,Context Menu of Embedded Lists,6825,6843,Window of Lists and Tables,11. Objects Reference Help
6,Context Menu of Embedded Lists,6825,6826,Context Menu of Embedded Lists,11. Objects Reference Help
6,Open Object [embedded objects],6827,6827,Context Menu of Embedded Lists,11. Objects Reference Help
6,Select Object [embedded lists],6828,6828,Context Menu of Embedded Lists,11. Objects Reference Help
6,"Cut [cell, column, row]",6829,6829,Context Menu of Embedded Lists,11. Objects Reference Help
6,"Copy [cell, column, row]",6830,6830,Context Menu of Embedded Lists,11. Objects Reference Help
6,Paste [embedded objects],6831,6831,Context Menu of Embedded Lists,11. Objects Reference Help
6,"Delete [cell, column, row]",6832,6832,Context Menu of Embedded Lists,11. Objects Reference Help
6,Select All [embedded lists],6833,6833,Context Menu of Embedded Lists,11. Objects Reference Help
6,Delete Row,6834,6834,Context Menu of Embedded Lists,11. Objects Reference Help
6,Insert Row [embedded objects],6835,6835,Context Menu of Embedded Lists,11. Objects Reference Help
6,Append Row [embedded objects],6836,6836,Context Menu of Embedded Lists,11. Objects Reference Help
6,"Sort Ascending [context menu, embedded objects]",6837,6837,Context Menu of Embedded Lists,11. Objects Reference Help
6,"Sort Descending [context menu, embedded objects]",6838,6838,Context Menu of Embedded Lists,11. Objects Reference Help
6,Show Comment [embedded objects],6839,6839,Context Menu of Embedded Lists,11. Objects Reference Help
6,Import [embedded objects],6840,6841,Context Menu of Embedded Lists,11. Objects Reference Help
6,Export [embedded objects],6842,6843,Context Menu of Embedded Lists,11. Objects Reference Help
5,Context Menu of the Contents of List Objects,6844,6863,Window of Lists and Tables,11. Objects Reference Help
6,Context Menu of the Contents of List Objects,6844,6845,Context Menu of the Contents of List Objects,11. Objects Reference Help
6,"Open Location [context menu, lists]",6846,6846,Context Menu of the Contents of List Objects,11. Objects Reference Help
6,"Open Origin [context menu, lists]",6847,6847,Context Menu of the Contents of List Objects,11. Objects Reference Help
6,"Open Class [context menu, lists]",6848,6848,Context Menu of the Contents of List Objects,11. Objects Reference Help
6,"Cut [context menu, lists]",6849,6849,Context Menu of the Contents of List Objects,11. Objects Reference Help
6,"Copy [context menu, lists]",6850,6850,Context Menu of the Contents of List Objects,11. Objects Reference Help
6,"Paste [context menu, lists]",6851,6851,Context Menu of the Contents of List Objects,11. Objects Reference Help
6,"Delete [context menu, lists]",6852,6852,Context Menu of the Contents of List Objects,11. Objects Reference Help
6,"Select All [context menu, lists]",6853,6853,Context Menu of the Contents of List Objects,11. Objects Reference Help
6,"Open Object [context menu, lists]",6854,6854,Context Menu of the Contents of List Objects,11. Objects Reference Help
6,"Show Object [context menu, DataTable]",6855,6855,Context Menu of the Contents of List Objects,11. Objects Reference Help
6,"Insert Row [context menu, lists]",6856,6856,Context Menu of the Contents of List Objects,11. Objects Reference Help
6,"Remove Row [context menu, lists]",6857,6857,Context Menu of the Contents of List Objects,11. Objects Reference Help
6,"Insert Column [context menu, lists]",6858,6858,Context Menu of the Contents of List Objects,11. Objects Reference Help
6,"Remove Column [context menu, lists]",6859,6859,Context Menu of the Contents of List Objects,11. Objects Reference Help
6,"Insert [context menu, lists]",6860,6860,Context Menu of the Contents of List Objects,11. Objects Reference Help
6,"Format [context menu, lists]",6861,6861,Context Menu of the Contents of List Objects,11. Objects Reference Help
6,"Find [context menu, lists]",6862,6862,Context Menu of the Contents of List Objects,11. Objects Reference Help
6,"Sort Ascending [context menu, lists]",6863,6863,Context Menu of the Contents of List Objects,11. Objects Reference Help
6,"Sort Descending [context menu, lists]",6864,6864,Context Menu of the Contents of List Objects,11. Objects Reference Help
4,Accessing a Range of Cells with a Method,6864,6874,Properties of Lists and Tables,11. Objects Reference Help
5,Accessing a Range of Cells with a Method,6864,6864,Accessing a Range of Cells with a Method,11. Objects Reference Help
5,Ranges in Lists with One Column,6864,6867,Accessing a Range of Cells with a Method,11. Objects Reference Help
6,Cell Ranges in Lists with One Column,6864,6865,Ranges in Lists with One Column,11. Objects Reference Help
6,Specify the Identifier of a Cell [one column],6866,6866,Ranges in Lists with One Column,11. Objects Reference Help
6,Specifying a Range of Cells [one column],6867,6867,Ranges in Lists with One Column,11. Objects Reference Help
6,Address a User-defined Index [one column],6868,6868,Ranges in Lists with One Column,11. Objects Reference Help
5,Cell Ranges in Tables with Several Columns,6868,6874,Accessing a Range of Cells with a Method,11. Objects Reference Help
6,Cell Ranges in Tables with Several Columns,6868,6868,Cell Ranges in Tables with Several Columns,11. Objects Reference Help
6,Specify the Identifier of a Cell [several columns],6869,6869,Cell Ranges in Tables with Several Columns,11. Objects Reference Help
6,Specifying a Range of Cells [several columns],6870,6873,Cell Ranges in Tables with Several Columns,11. Objects Reference Help
6,Address a User-defined Index [several columns],6874,6874,Cell Ranges in Tables with Several Columns,11. Objects Reference Help
5,Drag-and-Drop in Lists and Tables,6875,6875,Accessing a Range of Cells with a Method,11. Objects Reference Help
4,Creating Lists within Lists and Tables,6875,6887,Properties of Lists and Tables,11. Objects Reference Help
5,Creating Lists within Lists and Tables,6875,6875,Creating Lists within Lists and Tables,11. Objects Reference Help
5,Creating a List within a DataQueue or DataStack,6876,6877,Creating Lists within Lists and Tables,11. Objects Reference Help
6,Creating a List within a DataQueue or DataStack,6876,6876,Creating a List within a DataQueue or DataStack,11. Objects Reference Help
6,Assign a DataList to a DataQueue or a DataStack in a Method,6877,6877,Creating a List within a DataQueue or DataStack,11. Objects Reference Help
5,Creating a List within a DataList,6878,6881,Creating Lists within Lists and Tables,11. Objects Reference Help
6,Creating a List within a DataList,6878,6878,Creating a List within a DataList,11. Objects Reference Help
6,Insert a List into a DataList from a Frame,6879,6880,Creating a List within a DataList,11. Objects Reference Help
6,Assign a List to a DataList in a Method,6881,6881,Creating a List within a DataList,11. Objects Reference Help
5,Creating a List within a DataTable,6882,6886,Creating Lists within Lists and Tables,11. Objects Reference Help
6,Creating a List within a DataTable,6882,6882,Creating a List within a DataTable,11. Objects Reference Help
6,Insert a List into a DataTable from a Frame,6883,6884,Creating a List within a DataTable,11. Objects Reference Help
6,Assign a List to a DataTable in a Method,6885,6886,Creating a List within a DataTable,11. Objects Reference Help
5,Accessing the Name of a Sublist with a Method,6887,6887,Creating Lists within Lists and Tables,11. Objects Reference Help
4,Methods of Lists and Tables,6888,6991,Properties of Lists and Tables,11. Objects Reference Help
5,Methods of Lists and Tables,6888,6889,Methods of Lists and Tables,11. Objects Reference Help
5,Methods for Accessing Lists and Tables,6890,6907,Methods of Lists and Tables,11. Objects Reference Help
6,_Methods for Accessing Lists and Tables,6890,6891,Methods for Accessing Lists and Tables,11. Objects Reference Help
6,closeDialog [SimTalk] - lists,6892,6892,Methods for Accessing Lists and Tables,11. Objects Reference Help
6,copy [SimTalk] - lists,6893,6894,Methods for Accessing Lists and Tables,11. Objects Reference Help
6,countMatches [SimTalk],6895,6895,Methods for Accessing Lists and Tables,11. Objects Reference Help
6,delete [SimTalk] - lists,6896,6897,Methods for Accessing Lists and Tables,11. Objects Reference Help
6,insert [SimTalk] - lists,6898,6898,Methods for Accessing Lists and Tables,11. Objects Reference Help
6,insertList [SimTalk],6899,6900,Methods for Accessing Lists and Tables,11. Objects Reference Help
6,intersection [SimTalk],6901,6902,Methods for Accessing Lists and Tables,11. Objects Reference Help
6,openDialog [SimTalk] - lists,6903,6903,Methods for Accessing Lists and Tables,11. Objects Reference Help
6,openDialogBox [SimTalk],6904,6905,Methods for Accessing Lists and Tables,11. Objects Reference Help
6,printList [SimTalk],6906,6906,Methods for Accessing Lists and Tables,11. Objects Reference Help
6,refillDialog [SimTalk],6907,6907,Methods for Accessing Lists and Tables,11. Objects Reference Help
6,showPrintDialog [SimTalk] - lists,6908,6908,Methods for Accessing Lists and Tables,11. Objects Reference Help
5,Methods for the Order of Cells within Lists and Tables,6908,6925,Methods of Lists and Tables,11. Objects Reference Help
6,_Methods for the Order of Cells within Lists and Tables,6908,6909,Methods for the Order of Cells within Lists and Tables,11. Objects Reference Help
6,find [SimTalk] - lists,6910,6912,Methods for the Order of Cells within Lists and Tables,11. Objects Reference Help
6,findCeil [SimTalk],6913,6914,Methods for the Order of Cells within Lists and Tables,11. Objects Reference Help
6,findFirst [SimTalk],6915,6917,Methods for the Order of Cells within Lists and Tables,11. Objects Reference Help
6,findFloor [SimTalk],6918,6919,Methods for the Order of Cells within Lists and Tables,11. Objects Reference Help
6,inOrder [SimTalk],6920,6921,Methods for the Order of Cells within Lists and Tables,11. Objects Reference Help
6,setCursor [SimTalk] - lists,6922,6922,Methods for the Order of Cells within Lists and Tables,11. Objects Reference Help
6,sort [SimTalk] - lists,6923,6925,Methods for the Order of Cells within Lists and Tables,11. Objects Reference Help
5,Methods for the Format of Lists and Tables,6926,6949,Methods of Lists and Tables,11. Objects Reference Help
6,_Methods for the Format of Lists and Tables,6926,6927,Methods for the Format of Lists and Tables,11. Objects Reference Help
6,copyContentTo [SimTalk],6928,6928,Methods for the Format of Lists and Tables,11. Objects Reference Help
6,copyFormatTo [SimTalk],6929,6930,Methods for the Format of Lists and Tables,11. Objects Reference Help
6,deleteCellFormat [SimTalk],6931,6931,Methods for the Format of Lists and Tables,11. Objects Reference Help
6,getAlignmentCell [SimTalk],6932,6932,Methods for the Format of Lists and Tables,11. Objects Reference Help
6,getBackgroundColorCell [SimTalk],6933,6933,Methods for the Format of Lists and Tables,11. Objects Reference Help
6,getCommonFormatData [SimTalk] - lists,6934,6934,Methods for the Format of Lists and Tables,11. Objects Reference Help
6,getEditorRightsCell [SimTalk],6935,6935,Methods for the Format of Lists and Tables,11. Objects Reference Help
6,getFontColorCell [SimTalk],6936,6936,Methods for the Format of Lists and Tables,11. Objects Reference Help
6,getFontSizeCell [SimTalk],6937,6937,Methods for the Format of Lists and Tables,11. Objects Reference Help
6,getHTMLCode [SimTalk] - lists,6938,6938,Methods for the Format of Lists and Tables,11. Objects Reference Help
6,isAlignment [SimTalk],6939,6939,Methods for the Format of Lists and Tables,11. Objects Reference Help
6,setAlignmentCells [SimTalk],6940,6941,Methods for the Format of Lists and Tables,11. Objects Reference Help
6,setBackgroundColorCells [SimTalk],6942,6943,Methods for the Format of Lists and Tables,11. Objects Reference Help
6,setCommonFormatData [SimTalk] - lists,6944,6944,Methods for the Format of Lists and Tables,11. Objects Reference Help
6,setEditorRightsCells [SimTalk],6945,6946,Methods for the Format of Lists and Tables,11. Objects Reference Help
6,setFontColorCells [SimTalk],6947,6948,Methods for the Format of Lists and Tables,11. Objects Reference Help
6,setFontSizeCells [SimTalk],6949,6949,Methods for the Format of Lists and Tables,11. Objects Reference Help
5,Methods for Querying Statistics Values of List and Tables,6950,6958,Methods of Lists and Tables,11. Objects Reference Help
6,_Methods for Querying Statistics Values of Lists and Tables,6950,6951,Methods for Querying Statistics Values of List and Tables,11. Objects Reference Help
6,max [SimTalk] - lists,6952,6953,Methods for Querying Statistics Values of List and Tables,11. Objects Reference Help
6,meanValue [SimTalk],6954,6954,Methods for Querying Statistics Values of List and Tables,11. Objects Reference Help
6,min [SimTalk] - lists,6955,6956,Methods for Querying Statistics Values of List and Tables,11. Objects Reference Help
6,standardDeviation [SimTalk],6957,6957,Methods for Querying Statistics Values of List and Tables,11. Objects Reference Help
6,sum [SimTalk] - lists,6958,6958,Methods for Querying Statistics Values of List and Tables,11. Objects Reference Help
5,Methods for Importing and Exporting Data in Text Format,6959,6975,Methods of Lists and Tables,11. Objects Reference Help
6,_Methods for Importing and Exporting Data in Text Format,6959,6959,Methods for Importing and Exporting Data in Text Format,11. Objects Reference Help
6,readExcelFile [SimTalk],6960,6961,Methods for Importing and Exporting Data in Text Format,11. Objects Reference Help
6,readFile [SimTalk] - lists,6962,6963,Methods for Importing and Exporting Data in Text Format,11. Objects Reference Help
6,readXMLFile [SimTalk],6964,6965,Methods for Importing and Exporting Data in Text Format,11. Objects Reference Help
6,readXMLString [SimTalk],6966,6966,Methods for Importing and Exporting Data in Text Format,11. Objects Reference Help
6,writeExcelFile [SimTalk],6967,6968,Methods for Importing and Exporting Data in Text Format,11. Objects Reference Help
6,writeExcelXMLFile [SimTalk],6969,6970,Methods for Importing and Exporting Data in Text Format,11. Objects Reference Help
6,writeFile [SimTalk] - lists,6971,6972,Methods for Importing and Exporting Data in Text Format,11. Objects Reference Help
6,writeObjectFile [SimTalk],6973,6974,Methods for Importing and Exporting Data in Text Format,11. Objects Reference Help
6,writeXMLFile [SimTalk],6975,6975,Methods for Importing and Exporting Data in Text Format,11. Objects Reference Help
5,Methods for Indirectly Accessing Lists and Tables,6976,6989,Methods of Lists and Tables,11. Objects Reference Help
6,_Methods for Indirectly Accessing Lists and Tables,6976,6977,Methods for Indirectly Accessing Lists and Tables,11. Objects Reference Help
6,asObject [SimTalk],6978,6979,Methods for Indirectly Accessing Lists and Tables,11. Objects Reference Help
6,asString [SimTalk] - DataTable,6980,6980,Methods for Indirectly Accessing Lists and Tables,11. Objects Reference Help
6,findAttr [SimTalk],6981,6982,Methods for Indirectly Accessing Lists and Tables,11. Objects Reference Help
6,maxAttr [SimTalk],6983,6984,Methods for Indirectly Accessing Lists and Tables,11. Objects Reference Help
6,meanValueAttr [SimTalk],6985,6985,Methods for Indirectly Accessing Lists and Tables,11. Objects Reference Help
6,minAttr [SimTalk],6986,6987,Methods for Indirectly Accessing Lists and Tables,11. Objects Reference Help
6,standardDeviationAttr [SimTalk],6988,6988,Methods for Indirectly Accessing Lists and Tables,11. Objects Reference Help
6,sumAttr [SimTalk],6989,6989,Methods for Indirectly Accessing Lists and Tables,11. Objects Reference Help
5,Read-only Attributes and Attributes of Cells,6990,6991,Methods of Lists and Tables,11. Objects Reference Help
6,_Read-only Attributes and Attributes of Cells,6990,6990,Read-only Attributes and Attributes of Cells,11. Objects Reference Help
6,Name [SimTalk] - cells,6991,6991,Read-only Attributes and Attributes of Cells,11. Objects Reference Help
6,Void [SimTalk] - cells of lists/tables,6992,6992,Read-only Attributes and Attributes of Cells,11. Objects Reference Help
4,Read-Only Attributes of Lists and Tables,6992,6996,Properties of Lists and Tables,11. Objects Reference Help
5,_Read-Only Attributes of Lists and Tables,6992,6993,Read-Only Attributes of Lists and Tables,11. Objects Reference Help
5,Dim [SimTalk] - lists,6994,6994,Read-Only Attributes of Lists and Tables,11. Objects Reference Help
5,Empty [SimTalk] - lists,6995,6995,Read-Only Attributes of Lists and Tables,11. Objects Reference Help
5,Full [SimTalk] - lists,6996,6996,Read-Only Attributes of Lists and Tables,11. Objects Reference Help
5,Occupied [SimTalk] - lists,6997,6997,Read-Only Attributes of Lists and Tables,11. Objects Reference Help
4,Attributes of Lists and Tables,6997,7033,Properties of Lists and Tables,11. Objects Reference Help
5,Attributes of Lists and Tables,6997,6998,Attributes of Lists and Tables,11. Objects Reference Help
5,Attributes for the Format of Lists and Tables,6999,7009,Attributes of Lists and Tables,11. Objects Reference Help
6,_Attributes for the Format of Lists and Tables,6999,6999,Attributes for the Format of Lists and Tables,11. Objects Reference Help
6,Alignment [SimTalk] - lists,7000,7000,Attributes for the Format of Lists and Tables,11. Objects Reference Help
6,BackgroundColor [SimTalk] - lists,7001,7001,Attributes for the Format of Lists and Tables,11. Objects Reference Help
6,ColumnWidth [SimTalk],7002,7002,Attributes for the Format of Lists and Tables,11. Objects Reference Help
6,DataType [SimTalk] - lists,7003,7004,Attributes for the Format of Lists and Tables,11. Objects Reference Help
6,EditorReadOnly [SimTalk],7005,7005,Attributes for the Format of Lists and Tables,11. Objects Reference Help
6,FontColor [SimTalk],7006,7007,Attributes for the Format of Lists and Tables,11. Objects Reference Help
6,FontSize [SimTalk] - DataTable,7008,7008,Attributes for the Format of Lists and Tables,11. Objects Reference Help
6,FormatString [SimTalk] - lists,7009,7009,Attributes for the Format of Lists and Tables,11. Objects Reference Help
6,InfoflowReadOnly [SimTalk],7010,7010,Attributes for the Format of Lists and Tables,11. Objects Reference Help
5,Attributes for the Text Format of Lists and Tables,7010,7014,Attributes of Lists and Tables,11. Objects Reference Help
6,_Attributes for the Text Format of Lists and Tables,7010,7011,Attributes for the Text Format of Lists and Tables,11. Objects Reference Help
6,ColumnSeparator [SimTalk],7012,7012,Attributes for the Text Format of Lists and Tables,11. Objects Reference Help
6,DecimalSeparator [SimTalk],7013,7013,Attributes for the Text Format of Lists and Tables,11. Objects Reference Help
6,TimeFormat [SimTalk],7014,7014,Attributes for the Text Format of Lists and Tables,11. Objects Reference Help
5,Attributes for Printing Lists and Tables,7015,7021,Attributes of Lists and Tables,11. Objects Reference Help
6,_Attributes for Printing Lists and Tables,7015,7015,Attributes for Printing Lists and Tables,11. Objects Reference Help
6,GenerateColumnWidth [SimTalk],7016,7016,Attributes for Printing Lists and Tables,11. Objects Reference Help
6,PrintColumnNumber [SimTalk],7017,7017,Attributes for Printing Lists and Tables,11. Objects Reference Help
6,PrintDataType [SimTalk],7018,7018,Attributes for Printing Lists and Tables,11. Objects Reference Help
6,PrintInternalLists [SimTalk],7019,7019,Attributes for Printing Lists and Tables,11. Objects Reference Help
6,PrintRowNumber [SimTalk],7020,7020,Attributes for Printing Lists and Tables,11. Objects Reference Help
6,RepeatColumnIndex [SimTalk],7021,7021,Attributes for Printing Lists and Tables,11. Objects Reference Help
6,RepeatRowIndex [SimTalk],7022,7022,Attributes for Printing Lists and Tables,11. Objects Reference Help
5,Attributes for Showing Settings of Lists and Tables,7022,7025,Attributes of Lists and Tables,11. Objects Reference Help
6,_Attributes for Showing Settings of Lists and Tables,7022,7023,Attributes for Showing Settings of Lists and Tables,11. Objects Reference Help
6,ShowComment [SimTalk] - lists,7024,7024,Attributes for Showing Settings of Lists and Tables,11. Objects Reference Help
6,ShowDataType [SimTalk] - lists,7025,7025,Attributes for Showing Settings of Lists and Tables,11. Objects Reference Help
6,ShowVoid [SimTalk],7026,7026,Attributes for Showing Settings of Lists and Tables,11. Objects Reference Help
5,Miscellaneous Attributes of Lists and Tables,7026,7033,Attributes of Lists and Tables,11. Objects Reference Help
6,_Miscellaneous Attributes of Lists and Tables,7026,7027,Miscellaneous Attributes of Lists and Tables,11. Objects Reference Help
6,Comment [SimTalk] - lists,7028,7028,Miscellaneous Attributes of Lists and Tables,11. Objects Reference Help
6,Cursor [SimTalk],7029,7030,Miscellaneous Attributes of Lists and Tables,11. Objects Reference Help
6,InheritComment [SimTalk],7031,7031,Miscellaneous Attributes of Lists and Tables,11. Objects Reference Help
6,InheritContents [SimTalk],7032,7032,Miscellaneous Attributes of Lists and Tables,11. Objects Reference Help
6,InheritFormat [SimTalk],7033,7033,Miscellaneous Attributes of Lists and Tables,11. Objects Reference Help
6,MaxDim [SimTalk],7034,7034,Miscellaneous Attributes of Lists and Tables,11. Objects Reference Help
3,DataTable,7034,7149,Information Flow Objects,11. Objects Reference Help
4,DataTable [object],7034,7036,DataTable,11. Objects Reference Help
4,Window of the DataTable,7037,7037,DataTable,11. Objects Reference Help
4,Methods of the DataTable,7038,7117,DataTable,11. Objects Reference Help
5,Methods of the DataTable,7038,7039,Methods of the DataTable,11. Objects Reference Help
5,Methods of Columns of the DataTable,7040,7072,Methods of the DataTable,11. Objects Reference Help
6,_Methods of Columns of the DataTable,7040,7041,Methods of Columns of the DataTable,11. Objects Reference Help
6,cutColumn [SimTalk],7042,7042,Methods of Columns of the DataTable,11. Objects Reference Help
6,getAlignmentColumn [SimTalk] - DataTable,7043,7043,Methods of Columns of the DataTable,11. Objects Reference Help
6,getBackgroundColorColumn [SimTalk] - DataTable,7044,7044,Methods of Columns of the DataTable,11. Objects Reference Help
6,getColumnNo [SimTalk],7045,7046,Methods of Columns of the DataTable,11. Objects Reference Help
6,getColumnUniqueValues [SimTalk],7047,7047,Methods of Columns of the DataTable,11. Objects Reference Help
6,getColumnWidth [SimTalk] - DataTable,7048,7048,Methods of Columns of the DataTable,11. Objects Reference Help
6,getColumnYDim [SimTalk],7049,7049,Methods of Columns of the DataTable,11. Objects Reference Help
6,getCommonFormat [SimTalk],7049,7050,Methods of Columns of the DataTable,11. Objects Reference Help
6,getDataType [SimTalk],7051,7051,Methods of Columns of the DataTable,11. Objects Reference Help
6,getEditorRightsColumn [SimTalk] - DataTable,7052,7052,Methods of Columns of the DataTable,11. Objects Reference Help
6,getFontColorColumn [SimTalk] - DataTable,7053,7053,Methods of Columns of the DataTable,11. Objects Reference Help
6,getFontSizeColumn [SimTalk] - DataTable,7054,7054,Methods of Columns of the DataTable,11. Objects Reference Help
6,getFormatString [SimTalk] - DataTable,7055,7055,Methods of Columns of the DataTable,11. Objects Reference Help
6,getVisibility [SimTalk] - DataTable,7056,7056,Methods of Columns of the DataTable,11. Objects Reference Help
6,insertColumn [SimTalk],7057,7058,Methods of Columns of the DataTable,11. Objects Reference Help
6,isAlignmentColumn [SimTalk] - DataTable,7059,7059,Methods of Columns of the DataTable,11. Objects Reference Help
6,setAlignmentColumn [SimTalk] - DataTable,7060,7060,Methods of Columns of the DataTable,11. Objects Reference Help
6,setBackgroundColorColumn [SimTalk] - DataTable,7061,7062,Methods of Columns of the DataTable,11. Objects Reference Help
6,setColumnWidth [SimTalk] - DataTable,7063,7063,Methods of Columns of the DataTable,11. Objects Reference Help
6,setCommonFormat [SimTalk],7064,7065,Methods of Columns of the DataTable,11. Objects Reference Help
6,setDataType [SimTalk],7066,7067,Methods of Columns of the DataTable,11. Objects Reference Help
6,setDataTypeDefault [SimTalk],7068,7068,Methods of Columns of the DataTable,11. Objects Reference Help
6,setEditorRightsColumn [SimTalk] - DataTable,7069,7069,Methods of Columns of the DataTable,11. Objects Reference Help
6,setFontColorColumn [SimTalk] - DataTable,7070,7070,Methods of Columns of the DataTable,11. Objects Reference Help
6,setFontsizeColumn [SimTalk] - DataTable,7071,7071,Methods of Columns of the DataTable,11. Objects Reference Help
6,setFormatString [SimTalk] - DataTable,7072,7072,Methods of Columns of the DataTable,11. Objects Reference Help
6,setVisibility [SimTalk] - DataTable,7073,7073,Methods of Columns of the DataTable,11. Objects Reference Help
5,Methods of Rows of the DataTable,7073,7090,Methods of the DataTable,11. Objects Reference Help
6,_Methods of Rows of the DataTable,7073,7074,Methods of Rows of the DataTable,11. Objects Reference Help
6,appendRow [SimTalk],7075,7075,Methods of Rows of the DataTable,11. Objects Reference Help
6,cutEmptyRows [SimTalk],7076,7076,Methods of Rows of the DataTable,11. Objects Reference Help
6,cutRow [SimTalk] - DataTable,7077,7077,Methods of Rows of the DataTable,11. Objects Reference Help
6,getAlignmentRow [SimTalk] - DataTable,7078,7078,Methods of Rows of the DataTable,11. Objects Reference Help
6,getBackgroundColorRow [SimTalk] - DataTable,7079,7079,Methods of Rows of the DataTable,11. Objects Reference Help
6,getEditorRightsRow [SimTalk] - DataTable,7080,7080,Methods of Rows of the DataTable,11. Objects Reference Help
6,getFontColorRow [SimTalk] - DataTable,7081,7081,Methods of Rows of the DataTable,11. Objects Reference Help
6,getFontSizeRow [SimTalk] - DataTable,7082,7082,Methods of Rows of the DataTable,11. Objects Reference Help
6,getRowNo [SimTalk],7083,7083,Methods of Rows of the DataTable,11. Objects Reference Help
6,insertRow [SimTalk],7084,7084,Methods of Rows of the DataTable,11. Objects Reference Help
6,isAlignmentRow [SimTalk] - DataTable,7085,7085,Methods of Rows of the DataTable,11. Objects Reference Help
6,setAlignmentRow [SimTalk] - DataTable,7086,7086,Methods of Rows of the DataTable,11. Objects Reference Help
6,setBackgroundColorRow [SimTalk] - DataTable,7087,7088,Methods of Rows of the DataTable,11. Objects Reference Help
6,setEditorRightsRow [SimTalk] - DataTable,7089,7089,Methods of Rows of the DataTable,11. Objects Reference Help
6,setFontColorRow [SimTalk] - DataTable,7090,7090,Methods of Rows of the DataTable,11. Objects Reference Help
6,setFontSizeRow [SimTalk] - DataTable,7091,7091,Methods of Rows of the DataTable,11. Objects Reference Help
5,Miscellaneous Methods of the DataTable,7091,7108,Methods of the DataTable,11. Objects Reference Help
6,_Miscellaneous Methods of the DataTable,7091,7092,Miscellaneous Methods of the DataTable,11. Objects Reference Help
6,calculateList [SimTalk],7093,7093,Miscellaneous Methods of the DataTable,11. Objects Reference Help
6,copyFilteredTableTo [SimTalk],7094,7094,Miscellaneous Methods of the DataTable,11. Objects Reference Help
6,copyRangeTo [SimTalk],7095,7096,Miscellaneous Methods of the DataTable,11. Objects Reference Help
6,determineRange [SimTalk] - DataTable,7097,7098,Miscellaneous Methods of the DataTable,11. Objects Reference Help
6,getCommonFormatData [SimTalk] - DataTable,7099,7099,Miscellaneous Methods of the DataTable,11. Objects Reference Help
6,getFormula [SimTalk],7100,7100,Miscellaneous Methods of the DataTable,11. Objects Reference Help
6,initialize [SimTalk],7101,7101,Miscellaneous Methods of the DataTable,11. Objects Reference Help
6,mergeTable [SimTalk],7102,7103,Miscellaneous Methods of the DataTable,11. Objects Reference Help
6,setCommonFormatData [SimTalk] - DataTable,7104,7105,Miscellaneous Methods of the DataTable,11. Objects Reference Help
6,setCursor [SimTalk] - DataTable,7106,7107,Miscellaneous Methods of the DataTable,11. Objects Reference Help
6,setFormula [SimTalk],7108,7108,Miscellaneous Methods of the DataTable,11. Objects Reference Help
5,Methods for Accessing the DataTable,7109,7114,Methods of the DataTable,11. Objects Reference Help
6,_Methods for Accessing the DataTable,7109,7109,Methods for Accessing the DataTable,11. Objects Reference Help
6,"[ , ] [SimTalk] - read cell contents, DataTable",7110,7111,Methods for Accessing the DataTable,11. Objects Reference Help
6,"[ , ] [SimTalk] - write cell contents, DataTable",7112,7112,Methods for Accessing the DataTable,11. Objects Reference Help
6,deleteContents [SimTalk],7113,7113,Methods for Accessing the DataTable,11. Objects Reference Help
6,writeRow [SimTalk],7114,7114,Methods for Accessing the DataTable,11. Objects Reference Help
5,Methods for Instantiating the DataTable,7115,7117,Methods of the DataTable,11. Objects Reference Help
6,_Methods for Instantiating the DataTable,7115,7115,Methods for Instantiating the DataTable,11. Objects Reference Help
6,create [SimTalk] - DataTable,7116,7116,Methods for Instantiating the DataTable,11. Objects Reference Help
6,createNestedList [SimTalk] - DataTable,7117,7117,Methods for Instantiating the DataTable,11. Objects Reference Help
4,Read-Only Attributes of the DataTable,7118,7121,DataTable,11. Objects Reference Help
5,_Read-Only Attributes of the DataTable,7118,7118,Read-Only Attributes of the DataTable,11. Objects Reference Help
5,XDim [SimTalk] - DataTable,7119,7119,Read-Only Attributes of the DataTable,11. Objects Reference Help
5,XDimIndex [SimTalk],7120,7120,Read-Only Attributes of the DataTable,11. Objects Reference Help
5,YDim [SimTalk] - DataTable,7121,7121,Read-Only Attributes of the DataTable,11. Objects Reference Help
5,YDimIndex [SimTalk],7122,7122,Read-Only Attributes of the DataTable,11. Objects Reference Help
4,Attributes of the DataTable,7122,7149,DataTable,11. Objects Reference Help
5,_Attributes of the DataTable,7122,7123,Attributes of the DataTable,11. Objects Reference Help
5,Alignment [SimTalk] - DataTable,7124,7124,Attributes of the DataTable,11. Objects Reference Help
5,Changed [SimTalk],7125,7125,Attributes of the DataTable,11. Objects Reference Help
5,ColumnIndex [SimTalk],7126,7126,Attributes of the DataTable,11. Objects Reference Help
5,ColumnIndexContents [SimTalk],7127,7127,Attributes of the DataTable,11. Objects Reference Help
5,CommonFormatColumnIndex [SimTalk],7128,7129,Attributes of the DataTable,11. Objects Reference Help
5,CursorX [SimTalk],7130,7131,Attributes of the DataTable,11. Objects Reference Help
5,CursorY [SimTalk],7132,7133,Attributes of the DataTable,11. Objects Reference Help
5,DataType [SimTalk] - DataTable,7134,7135,Attributes of the DataTable,11. Objects Reference Help
5,DataTypeColumnIndex [SimTalk],7136,7137,Attributes of the DataTable,11. Objects Reference Help
5,FastAccessColumnIndex [SimTalk],7138,7138,Attributes of the DataTable,11. Objects Reference Help
5,FastAccessRowIndex [SimTalk],7139,7139,Attributes of the DataTable,11. Objects Reference Help
5,FormatString [SimTalk] - DataTable,7140,7140,Attributes of the DataTable,11. Objects Reference Help
5,FormatStringColumnIndex [SimTalk],7141,7141,Attributes of the DataTable,11. Objects Reference Help
5,FormatStringRowIndex [SimTalk],7142,7142,Attributes of the DataTable,11. Objects Reference Help
5,MaxXDim [SimTalk],7143,7143,Attributes of the DataTable,11. Objects Reference Help
5,MaxYDim [SimTalk],7144,7144,Attributes of the DataTable,11. Objects Reference Help
5,Name [SimTalk] - DataTable,7145,7145,Attributes of the DataTable,11. Objects Reference Help
5,RowIndex [SimTalk],7146,7146,Attributes of the DataTable,11. Objects Reference Help
5,ShowColumnIndex [SimTalk] - DataTable,7147,7147,Attributes of the DataTable,11. Objects Reference Help
5,ShowRowIndex [SimTalk] - DataTable,7148,7148,Attributes of the DataTable,11. Objects Reference Help
5,UniqueKeyColumnIndex [SimTalk],7149,7149,Attributes of the DataTable,11. Objects Reference Help
5,UniqueKeyRowIndex [SimTalk],7150,7150,Attributes of the DataTable,11. Objects Reference Help
3,DataList,7150,7166,Information Flow Objects,11. Objects Reference Help
4,DataList,7150,7152,DataList,11. Objects Reference Help
4,Window of the DataList,7153,7153,DataList,11. Objects Reference Help
4,Methods of the DataList,7154,7164,DataList,11. Objects Reference Help
5,_Methods of the DataList,7154,7156,Methods of the DataList,11. Objects Reference Help
5,[row] [SimTalk],7157,7157,Methods of the DataList,11. Objects Reference Help
5,append [SimTalk] - DataList,7158,7158,Methods of the DataList,11. Objects Reference Help
5,appendList [SimTalk],7159,7160,Methods of the DataList,11. Objects Reference Help
5,createNestedList [SimTalk] - DataList,7161,7162,Methods of the DataList,11. Objects Reference Help
5,determineRange [SimTalk] - DataList,7163,7164,Methods of the DataList,11. Objects Reference Help
5,remove [SimTalk] - DataList,7165,7165,Methods of the DataList,11. Objects Reference Help
4,Read-Only Attributes of the DataList,7165,7165,DataList,11. Objects Reference Help
5,Read-Only Attributes of the DataList,7165,7165,Read-Only Attributes of the DataList,11. Objects Reference Help
4,Attributes of the DataList,7166,7166,DataList,11. Objects Reference Help
5,Attributes of the DataList,7166,7166,Attributes of the DataList,11. Objects Reference Help
3,DataStack,7167,7173,Information Flow Objects,11. Objects Reference Help
4,DataStack,7167,7168,DataStack,11. Objects Reference Help
4,Properties of the DataStack,7169,7169,DataStack,11. Objects Reference Help
4,Window of the DataStack,7170,7170,DataStack,11. Objects Reference Help
4,Methods of the DataStack,7170,7171,DataStack,11. Objects Reference Help
5,Methods of the DataStack,7170,7171,Methods of the DataStack,11. Objects Reference Help
4,Read-Only Attributes of DataQueue and DataStack,7172,7172,DataStack,11. Objects Reference Help
5,Read-Only Attributes of DataQueue and DataStack,7172,7172,Read-Only Attributes of DataQueue and DataStack,11. Objects Reference Help
4,Attributes of DataQueue and DataStack,7173,7173,DataStack,11. Objects Reference Help
5,Attributes of DataQueue and DataStack,7173,7173,Attributes of DataQueue and DataStack,11. Objects Reference Help
3,DataQueue,7174,7186,Information Flow Objects,11. Objects Reference Help
4,DataQueue,7174,7175,DataQueue,11. Objects Reference Help
4,Properties of the DataQueue,7176,7176,DataQueue,11. Objects Reference Help
4,Window of the DataQueue,7177,7177,DataQueue,11. Objects Reference Help
4,Methods of DataQueue and DataStack,7177,7184,DataQueue,11. Objects Reference Help
5,_Methods of DataQueue and DataStack,7177,7179,Methods of DataQueue and DataStack,11. Objects Reference Help
5,createNestedList [SimTalk] - DataQueue,7180,7181,Methods of DataQueue and DataStack,11. Objects Reference Help
5,pop [SimTalk] - DataStack,7182,7182,Methods of DataQueue and DataStack,11. Objects Reference Help
5,push [SimTalk] - Stack,7183,7183,Methods of DataQueue and DataStack,11. Objects Reference Help
5,pushList [SimTalk],7184,7184,Methods of DataQueue and DataStack,11. Objects Reference Help
5,top [SimTalk],7185,7185,Methods of DataQueue and DataStack,11. Objects Reference Help
4,Read-Only Attributes of DataQueue and DataStack,7185,7185,DataQueue,11. Objects Reference Help
5,Read-Only Attributes of DataQueue and DataStack,7185,7185,Read-Only Attributes of DataQueue and DataStack,11. Objects Reference Help
4,Attributes of DataQueue and DataStack,7186,7186,DataQueue,11. Objects Reference Help
5,Attributes of DataQueue and DataStack,7186,7186,Attributes of DataQueue and DataStack,11. Objects Reference Help
3,TimeSequence,7187,7265,Information Flow Objects,11. Objects Reference Help
4,TimeSequence,7187,7187,TimeSequence,11. Objects Reference Help
4,Dialog Box of the TimeSequence,7188,7204,TimeSequence,11. Objects Reference Help
5,Dialog Box of the TimeSequence,7188,7189,Dialog Box of the TimeSequence,11. Objects Reference Help
5,File Menu [TimeSequence],7190,7190,Dialog Box of the TimeSequence,11. Objects Reference Help
5,Edit Menu [TimeSequence],7191,7191,Dialog Box of the TimeSequence,11. Objects Reference Help
5,Format Menu [TimeSequence],7192,7192,Dialog Box of the TimeSequence,11. Objects Reference Help
5,Navigate Menu,7193,7193,Dialog Box of the TimeSequence,11. Objects Reference Help
5,View Menu,7194,7194,Dialog Box of the TimeSequence,11. Objects Reference Help
5,Tools Menu,7195,7195,Dialog Box of the TimeSequence,11. Objects Reference Help
5,Help Menu,7196,7196,Dialog Box of the TimeSequence,11. Objects Reference Help
5,Tab Contents,7196,7197,Dialog Box of the TimeSequence,11. Objects Reference Help
6,Tab Contents [TimeSequence],7196,7196,Tab Contents,11. Objects Reference Help
6,Sort [TimeSequence],7197,7197,Tab Contents,11. Objects Reference Help
6,Set Value [TimeSequence],7198,7198,Tab Contents,11. Objects Reference Help
5,Tab Start Values,7198,7200,Dialog Box of the TimeSequence,11. Objects Reference Help
6,Tab Start Values,7198,7198,Tab Start Values,11. Objects Reference Help
6,Time Reference [TimeSequence],7199,7199,Tab Start Values,11. Objects Reference Help
6,Reference Time/Reference Date [TimeSequence],7200,7200,Tab Start Values,11. Objects Reference Help
6,Default Value [TimeSequence],7201,7201,Tab Start Values,11. Objects Reference Help
5,Tab Record,7201,7204,Dialog Box of the TimeSequence,11. Objects Reference Help
6,Tab Record,7201,7201,Tab Record,11. Objects Reference Help
6,Value [TimeSequence],7202,7202,Tab Record,11. Objects Reference Help
6,Mode [drop-down list] - TimeSequence,7203,7203,Tab Record,11. Objects Reference Help
6,Interval [TimeSequence],7204,7204,Tab Record,11. Objects Reference Help
6,Active [check box] - TimeSequence,7205,7205,Tab Record,11. Objects Reference Help
4,Methods of the TimeSequence,7205,7253,TimeSequence,11. Objects Reference Help
5,Methods for Columns of the TimeSequence,7205,7206,Methods of the TimeSequence,11. Objects Reference Help
5,Methods for Columns,7207,7224,Methods of the TimeSequence,11. Objects Reference Help
6,_Methods for Columns,7207,7208,Methods for Columns,11. Objects Reference Help
6,getAlignmentColumn [SimTalk] - TimeSequence,7209,7209,Methods for Columns,11. Objects Reference Help
6,getBackgroundColorColumn [SimTalk] - TimeSequence,7210,7210,Methods for Columns,11. Objects Reference Help
6,getColumnWidth [SimTalk] - TimeSequence,7211,7211,Methods for Columns,11. Objects Reference Help
6,getEditorRightsColumn [SimTalk] - TimeSequence,7212,7212,Methods for Columns,11. Objects Reference Help
6,getFontColorColumn [SimTalk] - TimeSequence,7213,7213,Methods for Columns,11. Objects Reference Help
6,getFontSizeColumn [SimTalk] - TimeSequence,7214,7214,Methods for Columns,11. Objects Reference Help
6,getFormatString [SimTalk] - TimeSequence,7215,7215,Methods for Columns,11. Objects Reference Help
6,getVisibility [SimTalk] - TimeSequence,7216,7216,Methods for Columns,11. Objects Reference Help
6,isAlignmentColumn [SimTalk] - TimeSequence,7217,7217,Methods for Columns,11. Objects Reference Help
6,setAlignmentColumn [SimTalk] - TimeSequence,7218,7218,Methods for Columns,11. Objects Reference Help
6,setBackgroundColorColumn [SimTalk] - TimeSequence,7219,7219,Methods for Columns,11. Objects Reference Help
6,setColumnWidth [SimTalk] - TimeSequence,7220,7220,Methods for Columns,11. Objects Reference Help
6,setEditorRightsColumn [SimTalk] - TimeSequence,7221,7221,Methods for Columns,11. Objects Reference Help
6,setFontColorColumn [SimTalk] - TimeSequence,7222,7222,Methods for Columns,11. Objects Reference Help
6,setFontsizeColumn [SimTalk] - TimeSequence,7223,7223,Methods for Columns,11. Objects Reference Help
6,setFormatString [SimTalk] - TimeSequence,7224,7224,Methods for Columns,11. Objects Reference Help
6,setVisibility [SimTalk] - TimeSequence,7225,7225,Methods for Columns,11. Objects Reference Help
5,Methods for Rows of the TimeSequence,7225,7237,Methods of the TimeSequence,11. Objects Reference Help
6,_Methods for Rows,7225,7226,Methods for Rows of the TimeSequence,11. Objects Reference Help
6,getAlignmentRow [SimTalk] - TimeSequence,7227,7227,Methods for Rows of the TimeSequence,11. Objects Reference Help
6,getBackgroundColorRow [SimTalk] - TimeSequence,7228,7228,Methods for Rows of the TimeSequence,11. Objects Reference Help
6,getEditorRightsRow [SimTalk] - TimeSequence,7229,7229,Methods for Rows of the TimeSequence,11. Objects Reference Help
6,getFontColorRow [SimTalk] - TimeSequence,7230,7230,Methods for Rows of the TimeSequence,11. Objects Reference Help
6,getFontSizeRow [SimTalk] - TimeSequence,7231,7231,Methods for Rows of the TimeSequence,11. Objects Reference Help
6,isAlignmentRow [SimTalk] - TimeSequence,7232,7232,Methods for Rows of the TimeSequence,11. Objects Reference Help
6,setAlignmentRow [SimTalk] - TimeSequence,7233,7233,Methods for Rows of the TimeSequence,11. Objects Reference Help
6,setBackgroundColorRow [SimTalk] - TimeSequence,7234,7235,Methods for Rows of the TimeSequence,11. Objects Reference Help
6,setEditorRightsRow [SimTalk] - TimeSequence,7236,7236,Methods for Rows of the TimeSequence,11. Objects Reference Help
6,setFontColorRow [SimTalk] - TimeSequence,7237,7237,Methods for Rows of the TimeSequence,11. Objects Reference Help
6,setFontSizeRow [SimTalk] - TimeSequence,7238,7238,Methods for Rows of the TimeSequence,11. Objects Reference Help
5,Methods for Accessing the TimeSequence,7238,7253,Methods of the TimeSequence,11. Objects Reference Help
6,_Methods for Accessing the TimeSequence,7238,7239,Methods for Accessing the TimeSequence,11. Objects Reference Help
6,"[ , ] [SimTalk] - read cell contents, TimeSequence",7240,7240,Methods for Accessing the TimeSequence,11. Objects Reference Help
6,"[ , ] [SimTalk] - write cell contents, TimeSequence",7241,7241,Methods for Accessing the TimeSequence,11. Objects Reference Help
6,add [SimTalk],7242,7242,Methods for Accessing the TimeSequence,11. Objects Reference Help
6,and [SimTalk] - operator,7243,7243,Methods for Accessing the TimeSequence,11. Objects Reference Help
6,deleteInterval [SimTalk],7244,7244,Methods for Accessing the TimeSequence,11. Objects Reference Help
6,divide [SimTalk],7245,7245,Methods for Accessing the TimeSequence,11. Objects Reference Help
6,include [SimTalk],7246,7246,Methods for Accessing the TimeSequence,11. Objects Reference Help
6,insert [SimTalk] - TimeSequence,7247,7247,Methods for Accessing the TimeSequence,11. Objects Reference Help
6,multiply [SimTalk],7248,7248,Methods for Accessing the TimeSequence,11. Objects Reference Help
6,not [SimTalk] - TimeSequence,7249,7249,Methods for Accessing the TimeSequence,11. Objects Reference Help
6,or [SimTalk] - operator,7250,7250,Methods for Accessing the TimeSequence,11. Objects Reference Help
6,repeat [SimTalk] - TimeSequence,7251,7251,Methods for Accessing the TimeSequence,11. Objects Reference Help
6,repeatTo [SimTalk],7252,7252,Methods for Accessing the TimeSequence,11. Objects Reference Help
6,subtract [SimTalk],7253,7253,Methods for Accessing the TimeSequence,11. Objects Reference Help
6,value [SimTalk] - TimeSequence,7254,7254,Methods for Accessing the TimeSequence,11. Objects Reference Help
4,Read-Only Attributes of the TimeSequence,7254,7254,TimeSequence,11. Objects Reference Help
5,Read-Only Attributes of the TimeSequence,7254,7254,Read-Only Attributes of the TimeSequence,11. Objects Reference Help
4,Attributes of the TimeSequence,7255,7265,TimeSequence,11. Objects Reference Help
5,_Attributes of the TimeSequence,7255,7256,Attributes of the TimeSequence,11. Objects Reference Help
5,Absolute [SimTalk] - TimeSequence,7257,7257,Attributes of the TimeSequence,11. Objects Reference Help
5,Active [SimTalk] - TimeSequence,7258,7258,Attributes of the TimeSequence,11. Objects Reference Help
5,DefaultValue [SimTalk],7259,7259,Attributes of the TimeSequence,11. Objects Reference Help
5,Path [SimTalk] - TimeSequence,7260,7260,Attributes of the TimeSequence,11. Objects Reference Help
5,ReferenceDate [SimTalk] - TimeSequence,7261,7261,Attributes of the TimeSequence,11. Objects Reference Help
5,ReferenceTime [SimTalk] - TimeSequence,7262,7262,Attributes of the TimeSequence,11. Objects Reference Help
5,Sample [SimTalk],7263,7263,Attributes of the TimeSequence,11. Objects Reference Help
5,ShowColumnIndex [SimTalk] - TimeSequence,7264,7264,Attributes of the TimeSequence,11. Objects Reference Help
5,ShowRowIndex [SimTalk] - TimeSequence,7265,7265,Attributes of the TimeSequence,11. Objects Reference Help
5,SmpPeriod [SimTalk] - TimeSequence,7266,7266,Attributes of the TimeSequence,11. Objects Reference Help
3,Trigger,7266,7307,Information Flow Objects,11. Objects Reference Help
4,Trigger [object],7266,7266,Trigger,11. Objects Reference Help
4,Dialog Box of the Trigger,7267,7287,Trigger,11. Objects Reference Help
5,Dialog Box of the Trigger,7267,7267,Dialog Box of the Trigger,11. Objects Reference Help
5,Tab Period,7268,7274,Dialog Box of the Trigger,11. Objects Reference Help
6,Tab Period,7268,7268,Tab Period,11. Objects Reference Help
6,Active [check box] - Trigger,7269,7269,Tab Period,11. Objects Reference Help
6,Time Reference [Trigger],7270,7270,Tab Period,11. Objects Reference Help
6,Start Time [Trigger],7271,7271,Tab Period,11. Objects Reference Help
6,Start Date [Trigger],7272,7272,Tab Period,11. Objects Reference Help
6,Active Interval,7273,7273,Tab Period,11. Objects Reference Help
6,Repeat Periodically,7274,7274,Tab Period,11. Objects Reference Help
6,Period Length,7275,7275,Tab Period,11. Objects Reference Help
5,Tab Values,7275,7278,Dialog Box of the Trigger,11. Objects Reference Help
6,Tab Values,7275,7275,Tab Values,11. Objects Reference Help
6,Trigger Type,7276,7276,Tab Values,11. Objects Reference Help
6,Values [Trigger],7277,7277,Tab Values,11. Objects Reference Help
6,Combination Table,7278,7278,Tab Values,11. Objects Reference Help
6,Formula [Trigger],7279,7279,Tab Values,11. Objects Reference Help
5,Tab Actions,7279,7281,Dialog Box of the Trigger,11. Objects Reference Help
6,Tab Actions,7279,7279,Tab Actions,11. Objects Reference Help
6,Attributes [Trigger],7280,7280,Tab Actions,11. Objects Reference Help
6,Methods [Trigger],7281,7281,Tab Actions,11. Objects Reference Help
6,Objects [Trigger],7282,7282,Tab Actions,11. Objects Reference Help
5,Tab Representation,7282,7284,Dialog Box of the Trigger,11. Objects Reference Help
6,Tab Representation,7282,7282,Tab Representation,11. Objects Reference Help
6,Value Pattern,7283,7283,Tab Representation,11. Objects Reference Help
6,Time Unit,7284,7284,Tab Representation,11. Objects Reference Help
5,Navigate Menu,7285,7285,Dialog Box of the Trigger,11. Objects Reference Help
5,View Menu,7286,7286,Dialog Box of the Trigger,11. Objects Reference Help
5,Tools Menu,7287,7287,Dialog Box of the Trigger,11. Objects Reference Help
5,Help Menu,7288,7288,Dialog Box of the Trigger,11. Objects Reference Help
4,Methods of the Trigger,7288,7293,Trigger,11. Objects Reference Help
5,_Methods of the Trigger,7288,7289,Methods of the Trigger,11. Objects Reference Help
5,compute [SimTalk],7290,7290,Methods of the Trigger,11. Objects Reference Help
5,deleteTriggeredAttr [SimTalk],7291,7291,Methods of the Trigger,11. Objects Reference Help
5,deleteTriggeredMeth [SimTalk],7292,7292,Methods of the Trigger,11. Objects Reference Help
5,insertTriggeredAttr [SimTalk],7293,7293,Methods of the Trigger,11. Objects Reference Help
5,insertTriggeredMeth [SimTalk],7294,7294,Methods of the Trigger,11. Objects Reference Help
4,Read-Only Attributes of the Trigger,7294,7295,Trigger,11. Objects Reference Help
5,Read-Only Attributes of the Trigger,7294,7295,Read-Only Attributes of the Trigger,11. Objects Reference Help
5,CurrentValue [SimTalk],7296,7296,Read-Only Attributes of the Trigger,11. Objects Reference Help
4,Attributes of the Trigger,7296,7307,Trigger,11. Objects Reference Help
5,_Attributes of the Trigger,7296,7297,Attributes of the Trigger,11. Objects Reference Help
5,Absolute [SimTalk] - Trigger,7298,7298,Attributes of the Trigger,11. Objects Reference Help
5,Active [SimTalk] - Trigger,7299,7299,Attributes of the Trigger,11. Objects Reference Help
5,ActiveInterval [SimTalk],7300,7300,Attributes of the Trigger,11. Objects Reference Help
5,Combination [SimTalk],7301,7301,Attributes of the Trigger,11. Objects Reference Help
5,CombinationTable [SimTalk],7302,7302,Attributes of the Trigger,11. Objects Reference Help
5,Formula [SimTalk],7303,7303,Attributes of the Trigger,11. Objects Reference Help
5,Periodic [SimTalk],7304,7304,Attributes of the Trigger,11. Objects Reference Help
5,PeriodLength [SimTalk],7305,7305,Attributes of the Trigger,11. Objects Reference Help
5,ReferenceDate [SimTalk] - Trigger,7306,7306,Attributes of the Trigger,11. Objects Reference Help
5,ReferenceTime [SimTalk] - Trigger,7307,7307,Attributes of the Trigger,11. Objects Reference Help
5,ValueTable [SimTalk],7308,7308,Attributes of the Trigger,11. Objects Reference Help
3,Generator,7308,7334,Information Flow Objects,11. Objects Reference Help
4,Generator,7308,7308,Generator,11. Objects Reference Help
4,Dialog Box of the Generator,7309,7324,Generator,11. Objects Reference Help
5,Dialog Box of the Generator,7309,7309,Dialog Box of the Generator,11. Objects Reference Help
5,Tab Times,7310,7314,Dialog Box of the Generator,11. Objects Reference Help
6,Tab Times,7310,7310,Tab Times,11. Objects Reference Help
6,Active [check box] - Generator,7311,7311,Tab Times,11. Objects Reference Help
6,Start [text box] - Generator,7312,7312,Tab Times,11. Objects Reference Help
6,Stop [text box] - Generator,7313,7313,Tab Times,11. Objects Reference Help
6,Interval [text box] - Generator,7314,7314,Tab Times,11. Objects Reference Help
6,Duration [text box] - Generator,7315,7315,Tab Times,11. Objects Reference Help
5,Tab Controls,7315,7320,Dialog Box of the Generator,11. Objects Reference Help
6,Tab Controls,7315,7316,Tab Controls,11. Objects Reference Help
6,Interval Control [Generator],7317,7318,Tab Controls,11. Objects Reference Help
6,Duration Control [Generator],7319,7320,Tab Controls,11. Objects Reference Help
5,Tab User-defined,7321,7321,Dialog Box of the Generator,11. Objects Reference Help
5,Navigate Menu,7322,7322,Dialog Box of the Generator,11. Objects Reference Help
5,View Menu,7323,7323,Dialog Box of the Generator,11. Objects Reference Help
5,Tools Menu,7324,7324,Dialog Box of the Generator,11. Objects Reference Help
5,Help Menu,7325,7325,Dialog Box of the Generator,11. Objects Reference Help
4,Methods of the Generator,7325,7325,Generator,11. Objects Reference Help
5,Methods of the Generator,7325,7325,Methods of the Generator,11. Objects Reference Help
4,Read-Only Attributes of the Generator,7326,7326,Generator,11. Objects Reference Help
5,Read-Only Attributes of the Generator,7326,7326,Read-Only Attributes of the Generator,11. Objects Reference Help
4,Attributes of the Generator,7327,7334,Generator,11. Objects Reference Help
5,_Attributes of the Generator,7327,7328,Attributes of the Generator,11. Objects Reference Help
5,Active [SimTalk] - Generator,7329,7329,Attributes of the Generator,11. Objects Reference Help
5,Duration [SimTalk] - Generator,7330,7330,Attributes of the Generator,11. Objects Reference Help
5,DurationCtrl [SimTalk],7331,7331,Attributes of the Generator,11. Objects Reference Help
5,Interval [SimTalk] - Generator,7332,7332,Attributes of the Generator,11. Objects Reference Help
5,IntervalCtrl [SimTalk],7333,7333,Attributes of the Generator,11. Objects Reference Help
5,Start [SimTalk] - Generator,7334,7334,Attributes of the Generator,11. Objects Reference Help
5,Stop [SimTalk] - Generator,7335,7335,Attributes of the Generator,11. Objects Reference Help
3,AttributeExplorer,7335,7385,Information Flow Objects,11. Objects Reference Help
4,AttributeExplorer [object],7335,7336,AttributeExplorer,11. Objects Reference Help
4,Dialog Box of the AttributeExplorer,7337,7369,AttributeExplorer,11. Objects Reference Help
5,Dialog Box of the AttributeExplorer,7337,7338,Dialog Box of the AttributeExplorer,11. Objects Reference Help
5,Show Explorer,7339,7339,Dialog Box of the AttributeExplorer,11. Objects Reference Help
5,Tab Data,7340,7348,Dialog Box of the AttributeExplorer,11. Objects Reference Help
6,Tab Data,7340,7341,Tab Data,11. Objects Reference Help
6,Watch [AttributeExplorer],7342,7342,Tab Data,11. Objects Reference Help
6,Edit [AttributeExplorer],7343,7343,Tab Data,11. Objects Reference Help
6,Read Only [AttributeExplorer],7344,7344,Tab Data,11. Objects Reference Help
6,Show Objects With,7345,7345,Tab Data,11. Objects Reference Help
6,Show Attributes With,7346,7346,Tab Data,11. Objects Reference Help
6,Show Comment [AttributeExplorer],7347,7347,Tab Data,11. Objects Reference Help
6,Comment [AttributeExplorer],7348,7348,Tab Data,11. Objects Reference Help
5,Tab Objects [AttributeExplorer],7349,7350,Dialog Box of the AttributeExplorer,11. Objects Reference Help
5,Tab Attributes [AttributeExplorer],7351,7352,Dialog Box of the AttributeExplorer,11. Objects Reference Help
5,Tab Query,7353,7364,Dialog Box of the AttributeExplorer,11. Objects Reference Help
6,Tab Query,7353,7354,Tab Query,11. Objects Reference Help
6,Parentheses [opening],7355,7355,Tab Query,11. Objects Reference Help
6,Attribute [AttributeExplorer],7356,7356,Tab Query,11. Objects Reference Help
6,Condition [AttributeExplorer],7357,7357,Tab Query,11. Objects Reference Help
6,Value [AttributeExplorer],7358,7358,Tab Query,11. Objects Reference Help
6,Parentheses [closing],7359,7359,Tab Query,11. Objects Reference Help
6,Operator [AttributeExplorer],7360,7360,Tab Query,11. Objects Reference Help
6,Comment [query],7361,7361,Tab Query,11. Objects Reference Help
6,Frame [find attribute in],7362,7362,Tab Query,11. Objects Reference Help
6,Include Subframes [AttributeExplorer],7363,7363,Tab Query,11. Objects Reference Help
6,Include MUs [AttributeExplorer],7364,7364,Tab Query,11. Objects Reference Help
5,Tab User-defined,7365,7365,Dialog Box of the AttributeExplorer,11. Objects Reference Help
5,Navigate Menu,7366,7366,Dialog Box of the AttributeExplorer,11. Objects Reference Help
5,View Menu,7367,7367,Dialog Box of the AttributeExplorer,11. Objects Reference Help
5,Tools Menu,7367,7369,Dialog Box of the AttributeExplorer,11. Objects Reference Help
6,Tools Menu,7367,7367,Tools Menu,11. Objects Reference Help
6,Export [AttributeExplorer],7368,7368,Tools Menu,11. Objects Reference Help
6,Import [AttributeExplorer],7369,7369,Tools Menu,11. Objects Reference Help
5,Help Menu,7370,7370,Dialog Box of the AttributeExplorer,11. Objects Reference Help
4,Methods of the AttributeExplorer,7370,7370,AttributeExplorer,11. Objects Reference Help
5,Methods of the AttributeExplorer,7370,7370,Methods of the AttributeExplorer,11. Objects Reference Help
4,Read-Only Attributes of the AttributeExplorer,7371,7371,AttributeExplorer,11. Objects Reference Help
5,Read-Only Attributes of the AttributeExplorer,7371,7371,Read-Only Attributes of the AttributeExplorer,11. Objects Reference Help
4,Attributes of the AttributeExplorer,7372,7385,AttributeExplorer,11. Objects Reference Help
5,_Attributes of the AttributeExplorer,7372,7373,Attributes of the AttributeExplorer,11. Objects Reference Help
5,AttributeRepresentation [SimTalk],7374,7374,Attributes of the AttributeExplorer,11. Objects Reference Help
5,AttributeTable [SimTalk],7375,7375,Attributes of the AttributeExplorer,11. Objects Reference Help
5,Comment [SimTalk] - AttributeExplorer,7376,7376,Attributes of the AttributeExplorer,11. Objects Reference Help
5,ExplorerTable [SimTalk],7377,7377,Attributes of the AttributeExplorer,11. Objects Reference Help
5,IncludeMUs [SimTalk],7378,7378,Attributes of the AttributeExplorer,11. Objects Reference Help
5,IncludeSubframes [SimTalk],7379,7379,Attributes of the AttributeExplorer,11. Objects Reference Help
5,IsShown [SimTalk] - AttributeExplorer,7380,7380,Attributes of the AttributeExplorer,11. Objects Reference Help
5,Mode [SimTalk] - AttributeExplorer,7381,7381,Attributes of the AttributeExplorer,11. Objects Reference Help
5,ObjectRepresentation [SimTalk],7382,7382,Attributes of the AttributeExplorer,11. Objects Reference Help
5,ObjectTable [SimTalk],7383,7383,Attributes of the AttributeExplorer,11. Objects Reference Help
5,QueryTable [SimTalk],7384,7384,Attributes of the AttributeExplorer,11. Objects Reference Help
5,ShowComment [SimTalk] - AttributeExplorer,7385,7385,Attributes of the AttributeExplorer,11. Objects Reference Help
5,StartNode [SimTalk],7386,7386,Attributes of the AttributeExplorer,11. Objects Reference Help
3,FileLink,7386,7402,Information Flow Objects,11. Objects Reference Help
4,FileLink,7386,7387,FileLink,11. Objects Reference Help
4,Dialog Box of the FileLink,7388,7396,FileLink,11. Objects Reference Help
5,Dialog Box of the FileLink,7388,7388,Dialog Box of the FileLink,11. Objects Reference Help
5,Tab Attributes,7389,7392,Dialog Box of the FileLink,11. Objects Reference Help
6,Tab Attributes,7389,7390,Tab Attributes,11. Objects Reference Help
6,Filename [FileLink],7391,7391,Tab Attributes,11. Objects Reference Help
6,Embed File [check box],7392,7392,Tab Attributes,11. Objects Reference Help
5,Tab User-defined,7393,7393,Dialog Box of the FileLink,11. Objects Reference Help
5,Navigate Menu,7394,7394,Dialog Box of the FileLink,11. Objects Reference Help
5,View Menu,7395,7395,Dialog Box of the FileLink,11. Objects Reference Help
5,Tools Menu,7396,7396,Dialog Box of the FileLink,11. Objects Reference Help
5,Help Menu,7397,7397,Dialog Box of the FileLink,11. Objects Reference Help
4,Methods of the FileLink,7397,7398,FileLink,11. Objects Reference Help
5,Methods of the FileLink,7397,7398,Methods of the FileLink,11. Objects Reference Help
5,openFile [SimTalk],7399,7399,Methods of the FileLink,11. Objects Reference Help
4,Read-Only Attributes of the FileLink,7399,7399,FileLink,11. Objects Reference Help
5,Read-Only Attributes of the FileLink,7399,7399,Read-Only Attributes of the FileLink,11. Objects Reference Help
4,Attributes of the FileLink,7400,7402,FileLink,11. Objects Reference Help
5,_Attributes of the FileLink,7400,7401,Attributes of the FileLink,11. Objects Reference Help
5,Embed [SimTalk],7402,7402,Attributes of the FileLink,11. Objects Reference Help
5,FileName [SimTalk] - FileLink,7403,7403,Attributes of the FileLink,11. Objects Reference Help
3,FileInterface,7403,7432,Information Flow Objects,11. Objects Reference Help
4,FileInterface,7403,7404,FileInterface,11. Objects Reference Help
4,Dialog Box of the FileInterface,7405,7413,FileInterface,11. Objects Reference Help
5,Dialog Box of the FileInterface,7405,7405,Dialog Box of the FileInterface,11. Objects Reference Help
5,Tab Attributes,7406,7409,Dialog Box of the FileInterface,11. Objects Reference Help
6,Tab Attributes,7406,7406,Tab Attributes,11. Objects Reference Help
6,Filename [FileInterface],7407,7407,Tab Attributes,11. Objects Reference Help
6,Encoding [drop-down list],7408,7408,Tab Attributes,11. Objects Reference Help
6,Delete File [FileInterface],7409,7409,Tab Attributes,11. Objects Reference Help
5,Tab User-defined,7410,7410,Dialog Box of the FileInterface,11. Objects Reference Help
5,Navigate Menu,7411,7411,Dialog Box of the FileInterface,11. Objects Reference Help
5,View Menu,7412,7412,Dialog Box of the FileInterface,11. Objects Reference Help
5,Tools Menu,7413,7413,Dialog Box of the FileInterface,11. Objects Reference Help
5,Help Menu,7414,7414,Dialog Box of the FileInterface,11. Objects Reference Help
4,Methods of the FileInterface,7414,7427,FileInterface,11. Objects Reference Help
5,_Methods of the FileInterface,7414,7415,Methods of the FileInterface,11. Objects Reference Help
5,close [SimTalk] - FileInterface,7416,7416,Methods of the FileInterface,11. Objects Reference Help
5,formFeed [SimTalk],7417,7417,Methods of the FileInterface,11. Objects Reference Help
5,goBottom [SimTalk],7418,7418,Methods of the FileInterface,11. Objects Reference Help
5,goToLine [SimTalk],7419,7419,Methods of the FileInterface,11. Objects Reference Help
5,goTop [SimTalk],7420,7420,Methods of the FileInterface,11. Objects Reference Help
5,newLine [SimTalk],7421,7421,Methods of the FileInterface,11. Objects Reference Help
5,open [SimTalk] - FileInterface,7422,7422,Methods of the FileInterface,11. Objects Reference Help
5,read [SimTalk] - FileInterface,7423,7423,Methods of the FileInterface,11. Objects Reference Help
5,readLn [SimTalk],7424,7424,Methods of the FileInterface,11. Objects Reference Help
5,remove [SimTalk] - FileInterface,7425,7425,Methods of the FileInterface,11. Objects Reference Help
5,write [SimTalk] - FileInterface,7426,7426,Methods of the FileInterface,11. Objects Reference Help
5,writeLn [SimTalk],7427,7427,Methods of the FileInterface,11. Objects Reference Help
4,Read-Only Attributes of the FileInterface,7428,7429,FileInterface,11. Objects Reference Help
5,_Read-Only Attributes of the FileInterface,7428,7428,Read-Only Attributes of the FileInterface,11. Objects Reference Help
5,EoF [SimTalk],7429,7429,Read-Only Attributes of the FileInterface,11. Objects Reference Help
5,IsOpen [SimTalk] - FileInterface,7430,7430,Read-Only Attributes of the FileInterface,11. Objects Reference Help
4,Attributes of the FileInterface,7430,7432,FileInterface,11. Objects Reference Help
5,_Attributes of the FileInterface,7430,7431,Attributes of the FileInterface,11. Objects Reference Help
5,Encoding [SimTalk],7432,7432,Attributes of the FileInterface,11. Objects Reference Help
5,FileName [SimTalk] - FileInterface,7433,7433,Attributes of the FileInterface,11. Objects Reference Help
3,XMLInterface,7433,7481,Information Flow Objects,11. Objects Reference Help
4,XMLInterface,7433,7433,XMLInterface,11. Objects Reference Help
4,Dialog Box of the XML Interface,7434,7445,XMLInterface,11. Objects Reference Help
5,Dialog Box of the XMLInterface,7434,7434,Dialog Box of the XML Interface,11. Objects Reference Help
5,Tab Attributes,7435,7441,Dialog Box of the XML Interface,11. Objects Reference Help
6,Tab Attributes,7435,7435,Tab Attributes,11. Objects Reference Help
6,Filename [XMLInterface],7436,7436,Tab Attributes,11. Objects Reference Help
6,Context [text box],7437,7437,Tab Attributes,11. Objects Reference Help
6,Import Method [XML Interface],7438,7440,Tab Attributes,11. Objects Reference Help
6,Delete File [XML Interface],7441,7441,Tab Attributes,11. Objects Reference Help
5,Tab User-defined,7442,7442,Dialog Box of the XML Interface,11. Objects Reference Help
5,Navigate Menu,7443,7443,Dialog Box of the XML Interface,11. Objects Reference Help
5,View Menu,7444,7444,Dialog Box of the XML Interface,11. Objects Reference Help
5,Tools Menu,7445,7445,Dialog Box of the XML Interface,11. Objects Reference Help
5,Help Menu,7446,7446,Dialog Box of the XML Interface,11. Objects Reference Help
4,Methods of the XML Interface,7446,7475,XMLInterface,11. Objects Reference Help
5,_Methods of the XML Interface,7446,7447,Methods of the XML Interface,11. Objects Reference Help
5,addAttribute [SimTalk],7448,7448,Methods of the XML Interface,11. Objects Reference Help
5,close [SimTalk] - XML Interface,7449,7449,Methods of the XML Interface,11. Objects Reference Help
5,closeChildren [SimTalk],7450,7450,Methods of the XML Interface,11. Objects Reference Help
5,deleteNodes [SimTalk],7451,7451,Methods of the XML Interface,11. Objects Reference Help
5,endElement [SimTalk],7452,7452,Methods of the XML Interface,11. Objects Reference Help
5,getAttributeName [SimTalk],7453,7453,Methods of the XML Interface,11. Objects Reference Help
5,getAttributeValue [SimTalk],7454,7454,Methods of the XML Interface,11. Objects Reference Help
5,getContainer [SimTalk],7455,7456,Methods of the XML Interface,11. Objects Reference Help
5,getNextNode [SimTalk],7457,7457,Methods of the XML Interface,11. Objects Reference Help
5,getNodeName [SimTalk],7458,7458,Methods of the XML Interface,11. Objects Reference Help
5,getNodes [SimTalk],7459,7459,Methods of the XML Interface,11. Objects Reference Help
5,getNodeValue [SimTalk],7460,7460,Methods of the XML Interface,11. Objects Reference Help
5,insertNodes [SimTalk],7461,7461,Methods of the XML Interface,11. Objects Reference Help
5,newDocument [SimTalk],7462,7463,Methods of the XML Interface,11. Objects Reference Help
5,openDocument [SimTalk],7464,7464,Methods of the XML Interface,11. Objects Reference Help
5,openRead [SimTalk],7465,7465,Methods of the XML Interface,11. Objects Reference Help
5,openWrite [SimTalk],7466,7466,Methods of the XML Interface,11. Objects Reference Help
5,remove [SimTalk] - XML Interface,7467,7467,Methods of the XML Interface,11. Objects Reference Help
5,selectChildren [SimTalk],7468,7468,Methods of the XML Interface,11. Objects Reference Help
5,selectNodes [SimTalk],7469,7469,Methods of the XML Interface,11. Objects Reference Help
5,setContext [SimTalk],7470,7471,Methods of the XML Interface,11. Objects Reference Help
5,startElement [SimTalk],7472,7472,Methods of the XML Interface,11. Objects Reference Help
5,updateNodes [SimTalk],7473,7473,Methods of the XML Interface,11. Objects Reference Help
5,write [SimTalk] - XML Interface,7474,7474,Methods of the XML Interface,11. Objects Reference Help
5,writeElement [SimTalk],7475,7475,Methods of the XML Interface,11. Objects Reference Help
4,Read-Only Attributes of the XMLInterface,7476,7476,XMLInterface,11. Objects Reference Help
5,Read-Only Attributes of the XMLInterface,7476,7476,Read-Only Attributes of the XMLInterface,11. Objects Reference Help
5,GetNumberAttributes [SimTalk],7477,7477,Read-Only Attributes of the XMLInterface,11. Objects Reference Help
4,Attributes of the XML Interface,7477,7481,XMLInterface,11. Objects Reference Help
5,_Attributes of the XML Interface,7477,7478,Attributes of the XML Interface,11. Objects Reference Help
5,Context [SimTalk],7479,7479,Attributes of the XML Interface,11. Objects Reference Help
5,FileName [SimTalk] - XML Interface,7480,7480,Attributes of the XML Interface,11. Objects Reference Help
5,ImportMethod [SimTalk],7481,7481,Attributes of the XML Interface,11. Objects Reference Help
2,User Interface Objects,7482,8150,11. Objects Reference Help,11. Objects Reference Help
3,Display and User Interface Objects,7482,7483,User Interface Objects,11. Objects Reference Help
3,Comment,7484,7523,User Interface Objects,11. Objects Reference Help
4,Comment [object],7484,7484,Comment,11. Objects Reference Help
4,Dialog Box of the Comment,7485,7511,Comment,11. Objects Reference Help
5,Dialog Box of the Comment,7485,7486,Dialog Box of the Comment,11. Objects Reference Help
5,Name [text box] - Comment,7487,7487,Dialog Box of the Comment,11. Objects Reference Help
5,Tab Comment,7487,7502,Dialog Box of the Comment,11. Objects Reference Help
6,Tab Comment [Comment],7487,7489,Tab Comment,11. Objects Reference Help
6,Formatting Toolbar,7490,7490,Tab Comment,11. Objects Reference Help
6,Inherit Contents [Comment],7491,7491,Tab Comment,11. Objects Reference Help
6,Save the Content in Rich-text Format,7492,7492,Tab Comment,11. Objects Reference Help
6,Context Menu for Formatting the Comment,7492,7502,Tab Comment,11. Objects Reference Help
7,Context Menu for Formatting the Comment,7492,7492,Context Menu for Formatting the Comment,11. Objects Reference Help
7,Undo [Comment],7493,7493,Context Menu for Formatting the Comment,11. Objects Reference Help
7,Font [Comment],7494,7494,Context Menu for Formatting the Comment,11. Objects Reference Help
7,Color [Comment],7495,7495,Context Menu for Formatting the Comment,11. Objects Reference Help
7,Bold [Comment],7496,7496,Context Menu for Formatting the Comment,11. Objects Reference Help
7,Italic [Comment],7497,7497,Context Menu for Formatting the Comment,11. Objects Reference Help
7,Underline,7498,7498,Context Menu for Formatting the Comment,11. Objects Reference Help
7,Align Left,7499,7499,Context Menu for Formatting the Comment,11. Objects Reference Help
7,Center [Comment],7500,7500,Context Menu for Formatting the Comment,11. Objects Reference Help
7,Align Right,7501,7501,Context Menu for Formatting the Comment,11. Objects Reference Help
7,Bullets,7502,7502,Context Menu for Formatting the Comment,11. Objects Reference Help
7,Insert Date or Time,7503,7503,Context Menu for Formatting the Comment,11. Objects Reference Help
5,Tab Display,7503,7508,Dialog Box of the Comment,11. Objects Reference Help
6,Tab Display,7503,7503,Tab Display,11. Objects Reference Help
6,Text [text box] - Comment,7504,7504,Tab Display,11. Objects Reference Help
6,Font Size [drop-down list] - Comment,7505,7505,Tab Display,11. Objects Reference Help
6,Font Color [Comment],7506,7506,Tab Display,11. Objects Reference Help
6,Background Color [drop-down list] - Comment,7507,7507,Tab Display,11. Objects Reference Help
6,Transparent [check box] - Comment,7508,7508,Tab Display,11. Objects Reference Help
5,Navigate Menu,7509,7509,Dialog Box of the Comment,11. Objects Reference Help
5,View Menu,7510,7510,Dialog Box of the Comment,11. Objects Reference Help
5,Tools Menu,7511,7511,Dialog Box of the Comment,11. Objects Reference Help
5,Help Menu,7512,7512,Dialog Box of the Comment,11. Objects Reference Help
4,Methods of the Comment,7512,7514,Comment,11. Objects Reference Help
5,_Methods of the Comment,7512,7513,Methods of the Comment,11. Objects Reference Help
5,appendToContent [SimTalk],7514,7514,Methods of the Comment,11. Objects Reference Help
5,openComment [SimTalk],7515,7515,Methods of the Comment,11. Objects Reference Help
4,Read-Only Attributes of the Comment,7515,7515,Comment,11. Objects Reference Help
5,Read-Only Attributes of the Comment,7515,7515,Read-Only Attributes of the Comment,11. Objects Reference Help
4,Attributes of the Comment,7516,7523,Comment,11. Objects Reference Help
5,_Attributes of the Comment,7516,7517,Attributes of the Comment,11. Objects Reference Help
5,BackgroundColor [SimTalk] - Comment,7518,7518,Attributes of the Comment,11. Objects Reference Help
5,Color [SimTalk] - Comment,7519,7519,Attributes of the Comment,11. Objects Reference Help
5,Cont [SimTalk] - Comment,7520,7520,Attributes of the Comment,11. Objects Reference Help
5,Font [SimTalk] - Comment,7521,7521,Attributes of the Comment,11. Objects Reference Help
5,SaveAsRichedit [SimTalk],7522,7522,Attributes of the Comment,11. Objects Reference Help
5,Text [SimTalk] - Comment,7523,7523,Attributes of the Comment,11. Objects Reference Help
5,Transparent [SimTalk] - Comment,7524,7524,Attributes of the Comment,11. Objects Reference Help
3,Display,7524,7569,User Interface Objects,11. Objects Reference Help
4,Display [object],7524,7525,Display,11. Objects Reference Help
4,Dialog Box of the Display,7526,7546,Display,11. Objects Reference Help
5,Dialog Box of the Display,7526,7527,Dialog Box of the Display,11. Objects Reference Help
5,Active [check box] - Display,7528,7528,Dialog Box of the Display,11. Objects Reference Help
5,Tab Data,7528,7535,Dialog Box of the Display,11. Objects Reference Help
6,Tab Data,7528,7528,Tab Data,11. Objects Reference Help
6,Path [text box] - Display,7529,7529,Tab Data,11. Objects Reference Help
6,Comment [text box] - Display,7530,7530,Tab Data,11. Objects Reference Help
6,Mode [drop-down list] - Display,7531,7531,Tab Data,11. Objects Reference Help
6,Interval [text box] - Display,7532,7532,Tab Data,11. Objects Reference Help
6,Value [Display],7533,7533,Tab Data,11. Objects Reference Help
6,Minimum [Display],7534,7534,Tab Data,11. Objects Reference Help
6,Maximum [Display],7535,7535,Tab Data,11. Objects Reference Help
6,Reset Values [button],7536,7536,Tab Data,11. Objects Reference Help
5,Tab Display,7536,7542,Dialog Box of the Display,11. Objects Reference Help
6,Tab Display,7536,7536,Tab Display,11. Objects Reference Help
6,Type [drop-down list] - Display,7537,7538,Tab Display,11. Objects Reference Help
6,Font Size [drop-down list] - Display,7539,7539,Tab Display,11. Objects Reference Help
6,Decimal Places [text box] - Display,7540,7540,Tab Display,11. Objects Reference Help
6,Color [Display],7541,7541,Tab Display,11. Objects Reference Help
6,Transparent [check box] - Display,7542,7542,Tab Display,11. Objects Reference Help
5,Tab User-defined,7543,7543,Dialog Box of the Display,11. Objects Reference Help
5,Navigate Menu,7544,7544,Dialog Box of the Display,11. Objects Reference Help
5,View Menu,7545,7545,Dialog Box of the Display,11. Objects Reference Help
5,Tools Menu,7546,7546,Dialog Box of the Display,11. Objects Reference Help
5,Help Menu,7547,7547,Dialog Box of the Display,11. Objects Reference Help
4,Methods of the Display,7547,7549,Display,11. Objects Reference Help
5,_Methods of the Display,7547,7548,Methods of the Display,11. Objects Reference Help
5,resetMinMax [SimTalk],7549,7549,Methods of the Display,11. Objects Reference Help
5,update [SimTalk] - Display,7550,7550,Methods of the Display,11. Objects Reference Help
4,Read-Only Attributes of the Display,7550,7554,Display,11. Objects Reference Help
5,_Read-Only Attributes of the Display,7550,7551,Read-Only Attributes of the Display,11. Objects Reference Help
5,GetAverage [SimTalk],7552,7552,Read-Only Attributes of the Display,11. Objects Reference Help
5,GetMaximum [SimTalk],7553,7553,Read-Only Attributes of the Display,11. Objects Reference Help
5,GetMinimum [SimTalk],7554,7554,Read-Only Attributes of the Display,11. Objects Reference Help
5,GetStandardDeviation [SimTalk],7555,7555,Read-Only Attributes of the Display,11. Objects Reference Help
4,Attributes of the Display,7555,7569,Display,11. Objects Reference Help
5,_Attributes of the Display,7555,7556,Attributes of the Display,11. Objects Reference Help
5,Active [SimTalk] - Display,7557,7557,Attributes of the Display,11. Objects Reference Help
5,Color [SimTalk] - Display,7558,7558,Attributes of the Display,11. Objects Reference Help
5,Comment [SimTalk] - Display,7559,7559,Attributes of the Display,11. Objects Reference Help
5,DecimalPlaces [SimTalk] - Display,7560,7560,Attributes of the Display,11. Objects Reference Help
5,DisplayType [SimTalk],7561,7561,Attributes of the Display,11. Objects Reference Help
5,Font [SimTalk] - Display,7562,7562,Attributes of the Display,11. Objects Reference Help
5,MaxVal [SimTalk],7563,7563,Attributes of the Display,11. Objects Reference Help
5,MinVal [SimTalk],7564,7564,Attributes of the Display,11. Objects Reference Help
5,Path [SimTalk] - Display,7565,7565,Attributes of the Display,11. Objects Reference Help
5,Sampler [SimTalk],7566,7566,Attributes of the Display,11. Objects Reference Help
5,SmpPeriod [SimTalk] - Display,7567,7567,Attributes of the Display,11. Objects Reference Help
5,Transparent [SimTalk] - Display,7568,7568,Attributes of the Display,11. Objects Reference Help
5,Value [SimTalk] - Display,7569,7569,Attributes of the Display,11. Objects Reference Help
3,Chart,7570,7743,User Interface Objects,11. Objects Reference Help
4,Chart [object],7570,7573,Chart,11. Objects Reference Help
4,Statistics Wizard [described],7574,7577,Chart,11. Objects Reference Help
4,Drag-and-Drop in the Chart,7578,7578,Chart,11. Objects Reference Help
4,Dialog Box of the Chart,7579,7658,Chart,11. Objects Reference Help
5,Dialog Box of the Chart,7579,7579,Dialog Box of the Chart,11. Objects Reference Help
5,Show Chart [button] - Chart,7580,7581,Dialog Box of the Chart,11. Objects Reference Help
5,Collect Data [check box] - Chart,7582,7582,Dialog Box of the Chart,11. Objects Reference Help
5,Tab Data,7582,7590,Dialog Box of the Chart,11. Objects Reference Help
6,Tab Data,7582,7583,Tab Data,11. Objects Reference Help
6,Data Source [Chart],7584,7588,Tab Data,11. Objects Reference Help
6,Data [Chart],7589,7589,Tab Data,11. Objects Reference Help
6,Mode [drop-down list] - Chart,7590,7590,Tab Data,11. Objects Reference Help
5,Tab Display,7591,7611,Dialog Box of the Chart,11. Objects Reference Help
6,Tab Display,7591,7591,Tab Display,11. Objects Reference Help
6,Chart Category,7592,7597,Tab Display,11. Objects Reference Help
7,Category [drop-down list],7592,7594,Chart Category,11. Objects Reference Help
7,Category - 3D Chart,7595,7596,Chart Category,11. Objects Reference Help
7,Category - 3D Histogram,7597,7597,Chart Category,11. Objects Reference Help
6,Chart Type [drop-down list],7598,7600,Tab Display,11. Objects Reference Help
6,3D Effect,7601,7603,Tab Display,11. Objects Reference Help
6,Graph/table [drop-down list],7604,7605,Tab Display,11. Objects Reference Help
6,Display in Frame,7606,7609,Tab Display,11. Objects Reference Help
7,Display in Frame [check box] - Chart,7606,7606,Display in Frame,11. Objects Reference Help
7,Width [text box] - display in frame,7607,7607,Display in Frame,11. Objects Reference Help
7,Height [text box] - display in frame,7608,7608,Display in Frame,11. Objects Reference Help
7,3D Image Quality [drop-down list],7609,7609,Display in Frame,11. Objects Reference Help
6,Gap When Null [check box],7610,7610,Tab Display,11. Objects Reference Help
6,Accumulated [check box] - Chart,7611,7611,Tab Display,11. Objects Reference Help
6,Step Curve [check box],7612,7612,Tab Display,11. Objects Reference Help
5,Tab Axes,7612,7624,Dialog Box of the Chart,11. Objects Reference Help
6,Tab Axes,7612,7613,Tab Axes,11. Objects Reference Help
6,Grid Lines Y-Axis,7614,7614,Tab Axes,11. Objects Reference Help
6,Grid Lines X-Axis,7615,7615,Tab Axes,11. Objects Reference Help
6,Logarithmic Y-Axis,7616,7616,Tab Axes,11. Objects Reference Help
6,Logarithmic X-Axis,7617,7617,Tab Axes,11. Objects Reference Help
6,Number of Values [text box],7618,7618,Tab Axes,11. Objects Reference Help
6,Scrollbar [check box],7619,7619,Tab Axes,11. Objects Reference Help
6,Feed Rate [text box],7620,7620,Tab Axes,11. Objects Reference Help
6,Step Size [text box],7621,7621,Tab Axes,11. Objects Reference Help
6,Range Y,7622,7623,Tab Axes,11. Objects Reference Help
6,Range X,7624,7624,Tab Axes,11. Objects Reference Help
5,Tab Labels,7625,7635,Dialog Box of the Chart,11. Objects Reference Help
6,Tab Labels [Chart],7625,7626,Tab Labels,11. Objects Reference Help
6,Title [text box] - Chart,7627,7627,Tab Labels,11. Objects Reference Help
6,Subtitle [text box] - Chart,7628,7628,Tab Labels,11. Objects Reference Help
6,X-Axis [text box] - Chart,7629,7629,Tab Labels,11. Objects Reference Help
6,Y-Axis [text box] - Chart,7630,7630,Tab Labels,11. Objects Reference Help
6,Z-Axis [text box] - Chart,7631,7631,Tab Labels,11. Objects Reference Help
6,Legend,7632,7632,Tab Labels,11. Objects Reference Help
6,Annotations [button],7633,7635,Tab Labels,11. Objects Reference Help
5,Tab Color,7636,7645,Dialog Box of the Chart,11. Objects Reference Help
6,Tab Color [Chart],7636,7637,Tab Color,11. Objects Reference Help
6,Color [Chart],7638,7639,Tab Color,11. Objects Reference Help
6,Opacity,7640,7640,Tab Color,11. Objects Reference Help
6,Line Style,7641,7641,Tab Color,11. Objects Reference Help
6,Line Weight,7642,7642,Tab Color,11. Objects Reference Help
6,Marker Type,7643,7643,Tab Color,11. Objects Reference Help
6,Add [color],7644,7644,Tab Color,11. Objects Reference Help
6,Delete [color],7645,7645,Tab Color,11. Objects Reference Help
6,Marker Size,7646,7646,Tab Color,11. Objects Reference Help
5,Tab Font,7646,7651,Dialog Box of the Chart,11. Objects Reference Help
6,Tab Font [Chart],7646,7647,Tab Font,11. Objects Reference Help
6,Labels [Chart],7648,7648,Tab Font,11. Objects Reference Help
6,Title [font] - Chart,7649,7649,Tab Font,11. Objects Reference Help
6,Subtitle [font] - Chart,7650,7650,Tab Font,11. Objects Reference Help
6,Table [font] - Chart,7651,7651,Tab Font,11. Objects Reference Help
5,Tab User-defined,7652,7652,Dialog Box of the Chart,11. Objects Reference Help
5,Navigate Menu,7653,7653,Dialog Box of the Chart,11. Objects Reference Help
5,View Menu,7654,7654,Dialog Box of the Chart,11. Objects Reference Help
5,Tools Menu,7654,7658,Dialog Box of the Chart,11. Objects Reference Help
6,Tools Menu,7654,7654,Tools Menu,11. Objects Reference Help
6,Use Metric Prefix [command],7655,7655,Tools Menu,11. Objects Reference Help
6,Reset Values [command],7656,7656,Tools Menu,11. Objects Reference Help
6,Print [Chart],7657,7657,Tools Menu,11. Objects Reference Help
6,Copy to Clipboard,7658,7658,Tools Menu,11. Objects Reference Help
5,Help Menu,7659,7659,Dialog Box of the Chart,11. Objects Reference Help
4,Methods of the Chart,7659,7686,Chart,11. Objects Reference Help
5,_Methods of the Chart,7659,7660,Methods of the Chart,11. Objects Reference Help
5,addObject [SimTalk] - Chart,7661,7661,Methods of the Chart,11. Objects Reference Help
5,copyBitmapToClipboard [SimTalk] - Chart,7662,7662,Methods of the Chart,11. Objects Reference Help
5,copyBitmapToFile [SimTalk] - Chart,7663,7663,Methods of the Chart,11. Objects Reference Help
5,copyBitmapToIcon [SimTalk],7664,7664,Methods of the Chart,11. Objects Reference Help
5,getAnnotations [SimTalk],7665,7665,Methods of the Chart,11. Objects Reference Help
5,getColor [SimTalk],7666,7667,Methods of the Chart,11. Objects Reference Help
5,getHTMLCode [SimTalk] - Chart,7668,7668,Methods of the Chart,11. Objects Reference Help
5,getLineStyle [SimTalk],7669,7670,Methods of the Chart,11. Objects Reference Help
5,printChart [SimTalk],7671,7671,Methods of the Chart,11. Objects Reference Help
5,putValuesIntoTable [SimTalk] - Chart,7672,7672,Methods of the Chart,11. Objects Reference Help
5,resetValues [SimTalk],7673,7673,Methods of the Chart,11. Objects Reference Help
5,setAnnotations [SimTalk],7674,7679,Methods of the Chart,11. Objects Reference Help
5,setColor [SimTalk],7680,7681,Methods of the Chart,11. Objects Reference Help
5,setLineStyle [SimTalk],7682,7684,Methods of the Chart,11. Objects Reference Help
5,setWindowPosition [SimTalk] - Chart,7685,7685,Methods of the Chart,11. Objects Reference Help
5,showPrintDialog [SimTalk] - Chart,7686,7686,Methods of the Chart,11. Objects Reference Help
5,update [SimTalk] - Chart,7687,7687,Methods of the Chart,11. Objects Reference Help
4,Read-Only Attributes of the Chart,7687,7687,Chart,11. Objects Reference Help
5,Read-Only Attributes of the Chart,7687,7687,Read-Only Attributes of the Chart,11. Objects Reference Help
4,Attributes of the Chart,7688,7743,Chart,11. Objects Reference Help
5,_Attributes of the Chart,7688,7689,Attributes of the Chart,11. Objects Reference Help
5,Accumulated [SimTalk],7690,7690,Attributes of the Chart,11. Objects Reference Help
5,Category [SimTalk],7691,7691,Attributes of the Chart,11. Objects Reference Help
5,ChartType [SimTalk],7692,7692,Attributes of the Chart,11. Objects Reference Help
5,CollectData [SimTalk] - Chart,7693,7693,Attributes of the Chart,11. Objects Reference Help
5,DataInColumn [SimTalk],7694,7694,Attributes of the Chart,11. Objects Reference Help
5,DataRange [SimTalk],7695,7696,Attributes of the Chart,11. Objects Reference Help
5,DataTable [SimTalk] - Chart,7697,7697,Attributes of the Chart,11. Objects Reference Help
5,DisplayInFrame [SimTalk],7698,7698,Attributes of the Chart,11. Objects Reference Help
5,Effect [SimTalk],7699,7699,Attributes of the Chart,11. Objects Reference Help
5,FeedRate [SimTalk],7700,7700,Attributes of the Chart,11. Objects Reference Help
5,FirstInterval [SimTalk],7701,7701,Attributes of the Chart,11. Objects Reference Help
5,GapWhenNull [SimTalk],7702,7702,Attributes of the Chart,11. Objects Reference Help
5,GraphTable [SimTalk],7703,7703,Attributes of the Chart,11. Objects Reference Help
5,Height [SimTalk] - 3D charts,7704,7704,Attributes of the Chart,11. Objects Reference Help
5,ImageQuality3D [SimTalk],7705,7705,Attributes of the Chart,11. Objects Reference Help
5,InputChannels [SimTalk],7706,7706,Attributes of the Chart,11. Objects Reference Help
5,IsShown [SimTalk] - Chart,7707,7707,Attributes of the Chart,11. Objects Reference Help
5,LabelFont [SimTalk],7708,7709,Attributes of the Chart,11. Objects Reference Help
5,LegendLocation [SimTalk],7710,7710,Attributes of the Chart,11. Objects Reference Help
5,Mode [SimTalk] - Chart,7711,7711,Attributes of the Chart,11. Objects Reference Help
5,NullValue [SimTalk],7712,7712,Attributes of the Chart,11. Objects Reference Help
5,NumIntervals [SimTalk],7713,7713,Attributes of the Chart,11. Objects Reference Help
5,NumValues [SimTalk],7714,7714,Attributes of the Chart,11. Objects Reference Help
5,Rotation [SimTalk] - Chart,7715,7715,Attributes of the Chart,11. Objects Reference Help
5,SampleInterval [SimTalk],7716,7716,Attributes of the Chart,11. Objects Reference Help
5,ScrollBar [SimTalk],7717,7717,Attributes of the Chart,11. Objects Reference Help
5,SizeInFrame [SimTalk],7718,7718,Attributes of the Chart,11. Objects Reference Help
5,StepCurve [SimTalk],7719,7719,Attributes of the Chart,11. Objects Reference Help
5,StepSize [SimTalk],7720,7720,Attributes of the Chart,11. Objects Reference Help
5,SubTitle [SimTalk],7721,7721,Attributes of the Chart,11. Objects Reference Help
5,SubtitleFont [SimTalk],7722,7723,Attributes of the Chart,11. Objects Reference Help
5,TableFont [SimTalk],7724,7725,Attributes of the Chart,11. Objects Reference Help
5,Title [SimTalk],7726,7726,Attributes of the Chart,11. Objects Reference Help
5,TitleFont [SimTalk],7727,7728,Attributes of the Chart,11. Objects Reference Help
5,UseInputChannels [SimTalk],7729,7729,Attributes of the Chart,11. Objects Reference Help
5,UseMetricPrefix [SimTalk],7730,7730,Attributes of the Chart,11. Objects Reference Help
5,XGrid [SimTalk],7731,7731,Attributes of the Chart,11. Objects Reference Help
5,XGridlines [SimTalk],7732,7732,Attributes of the Chart,11. Objects Reference Help
5,XLabel [SimTalk],7733,7733,Attributes of the Chart,11. Objects Reference Help
5,XLog [SimTalk],7734,7734,Attributes of the Chart,11. Objects Reference Help
5,XRange [SimTalk],7735,7735,Attributes of the Chart,11. Objects Reference Help
5,XScaleMax [SimTalk],7736,7736,Attributes of the Chart,11. Objects Reference Help
5,XScaleMin [SimTalk],7737,7737,Attributes of the Chart,11. Objects Reference Help
5,YGrid [SimTalk],7738,7738,Attributes of the Chart,11. Objects Reference Help
5,YGridLineInterval [SimTalk],7739,7739,Attributes of the Chart,11. Objects Reference Help
5,YLabel [SimTalk],7740,7740,Attributes of the Chart,11. Objects Reference Help
5,YLog [SimTalk],7741,7741,Attributes of the Chart,11. Objects Reference Help
5,YScaleMax [SimTalk],7742,7742,Attributes of the Chart,11. Objects Reference Help
5,YScaleMin [SimTalk],7743,7743,Attributes of the Chart,11. Objects Reference Help
5,ZLabel [SimTalk],7744,7744,Attributes of the Chart,11. Objects Reference Help
3,GanttChart,7744,7789,User Interface Objects,11. Objects Reference Help
4,GanttChart [object],7744,7745,GanttChart,11. Objects Reference Help
4,Dialog Box of the GanttChart,7746,7767,GanttChart,11. Objects Reference Help
5,Dialog Box of the GanttChart,7746,7747,Dialog Box of the GanttChart,11. Objects Reference Help
5,Collect Data [check box] - GanttChart,7748,7748,Dialog Box of the GanttChart,11. Objects Reference Help
5,Show Chart [button] - GanttChart,7749,7751,Dialog Box of the GanttChart,11. Objects Reference Help
5,Tab Attributes,7752,7761,Dialog Box of the GanttChart,11. Objects Reference Help
6,Tab Attributes [GanttChart],7752,7752,Tab Attributes,11. Objects Reference Help
6,View Mode,7753,7756,Tab Attributes,11. Objects Reference Help
6,Show Resource Labels [check box],7757,7757,Tab Attributes,11. Objects Reference Help
6,Show Bar Text [check box],7758,7758,Tab Attributes,11. Objects Reference Help
6,Show Resource States [check box],7759,7759,Tab Attributes,11. Objects Reference Help
6,Edit Lanes,7760,7761,Tab Attributes,11. Objects Reference Help
5,Tab Parts [GanttChart],7762,7762,Dialog Box of the GanttChart,11. Objects Reference Help
5,Tab Resources [GanttChart],7763,7763,Dialog Box of the GanttChart,11. Objects Reference Help
5,Tab User-defined,7764,7764,Dialog Box of the GanttChart,11. Objects Reference Help
5,Navigate Menu,7765,7765,Dialog Box of the GanttChart,11. Objects Reference Help
5,View Menu,7766,7766,Dialog Box of the GanttChart,11. Objects Reference Help
5,Tools Menu,7767,7767,Dialog Box of the GanttChart,11. Objects Reference Help
5,Help Menu,7768,7768,Dialog Box of the GanttChart,11. Objects Reference Help
4,Methods of the GanttChart,7768,7776,GanttChart,11. Objects Reference Help
5,_Methods of the GanttChart,7768,7769,Methods of the GanttChart,11. Objects Reference Help
5,exportChart [SimTalk],7770,7770,Methods of the GanttChart,11. Objects Reference Help
5,getData [SimTalk],7771,7771,Methods of the GanttChart,11. Objects Reference Help
5,getHTMLCode [SimTalk] - GanttChart,7772,7772,Methods of the GanttChart,11. Objects Reference Help
5,getLanes [SimTalk],7773,7773,Methods of the GanttChart,11. Objects Reference Help
5,setData [SimTalk],7774,7775,Methods of the GanttChart,11. Objects Reference Help
5,setLanes [SimTalk],7776,7776,Methods of the GanttChart,11. Objects Reference Help
5,update [SimTalk] - GanttChart,7777,7777,Methods of the GanttChart,11. Objects Reference Help
4,Read-Only Attributes of the GanttChart,7777,7777,GanttChart,11. Objects Reference Help
5,Read-Only Attributes of the GanttChart,7777,7777,Read-Only Attributes of the GanttChart,11. Objects Reference Help
4,Attributes of the GanttChart,7778,7789,GanttChart,11. Objects Reference Help
5,_Attributes of the GanttChart,7778,7779,Attributes of the GanttChart,11. Objects Reference Help
5,CollectData [SimTalk] - GanttChart,7780,7780,Attributes of the GanttChart,11. Objects Reference Help
5,EnableVisualTracking [SimTalk],7781,7781,Attributes of the GanttChart,11. Objects Reference Help
5,IsShown [SimTalk] - GanttChart,7782,7782,Attributes of the GanttChart,11. Objects Reference Help
5,NumVisibleBars [SimTalk],7783,7783,Attributes of the GanttChart,11. Objects Reference Help
5,Parts [SimTalk],7784,7784,Attributes of the GanttChart,11. Objects Reference Help
5,Resources [SimTalk] - GanttChart,7785,7785,Attributes of the GanttChart,11. Objects Reference Help
5,ShowBarText [SimTalk],7786,7786,Attributes of the GanttChart,11. Objects Reference Help
5,ShowPartView [SimTalk],7787,7787,Attributes of the GanttChart,11. Objects Reference Help
5,ShowResourceLabels [SimTalk],7788,7788,Attributes of the GanttChart,11. Objects Reference Help
5,ShowResourceStates [SimTalk],7789,7789,Attributes of the GanttChart,11. Objects Reference Help
5,TimeScale [SimTalk],7790,7790,Attributes of the GanttChart,11. Objects Reference Help
3,SankeyDiagram,7790,7812,User Interface Objects,11. Objects Reference Help
4,SankeyDiagram [object],7790,7790,SankeyDiagram,11. Objects Reference Help
4,Dialog Box of the SankeyDiagram,7791,7802,SankeyDiagram,11. Objects Reference Help
5,Dialog Box of the SankeyDiagram,7791,7792,Dialog Box of the SankeyDiagram,11. Objects Reference Help
5,Show Diagram,7793,7794,Dialog Box of the SankeyDiagram,11. Objects Reference Help
5,Collect Data [check box] - SankeyDiagram,7795,7795,Dialog Box of the SankeyDiagram,11. Objects Reference Help
5,Tab Attributes,7795,7796,Dialog Box of the SankeyDiagram,11. Objects Reference Help
6,Tab Attributes,7795,7795,Tab Attributes,11. Objects Reference Help
6,Maximum Width [SankeyDiagram],7796,7796,Tab Attributes,11. Objects Reference Help
6,Color [SankeyDiagram],7797,7797,Tab Attributes,11. Objects Reference Help
5,Tab Objects,7797,7798,Dialog Box of the SankeyDiagram,11. Objects Reference Help
6,Objects,7797,7797,Tab Objects,11. Objects Reference Help
6,Objects [SankeyDiagram],7798,7798,Tab Objects,11. Objects Reference Help
5,Tab User-defined,7799,7799,Dialog Box of the SankeyDiagram,11. Objects Reference Help
5,Navigate Menu,7800,7800,Dialog Box of the SankeyDiagram,11. Objects Reference Help
5,View Menu,7801,7801,Dialog Box of the SankeyDiagram,11. Objects Reference Help
5,Tools Menu,7802,7802,Dialog Box of the SankeyDiagram,11. Objects Reference Help
5,Help Menu,7803,7803,Dialog Box of the SankeyDiagram,11. Objects Reference Help
4,Methods of the SankeyDiagram,7803,7805,SankeyDiagram,11. Objects Reference Help
5,_Methods of the SankeyDiagram,7803,7804,Methods of the SankeyDiagram,11. Objects Reference Help
5,getPartFlowData [SimTalk],7805,7805,Methods of the SankeyDiagram,11. Objects Reference Help
5,update [SimTalk] - SankeyDiagram,7806,7806,Methods of the SankeyDiagram,11. Objects Reference Help
4,Read-Only Attributes of the SankeyDiagram,7806,7806,SankeyDiagram,11. Objects Reference Help
5,Read-Only Attributes of the SankeyDiagram,7806,7806,Read-Only Attributes of the SankeyDiagram,11. Objects Reference Help
4,Attributes of the SankeyDiagram,7807,7812,SankeyDiagram,11. Objects Reference Help
5,_Attributes of the SankeyDiagram,7807,7808,Attributes of the SankeyDiagram,11. Objects Reference Help
5,CollectData [SimTalk] - SankeyDiagram,7809,7809,Attributes of the SankeyDiagram,11. Objects Reference Help
5,Color [SimTalk] - SankeyDiagram,7810,7810,Attributes of the SankeyDiagram,11. Objects Reference Help
5,IsShown [SimTalk] - SankeyDiagram,7811,7811,Attributes of the SankeyDiagram,11. Objects Reference Help
5,MaximumWidth [SimTalk],7812,7812,Attributes of the SankeyDiagram,11. Objects Reference Help
5,Objects [SimTalk] - SankeyDiagram,7813,7813,Attributes of the SankeyDiagram,11. Objects Reference Help
3,CostAnalyzer,7813,7840,User Interface Objects,11. Objects Reference Help
4,CostAnalyzer,7813,7817,CostAnalyzer,11. Objects Reference Help
4,How the CostAnalyzer Assigns Costs to Part Types,7818,7819,CostAnalyzer,11. Objects Reference Help
4,Costs Shown in the Costs Report,7820,7822,CostAnalyzer,11. Objects Reference Help
4,Dialog Box of the Cost Analyzer,7823,7830,CostAnalyzer,11. Objects Reference Help
5,Dialog Box of the CostAnalyzer,7823,7823,Dialog Box of the Cost Analyzer,11. Objects Reference Help
5,Collect Data [check box] - CostAnalyzer,7824,7824,Dialog Box of the Cost Analyzer,11. Objects Reference Help
5,Investment Costs [button],7825,7825,Dialog Box of the Cost Analyzer,11. Objects Reference Help
5,Piece Costs [button],7826,7826,Dialog Box of the Cost Analyzer,11. Objects Reference Help
5,Tab User-defined,7827,7827,Dialog Box of the Cost Analyzer,11. Objects Reference Help
5,Navigate Menu,7828,7828,Dialog Box of the Cost Analyzer,11. Objects Reference Help
5,View Menu,7829,7829,Dialog Box of the Cost Analyzer,11. Objects Reference Help
5,Tools Menu,7830,7830,Dialog Box of the Cost Analyzer,11. Objects Reference Help
5,Help Menu,7831,7831,Dialog Box of the Cost Analyzer,11. Objects Reference Help
4,Methods of the CostAnalyzer,7831,7837,CostAnalyzer,11. Objects Reference Help
5,_Methods of the CostAnalyzer,7831,7832,Methods of the CostAnalyzer,11. Objects Reference Help
5,getInvestmentCostsTable [SimTalk],7833,7834,Methods of the CostAnalyzer,11. Objects Reference Help
5,getPieceCostsTable [SimTalk],7835,7835,Methods of the CostAnalyzer,11. Objects Reference Help
5,putInvestmentCostsIntoTable [SimTalk],7836,7837,Methods of the CostAnalyzer,11. Objects Reference Help
5,putPieceCostsIntoTable [SimTalk],7838,7838,Methods of the CostAnalyzer,11. Objects Reference Help
4,Read-Only Attributes of the CostAnalyzer,7838,7838,CostAnalyzer,11. Objects Reference Help
5,Read-Only Attributes of the CostAnalyzer,7838,7838,Read-Only Attributes of the CostAnalyzer,11. Objects Reference Help
4,Attributes of the CostAnalyzer,7839,7840,CostAnalyzer,11. Objects Reference Help
5,Attributes of the CostAnalyzer,7839,7840,Attributes of the CostAnalyzer,11. Objects Reference Help
5,CollectData [SimTalk] - CostAnalyzer,7841,7841,Attributes of the CostAnalyzer,11. Objects Reference Help
3,HtmlReport,7841,7959,User Interface Objects,11. Objects Reference Help
4,HtmlReport [object],7841,7842,HtmlReport,11. Objects Reference Help
4,Dialog Box of the HtmlReport,7843,7943,HtmlReport,11. Objects Reference Help
5,Dialog Box of the HtmlReport,7843,7843,Dialog Box of the HtmlReport,11. Objects Reference Help
5,Show Report,7844,7849,Dialog Box of the HtmlReport,11. Objects Reference Help
6,Show Report,7844,7846,Show Report,11. Objects Reference Help
6,Structure Pane of the Display Window,7847,7848,Show Report,11. Objects Reference Help
6,Display Pane of the Display Window,7849,7849,Show Report,11. Objects Reference Help
5,Tab Content,7850,7939,Dialog Box of the HtmlReport,11. Objects Reference Help
6,Tab Content [HtmlReport],7850,7853,Tab Content,11. Objects Reference Help
6,Toolbar of the HtmlReport,7854,7854,Tab Content,11. Objects Reference Help
6,Default Settings of the HtmlReport,7855,7856,Tab Content,11. Objects Reference Help
6,Define a Heading,7857,7857,Tab Content,11. Objects Reference Help
6,Create a Bulleted List,7858,7858,Tab Content,11. Objects Reference Help
6,Create a Numbered List,7859,7860,Tab Content,11. Objects Reference Help
6,Highlight Text by Bolding and/or Italicizing It,7861,7861,Tab Content,11. Objects Reference Help
6,Indent Text,7862,7862,Tab Content,11. Objects Reference Help
6,Center Text,7863,7863,Tab Content,11. Objects Reference Help
6,Add a Reference to an Object,7863,7913,Tab Content,11. Objects Reference Help
7,Add a Reference to an Object on the HTML Page,7863,7868,Add a Reference to an Object,11. Objects Reference Help
7,Display an Attribute of an Object,7869,7869,Add a Reference to an Object,11. Objects Reference Help
7,Display an AttributeExplorer,7870,7871,Add a Reference to an Object,11. Objects Reference Help
7,Display a Broker,7872,7873,Add a Reference to an Object,11. Objects Reference Help
7,Display a Chart,7874,7876,Add a Reference to an Object,11. Objects Reference Help
7,Display a Checkbox,7877,7878,Add a Reference to an Object,11. Objects Reference Help
7,Display an Object of Type Comment,7879,7880,Add a Reference to an Object,11. Objects Reference Help
7,Display a DataTable or a DataList,7881,7882,Add a Reference to an Object,11. Objects Reference Help
7,Display an Object of Type Display,7883,7884,Add a Reference to an Object,11. Objects Reference Help
7,Display a Drain,7885,7886,Add a Reference to an Object,11. Objects Reference Help
7,Display a Dropdown List,7887,7887,Add a Reference to an Object,11. Objects Reference Help
7,Display a FileLink,7888,7890,Add a Reference to an Object,11. Objects Reference Help
7,Display a Frame,7891,7893,Add a Reference to an Object,11. Objects Reference Help
7,Display a GanttChart,7894,7895,Add a Reference to an Object,11. Objects Reference Help
7,Display a HtmlReport,7896,7897,Add a Reference to an Object,11. Objects Reference Help
7,Display an Icon of an Object,7898,7900,Add a Reference to an Object,11. Objects Reference Help
7,Display a Method,7901,7901,Add a Reference to an Object,11. Objects Reference Help
7,Display a PythonModule,7901,7902,Add a Reference to an Object,11. Objects Reference Help
7,Display a SankeyDiagram,7903,7906,Add a Reference to an Object,11. Objects Reference Help
7,Display Statistics Values of an Object as a Table,7907,7911,Add a Reference to an Object,11. Objects Reference Help
7,Display a Table from the SQLite Interface,7912,7912,Add a Reference to an Object,11. Objects Reference Help
7,Display a Variable,7913,7913,Add a Reference to an Object,11. Objects Reference Help
6,Display a Picture of a Scene,7914,7919,Tab Content,11. Objects Reference Help
6,Compute a Formula,7920,7920,Tab Content,11. Objects Reference Help
6,Add an Image of an Object,7921,7923,Tab Content,11. Objects Reference Help
6,Add a Bitmap File,7924,7924,Tab Content,11. Objects Reference Help
6,Collect Object Instances and Show Them,7925,7931,Tab Content,11. Objects Reference Help
6,Insert a Comment into Your Report,7932,7932,Tab Content,11. Objects Reference Help
6,Insert a Horizontal Line,7933,7933,Tab Content,11. Objects Reference Help
6,Insert HTML Tags,7934,7935,Tab Content,11. Objects Reference Help
6,Protect Characters,7936,7936,Tab Content,11. Objects Reference Help
6,Spell Check the Content of the HtmlReport,7937,7937,Tab Content,11. Objects Reference Help
6,Use a String Unchanged in the HTML Code,7938,7939,Tab Content,11. Objects Reference Help
5,Tab User-defined,7940,7940,Dialog Box of the HtmlReport,11. Objects Reference Help
5,Navigate Menu,7941,7941,Dialog Box of the HtmlReport,11. Objects Reference Help
5,View Menu,7942,7942,Dialog Box of the HtmlReport,11. Objects Reference Help
5,Tools Menu,7943,7943,Dialog Box of the HtmlReport,11. Objects Reference Help
5,Help Menu,7944,7944,Dialog Box of the HtmlReport,11. Objects Reference Help
4,Methods of the HtmlReport,7944,7952,HtmlReport,11. Objects Reference Help
5,_Methods of the HtmlReport,7944,7945,Methods of the HtmlReport,11. Objects Reference Help
5,append [SimTalk] - HtmlReport,7946,7946,Methods of the HtmlReport,11. Objects Reference Help
5,appendLine [SimTalk],7947,7947,Methods of the HtmlReport,11. Objects Reference Help
5,appendPlainText [SimTalk],7948,7948,Methods of the HtmlReport,11. Objects Reference Help
5,close [SimTalk] - HtmlReport,7949,7949,Methods of the HtmlReport,11. Objects Reference Help
5,getHTMLCode [SimTalk] - HtmlReport,7950,7950,Methods of the HtmlReport,11. Objects Reference Help
5,refresh [SimTalk],7951,7951,Methods of the HtmlReport,11. Objects Reference Help
5,save [SimTalk] - HtmlReport,7952,7952,Methods of the HtmlReport,11. Objects Reference Help
5,show [SimTalk],7953,7953,Methods of the HtmlReport,11. Objects Reference Help
4,Read-Only Attributes of the HtmlReport,7953,7953,HtmlReport,11. Objects Reference Help
5,Read-Only Attributes of the HtmlReport,7953,7953,Read-Only Attributes of the HtmlReport,11. Objects Reference Help
4,Attributes of the HtmlReport,7954,7959,HtmlReport,11. Objects Reference Help
5,_Attributes of the HtmlReport,7954,7955,Attributes of the HtmlReport,11. Objects Reference Help
5,Content [SimTalk] - HtmlReport,7956,7956,Attributes of the HtmlReport,11. Objects Reference Help
5,IsShown [SimTalk] - HtmlReport,7957,7957,Attributes of the HtmlReport,11. Objects Reference Help
5,TocLevels [SimTalk],7958,7958,Attributes of the HtmlReport,11. Objects Reference Help
5,WindowHeight [SimTalk],7959,7959,Attributes of the HtmlReport,11. Objects Reference Help
5,WindowWidth [SimTalk],7960,7960,Attributes of the HtmlReport,11. Objects Reference Help
3,Dialog,7960,8093,User Interface Objects,11. Objects Reference Help
4,Dialog [object],7960,7963,Dialog,11. Objects Reference Help
4,Dialog Box of the Dialog,7964,8022,Dialog,11. Objects Reference Help
5,Dialog Box of the Object Dialog,7964,7964,Dialog Box of the Dialog,11. Objects Reference Help
5,Label [text box] - Dialog,7965,7965,Dialog Box of the Dialog,11. Objects Reference Help
5,Show Dialog [Dialog],7966,7967,Dialog Box of the Dialog,11. Objects Reference Help
5,Edit Dialog [described],7968,7968,Dialog Box of the Dialog,11. Objects Reference Help
5,Tab Elements,7969,8010,Dialog Box of the Dialog,11. Objects Reference Help
6,Tab Elements,7969,7969,Tab Elements,11. Objects Reference Help
6,Inserting a Dialog Item into Your Dialog,7970,7996,Tab Elements,11. Objects Reference Help
7,Insert a Dialog Item into Your Dialog,7970,7971,Inserting a Dialog Item into Your Dialog,11. Objects Reference Help
7,New Button,7972,7972,Inserting a Dialog Item into Your Dialog,11. Objects Reference Help
7,New Check Box,7973,7975,Inserting a Dialog Item into Your Dialog,11. Objects Reference Help
7,New DropDownList Box,7976,7977,Inserting a Dialog Item into Your Dialog,11. Objects Reference Help
7,New Edit Text Box,7978,7979,Inserting a Dialog Item into Your Dialog,11. Objects Reference Help
7,New Group Box,7980,7980,Inserting a Dialog Item into Your Dialog,11. Objects Reference Help
7,New Image,7981,7981,Inserting a Dialog Item into Your Dialog,11. Objects Reference Help
7,New List Box,7982,7983,Inserting a Dialog Item into Your Dialog,11. Objects Reference Help
7,New List View,7984,7985,Inserting a Dialog Item into Your Dialog,11. Objects Reference Help
7,New Menu/New Menu Command,7986,7988,Inserting a Dialog Item into Your Dialog,11. Objects Reference Help
7,New Radio Button,7989,7992,Inserting a Dialog Item into Your Dialog,11. Objects Reference Help
7,New Static Text Box,7993,7993,Inserting a Dialog Item into Your Dialog,11. Objects Reference Help
7,New Tab Control,7994,7995,Inserting a Dialog Item into Your Dialog,11. Objects Reference Help
7,New Tab Page,7996,7996,Inserting a Dialog Item into Your Dialog,11. Objects Reference Help
6,Defining Properties of a Dialog Item,7997,8009,Tab Elements,11. Objects Reference Help
7,Define Properties of a Dialog Item,7997,7997,Defining Properties of a Dialog Item,11. Objects Reference Help
7,Name [dialog item in Dialog],7998,7998,Defining Properties of a Dialog Item,11. Objects Reference Help
7,Caption [text box] - Dialog,7999,8000,Defining Properties of a Dialog Item,11. Objects Reference Help
7,Callback Argument [text box] - Dialog,8001,8001,Defining Properties of a Dialog Item,11. Objects Reference Help
7,X [text box] - Dialog,8002,8002,Defining Properties of a Dialog Item,11. Objects Reference Help
7,Y [text box] - Dialog,8003,8003,Defining Properties of a Dialog Item,11. Objects Reference Help
7,Group ID,8004,8004,Defining Properties of a Dialog Item,11. Objects Reference Help
7,Image ID,8005,8005,Defining Properties of a Dialog Item,11. Objects Reference Help
7,Width [text box] - dialog item,8006,8006,Defining Properties of a Dialog Item,11. Objects Reference Help
7,Height [text box] - dialog item,8007,8007,Defining Properties of a Dialog Item,11. Objects Reference Help
7,Enable [check box] - dialog item,8008,8008,Defining Properties of a Dialog Item,11. Objects Reference Help
7,Items [Dialog],8009,8009,Defining Properties of a Dialog Item,11. Objects Reference Help
6,Show Default Buttons [check box],8010,8010,Tab Elements,11. Objects Reference Help
6,Open Modal [check box],8011,8011,Tab Elements,11. Objects Reference Help
5,Tab Position,8011,8012,Dialog Box of the Dialog,11. Objects Reference Help
6,Tab Position,8011,8011,Tab Position,11. Objects Reference Help
6,X-Position [dialog item],8012,8012,Tab Position,11. Objects Reference Help
6,Y-Position [dialog item],8013,8013,Tab Position,11. Objects Reference Help
5,Tab Method,8013,8018,Dialog Box of the Dialog,11. Objects Reference Help
6,Tab Method,8013,8013,Tab Method,11. Objects Reference Help
6,Callback Method [text box] - Dialog,8014,8015,Tab Method,11. Objects Reference Help
6,Argument for Open [text box],8016,8016,Tab Method,11. Objects Reference Help
6,Argument for Apply [text box],8017,8017,Tab Method,11. Objects Reference Help
6,Argument for Close [text box],8018,8018,Tab Method,11. Objects Reference Help
5,Tab User-defined,8019,8019,Dialog Box of the Dialog,11. Objects Reference Help
5,Navigate Menu,8020,8020,Dialog Box of the Dialog,11. Objects Reference Help
5,View Menu,8021,8021,Dialog Box of the Dialog,11. Objects Reference Help
5,Tools Menu,8022,8022,Dialog Box of the Dialog,11. Objects Reference Help
5,Help Menu,8023,8023,Dialog Box of the Dialog,11. Objects Reference Help
4,Methods of the Dialog,8023,8078,Dialog,11. Objects Reference Help
5,_Methods of the Dialog,8023,8024,Methods of the Dialog,11. Objects Reference Help
5,clearData [SimTalk],8025,8025,Methods of the Dialog,11. Objects Reference Help
5,close [SimTalk] - Dialog,8026,8026,Methods of the Dialog,11. Objects Reference Help
5,closeDialog [SimTalk] - Dialog,8027,8027,Methods of the Dialog,11. Objects Reference Help
5,createButton [SimTalk],8028,8028,Methods of the Dialog,11. Objects Reference Help
5,createCheckBox [SimTalk],8029,8029,Methods of the Dialog,11. Objects Reference Help
5,createDropDownListBox [SimTalk],8030,8031,Methods of the Dialog,11. Objects Reference Help
5,createEditTextBox [SimTalk],8032,8032,Methods of the Dialog,11. Objects Reference Help
5,createGroupBox [SimTalk],8033,8033,Methods of the Dialog,11. Objects Reference Help
5,createImage [SimTalk],8034,8034,Methods of the Dialog,11. Objects Reference Help
5,createListBox [SimTalk],8035,8035,Methods of the Dialog,11. Objects Reference Help
5,createListView [SimTalk],8036,8036,Methods of the Dialog,11. Objects Reference Help
5,createMenu [SimTalk],8037,8037,Methods of the Dialog,11. Objects Reference Help
5,createRadioButton [SimTalk],8038,8040,Methods of the Dialog,11. Objects Reference Help
5,createStaticTextBox [SimTalk],8041,8041,Methods of the Dialog,11. Objects Reference Help
5,createTabControl [SimTalk],8042,8042,Methods of the Dialog,11. Objects Reference Help
5,createTabPage [SimTalk],8043,8043,Methods of the Dialog,11. Objects Reference Help
5,deleteItem [SimTalk],8044,8044,Methods of the Dialog,11. Objects Reference Help
5,getCheckBox [SimTalk],8045,8045,Methods of the Dialog,11. Objects Reference Help
5,getIcon [SimTalk],8046,8046,Methods of the Dialog,11. Objects Reference Help
5,getIndex [SimTalk],8047,8048,Methods of the Dialog,11. Objects Reference Help
5,getInheritanceBox [SimTalk],8049,8050,Methods of the Dialog,11. Objects Reference Help
5,getItemsList [SimTalk],8051,8051,Methods of the Dialog,11. Objects Reference Help
5,getPasswordMasking [SimTalk],8052,8052,Methods of the Dialog,11. Objects Reference Help
5,getTable [SimTalk] - Dialog,8053,8053,Methods of the Dialog,11. Objects Reference Help
5,getTableRow [SimTalk],8054,8054,Methods of the Dialog,11. Objects Reference Help
5,getUserDialogXYWH [SimTalk],8055,8055,Methods of the Dialog,11. Objects Reference Help
5,getValue [SimTalk] - Dialog,8056,8056,Methods of the Dialog,11. Objects Reference Help
5,open [SimTalk] - Dialog,8057,8057,Methods of the Dialog,11. Objects Reference Help
5,openDialog [SimTalk] - Dialog,8058,8058,Methods of the Dialog,11. Objects Reference Help
5,setActiveTabPage [SimTalk],8059,8059,Methods of the Dialog,11. Objects Reference Help
5,setCallbackArgument [SimTalk],8060,8060,Methods of the Dialog,11. Objects Reference Help
5,setCaption [SimTalk],8061,8062,Methods of the Dialog,11. Objects Reference Help
5,setCheckBox [SimTalk],8063,8063,Methods of the Dialog,11. Objects Reference Help
5,setEditType [SimTalk],8064,8065,Methods of the Dialog,11. Objects Reference Help
5,setGroupID [SimTalk],8066,8066,Methods of the Dialog,11. Objects Reference Help
5,setIcon [SimTalk],8067,8067,Methods of the Dialog,11. Objects Reference Help
5,setIndex [SimTalk],8068,8069,Methods of the Dialog,11. Objects Reference Help
5,setInheritanceBox [SimTalk],8070,8071,Methods of the Dialog,11. Objects Reference Help
5,setList [SimTalk],8072,8073,Methods of the Dialog,11. Objects Reference Help
5,setPasswordMasking [SimTalk],8074,8074,Methods of the Dialog,11. Objects Reference Help
5,setSensitive [SimTalk],8075,8075,Methods of the Dialog,11. Objects Reference Help
5,setTab [SimTalk],8076,8076,Methods of the Dialog,11. Objects Reference Help
5,setTable [SimTalk] - Dialog,8077,8077,Methods of the Dialog,11. Objects Reference Help
5,setTableRow [SimTalk],8078,8078,Methods of the Dialog,11. Objects Reference Help
5,updateUserDialog [SimTalk],8079,8079,Methods of the Dialog,11. Objects Reference Help
4,Read-Only Attributes of the Dialog,8079,8079,Dialog,11. Objects Reference Help
5,Read-Only Attributes of the Dialog,8079,8079,Read-Only Attributes of the Dialog,11. Objects Reference Help
4,Attributes of the Dialog,8080,8093,Dialog,11. Objects Reference Help
5,_Attributes of the Dialog,8080,8081,Attributes of the Dialog,11. Objects Reference Help
5,ArgumentForApply [SimTalk],8082,8083,Attributes of the Dialog,11. Objects Reference Help
5,ArgumentForClose [SimTalk],8084,8084,Attributes of the Dialog,11. Objects Reference Help
5,ArgumentForOpen [SimTalk],8085,8085,Attributes of the Dialog,11. Objects Reference Help
5,CallbackMethod [SimTalk] - Dialog,8086,8089,Attributes of the Dialog,11. Objects Reference Help
5,DialogX [SimTalk],8090,8090,Attributes of the Dialog,11. Objects Reference Help
5,DialogY [SimTalk],8091,8091,Attributes of the Dialog,11. Objects Reference Help
5,Locked [SimTalk],8092,8092,Attributes of the Dialog,11. Objects Reference Help
5,OpenModal [SimTalk],8093,8093,Attributes of the Dialog,11. Objects Reference Help
5,ShowStandardButtons [SimTalk],8094,8094,Attributes of the Dialog,11. Objects Reference Help
3,Checkbox,8094,8109,User Interface Objects,11. Objects Reference Help
4,Checkbox [object],8094,8095,Checkbox,11. Objects Reference Help
4,Dialog Box of the Checkbox,8096,8104,Checkbox,11. Objects Reference Help
5,Dialog Box of the Checkbox,8096,8096,Dialog Box of the Checkbox,11. Objects Reference Help
5,Tab Data,8097,8100,Dialog Box of the Checkbox,11. Objects Reference Help
6,Tab Data [Checkbox],8097,8097,Tab Data,11. Objects Reference Help
6,Value [drop-down list] - Checkbox,8098,8098,Tab Data,11. Objects Reference Help
6,Control [Checkbox],8099,8100,Tab Data,11. Objects Reference Help
5,Tab User-defined,8101,8101,Dialog Box of the Checkbox,11. Objects Reference Help
5,Navigate Menu,8102,8102,Dialog Box of the Checkbox,11. Objects Reference Help
5,View Menu,8103,8103,Dialog Box of the Checkbox,11. Objects Reference Help
5,Tools Menu,8104,8104,Dialog Box of the Checkbox,11. Objects Reference Help
5,Help Menu,8105,8105,Dialog Box of the Checkbox,11. Objects Reference Help
4,Methods of the Checkbox,8105,8105,Checkbox,11. Objects Reference Help
5,Methods of the Checkbox,8105,8105,Methods of the Checkbox,11. Objects Reference Help
4,Read-Only Attributes of the Checkbox,8106,8106,Checkbox,11. Objects Reference Help
5,Read-Only Attributes of the Checkbox,8106,8106,Read-Only Attributes of the Checkbox,11. Objects Reference Help
4,Attributes of the Checkbox,8107,8109,Checkbox,11. Objects Reference Help
5,_Attributes of the Checkbox,8107,8108,Attributes of the Checkbox,11. Objects Reference Help
5,Control [SimTalk] - Checkbox,8109,8109,Attributes of the Checkbox,11. Objects Reference Help
5,Value [SimTalk] - Checkbox,8110,8110,Attributes of the Checkbox,11. Objects Reference Help
3,Button,8110,8127,User Interface Objects,11. Objects Reference Help
4,Button [object],8110,8112,Button,11. Objects Reference Help
4,Dialog Box of the Button,8113,8121,Button,11. Objects Reference Help
5,Dialog Box of the Button,8113,8113,Dialog Box of the Button,11. Objects Reference Help
5,Tab Attributes,8113,8117,Dialog Box of the Button,11. Objects Reference Help
6,Tab Attributes,8113,8113,Tab Attributes,11. Objects Reference Help
6,Width [text box] - Button,8114,8114,Tab Attributes,11. Objects Reference Help
6,Height [text box] - Button,8115,8115,Tab Attributes,11. Objects Reference Help
6,Control [Button],8116,8117,Tab Attributes,11. Objects Reference Help
5,Tab User-defined,8118,8118,Dialog Box of the Button,11. Objects Reference Help
5,Navigate Menu,8119,8119,Dialog Box of the Button,11. Objects Reference Help
5,View Menu,8120,8120,Dialog Box of the Button,11. Objects Reference Help
5,Tools Menu,8121,8121,Dialog Box of the Button,11. Objects Reference Help
5,Help Menu,8122,8122,Dialog Box of the Button,11. Objects Reference Help
4,Methods of the Button,8122,8122,Button,11. Objects Reference Help
5,Methods of the Button,8122,8122,Methods of the Button,11. Objects Reference Help
4,Read-Only Attributes of the Button,8123,8123,Button,11. Objects Reference Help
5,Read-Only Attributes of the Button,8123,8123,Read-Only Attributes of the Button,11. Objects Reference Help
4,Attributes of the Button,8124,8127,Button,11. Objects Reference Help
5,_Attributes of the Button,8124,8125,Attributes of the Button,11. Objects Reference Help
5,Control [SimTalk] - Button,8126,8126,Attributes of the Button,11. Objects Reference Help
5,ObjectHeight [SimTalk] - Button,8127,8127,Attributes of the Button,11. Objects Reference Help
5,ObjectWidth [SimTalk] - Button,8128,8128,Attributes of the Button,11. Objects Reference Help
3,DropDownList,8128,8150,User Interface Objects,11. Objects Reference Help
4,DropDownList [object],8128,8129,DropDownList,11. Objects Reference Help
4,Dialog Box of the DropDownList,8130,8141,DropDownList,11. Objects Reference Help
5,Dialog Box of the DropDownList,8130,8130,Dialog Box of the DropDownList,11. Objects Reference Help
5,Tab Attributes,8131,8137,Dialog Box of the DropDownList,11. Objects Reference Help
6,Tab Attributes,8131,8131,Tab Attributes,11. Objects Reference Help
6,Width [text box] - DropDownList,8132,8132,Tab Attributes,11. Objects Reference Help
6,Height [text box] - DropDownList,8133,8133,Tab Attributes,11. Objects Reference Help
6,Value [text box] - DropDownList,8134,8134,Tab Attributes,11. Objects Reference Help
6,Items [button] - DropDownList,8135,8135,Tab Attributes,11. Objects Reference Help
6,Control [DropDownList],8136,8137,Tab Attributes,11. Objects Reference Help
5,Tab User-defined,8138,8138,Dialog Box of the DropDownList,11. Objects Reference Help
5,Navigate Menu,8139,8139,Dialog Box of the DropDownList,11. Objects Reference Help
5,View Menu,8140,8140,Dialog Box of the DropDownList,11. Objects Reference Help
5,Tools Menu,8141,8141,Dialog Box of the DropDownList,11. Objects Reference Help
5,Help Menu,8142,8142,Dialog Box of the DropDownList,11. Objects Reference Help
4,Methods of the DropDownList,8142,8142,DropDownList,11. Objects Reference Help
5,Methods of the DropDownList,8142,8142,Methods of the DropDownList,11. Objects Reference Help
4,Read-Only Attributes of the DropDownList,8143,8143,DropDownList,11. Objects Reference Help
5,Read-Only Attributes of the DropDownList,8143,8143,Read-Only Attributes of the DropDownList,11. Objects Reference Help
4,Attributes of the DropDownList,8144,8150,DropDownList,11. Objects Reference Help
5,_Attributes of the DropDownList,8144,8145,Attributes of the DropDownList,11. Objects Reference Help
5,Control [SimTalk] - DropDownList,8146,8146,Attributes of the DropDownList,11. Objects Reference Help
5,Item [SimTalk] - DropDownList,8147,8147,Attributes of the DropDownList,11. Objects Reference Help
5,Items [SimTalk] - DropDownList,8148,8148,Attributes of the DropDownList,11. Objects Reference Help
5,ObjectHeight [SimTalk] - DropDownList,8149,8149,Attributes of the DropDownList,11. Objects Reference Help
5,ObjectWidth [SimTalk] - DropDownList,8150,8150,Attributes of the DropDownList,11. Objects Reference Help
5,Value [SimTalk] - DropDownList,8151,8151,Attributes of the DropDownList,11. Objects Reference Help
2,Mobile Objects,8151,8852,11. Objects Reference Help,11. Objects Reference Help
3,Mobile Units [MUs],8151,8154,Mobile Objects,11. Objects Reference Help
3,Shared Properties of the Mobile Objects,8155,8448,Mobile Objects,11. Objects Reference Help
4,Shared Properties of the Mobile Objects,8155,8155,Shared Properties of the Mobile Objects,11. Objects Reference Help
4,Dialog Box of the Mobile Objects,8155,8212,Shared Properties of the Mobile Objects,11. Objects Reference Help
5,Dialog Box of the Mobile Objects,8155,8156,Dialog Box of the Mobile Objects,11. Objects Reference Help
5,Number [of the MU],8157,8157,Dialog Box of the Mobile Objects,11. Objects Reference Help
5,Conveying Direction [described],8158,8171,Dialog Box of the Mobile Objects,11. Objects Reference Help
5,Stopped [MUs],8172,8172,Dialog Box of the Mobile Objects,11. Objects Reference Help
5,Tab Attributes,8172,8182,Dialog Box of the Mobile Objects,11. Objects Reference Help
6,Tab Attributes,8172,8172,Tab Attributes,11. Objects Reference Help
6,MU Length [general description],8173,8173,Tab Attributes,11. Objects Reference Help
6,MU Width [general description],8174,8174,Tab Attributes,11. Objects Reference Help
6,MU Height [general description],8175,8175,Tab Attributes,11. Objects Reference Help
6,Booking Point Length [general description],8176,8178,Tab Attributes,11. Objects Reference Help
6,Booking Point Width [general description],8179,8181,Tab Attributes,11. Objects Reference Help
6,Booking Point Height [general description],8182,8182,Tab Attributes,11. Objects Reference Help
5,Tab Routing,8183,8191,Dialog Box of the Mobile Objects,11. Objects Reference Help
6,"Tab Routing [Part, Container]",8183,8185,Tab Routing,11. Objects Reference Help
6,"Automatic Routing [Part, Container]",8186,8187,Tab Routing,11. Objects Reference Help
6,"Reset Destination When at Destination [Part, Container]",8188,8188,Tab Routing,11. Objects Reference Help
6,"Destination [Part, Container]",8189,8190,Tab Routing,11. Objects Reference Help
6,"Route Weighting Attribute [Part, Container]",8191,8191,Tab Routing,11. Objects Reference Help
5,Tab Product Statistics,8192,8196,Dialog Box of the Mobile Objects,11. Objects Reference Help
6,Tab Product Statistics [MUs],8192,8192,Tab Product Statistics,11. Objects Reference Help
6,Product Statistics [all MUs],8193,8193,Tab Product Statistics,11. Objects Reference Help
6,Product Statistics Values,8194,8196,Tab Product Statistics,11. Objects Reference Help
5,Tab Statistics,8197,8197,Dialog Box of the Mobile Objects,11. Objects Reference Help
6,"Tab Statistics [Container, Transporter]",8197,8197,Tab Statistics,11. Objects Reference Help
6,Resource Statistics [MUs],8198,8198,Tab Statistics,11. Objects Reference Help
5,Tab Costs,8198,8202,Dialog Box of the Mobile Objects,11. Objects Reference Help
6,Tab Costs [MUs],8198,8199,Tab Costs,11. Objects Reference Help
6,"Active [check box] - costs, MUs",8200,8200,Tab Costs,11. Objects Reference Help
6,Material Costs per Piece [text box],8201,8201,Tab Costs,11. Objects Reference Help
6,Distribute Costs [check box],8202,8202,Tab Costs,11. Objects Reference Help
5,Tab User-defined [MUs],8203,8203,Dialog Box of the Mobile Objects,11. Objects Reference Help
5,Navigate Menu,8204,8204,Dialog Box of the Mobile Objects,11. Objects Reference Help
5,View Menu,8204,8208,Dialog Box of the Mobile Objects,11. Objects Reference Help
6,View Menu,8204,8204,View Menu,11. Objects Reference Help
6,Contents [MUs],8205,8205,View Menu,11. Objects Reference Help
6,Position [MUs],8206,8207,View Menu,11. Objects Reference Help
6,Targets,8208,8208,View Menu,11. Objects Reference Help
6,"Route to Destination [Part, Container]",8209,8209,View Menu,11. Objects Reference Help
5,Tools Menu,8209,8212,Dialog Box of the Mobile Objects,11. Objects Reference Help
6,Tools Menu [MUs],8209,8210,Tools Menu,11. Objects Reference Help
6,Edit Controls [MUs],8211,8211,Tools Menu,11. Objects Reference Help
6,Calculate Dimensions from 3D,8212,8212,Tools Menu,11. Objects Reference Help
5,Help Menu,8213,8213,Dialog Box of the Mobile Objects,11. Objects Reference Help
4,Statistics of the Mobile Objects,8213,8231,Shared Properties of the Mobile Objects,11. Objects Reference Help
5,Statistics of the Mobile Objects,8213,8213,Statistics of the Mobile Objects,11. Objects Reference Help
5,Statistics Collection Period [MUs],8214,8214,Statistics of the Mobile Objects,11. Objects Reference Help
5,Product Statistics of the MUs,8215,8222,Statistics of the Mobile Objects,11. Objects Reference Help
6,Product Statistics of the MUs [general description],8215,8216,Product Statistics of the MUs,11. Objects Reference Help
6,Working [MUs],8217,8217,Product Statistics of the MUs,11. Objects Reference Help
6,Setting-up [MUs],8218,8218,Product Statistics of the MUs,11. Objects Reference Help
6,Waiting [MUs],8219,8219,Product Statistics of the MUs,11. Objects Reference Help
6,Stopped [MUs] - state,8220,8220,Product Statistics of the MUs,11. Objects Reference Help
6,Failed [MUs] - state,8221,8221,Product Statistics of the MUs,11. Objects Reference Help
6,Paused [MUs],8222,8222,Product Statistics of the MUs,11. Objects Reference Help
5,Additional Statistical Data of the MUs,8223,8223,Statistics of the Mobile Objects,11. Objects Reference Help
5,Resource Statistics of the Container,8224,8224,Statistics of the Mobile Objects,11. Objects Reference Help
5,Driving Statistics of the Transporter,8224,8231,Statistics of the Mobile Objects,11. Objects Reference Help
6,Driving Statistics of the Transporter [in dialog],8224,8225,Driving Statistics of the Transporter,11. Objects Reference Help
6,Order Occupied,8226,8226,Driving Statistics of the Transporter,11. Objects Reference Help
6,Order Empty,8227,8227,Driving Statistics of the Transporter,11. Objects Reference Help
6,Home Driving,8228,8228,Driving Statistics of the Transporter,11. Objects Reference Help
6,Ready,8229,8229,Driving Statistics of the Transporter,11. Objects Reference Help
6,Failed [driving statistics],8230,8230,Driving Statistics of the Transporter,11. Objects Reference Help
6,Paused [Transporter],8231,8231,Driving Statistics of the Transporter,11. Objects Reference Help
6,Unplanned [Transporter],8232,8232,Driving Statistics of the Transporter,11. Objects Reference Help
4,Methods of All Mobile Objects,8232,8292,Shared Properties of the Mobile Objects,11. Objects Reference Help
5,Methods of All Mobile Objects,8232,8233,Methods of All Mobile Objects,11. Objects Reference Help
5,Methods for Creating and Locating MUs,8234,8257,Methods of All Mobile Objects,11. Objects Reference Help
6,_Methods for Creating and Locating MUs,8234,8234,Methods for Creating and Locating MUs,11. Objects Reference Help
6,create [SimTalk] - MUs,8235,8237,Methods for Creating and Locating MUs,11. Objects Reference Help
6,delete [SimTalk] - MUs,8238,8238,Methods for Creating and Locating MUs,11. Objects Reference Help
6,getStoragePlace [SimTalk] - MUs,8239,8239,Methods for Creating and Locating MUs,11. Objects Reference Help
6,insert [SimTalk] - MUs,8240,8243,Methods for Creating and Locating MUs,11. Objects Reference Help
6,move [SimTalk] - MUs,8244,8248,Methods for Creating and Locating MUs,11. Objects Reference Help
6,num [SimTalk] - MUs,8249,8249,Methods for Creating and Locating MUs,11. Objects Reference Help
6,positionList [SimTalk] - MUs,8250,8252,Methods for Creating and Locating MUs,11. Objects Reference Help
6,removeFromBlocklists [SimTalk],8253,8253,Methods for Creating and Locating MUs,11. Objects Reference Help
6,setLength [SimTalk] - MUs,8254,8255,Methods for Creating and Locating MUs,11. Objects Reference Help
6,transfer [SimTalk] - MUs,8256,8257,Methods for Creating and Locating MUs,11. Objects Reference Help
5,Methods for the State of the Mobile Object,8258,8260,Methods of All Mobile Objects,11. Objects Reference Help
6,Methods for the State of the MU,8258,8259,Methods for the State of the Mobile Object,11. Objects Reference Help
6,outIn [SimTalk] - MUs,8260,8260,Methods for the State of the Mobile Object,11. Objects Reference Help
5,Methods for Accessing the Load of Container and Transporter,8261,8263,Methods of All Mobile Objects,11. Objects Reference Help
6,_Methods for Accessing the Load of Container and Transporter,8261,8262,Methods for Accessing the Load of Container and Transporter,11. Objects Reference Help
6,deleteMovables [SimTalk] - MUs,8263,8263,Methods for Accessing the Load of Container and Transporter,11. Objects Reference Help
6,"pe(Y,Y) / [X,Y] [SimTalk] - MUs",8264,8264,Methods for Accessing the Load of Container and Transporter,11. Objects Reference Help
5,Methods and Read-Only Attributes of the pe,8264,8269,Methods of All Mobile Objects,11. Objects Reference Help
6,_Methods and Read-Only Attributes of the PE,8264,8264,Methods and Read-Only Attributes of the pe,11. Objects Reference Help
6,"Cont [SimTalk] - PE, MUs",8265,8265,Methods and Read-Only Attributes of the pe,11. Objects Reference Help
6,getStackHeight [SimTalk] - MUs,8266,8267,Methods and Read-Only Attributes of the pe,11. Objects Reference Help
6,"mu [SimTalk] - PE, MUs",8268,8269,Methods and Read-Only Attributes of the pe,11. Objects Reference Help
6,NumMU [SimTalk] - MUs,8270,8270,Methods and Read-Only Attributes of the pe,11. Objects Reference Help
5,Methods for the Route to the Destination,8270,8280,Methods of All Mobile Objects,11. Objects Reference Help
6,_Methods for the Route to the Destination,8270,8271,Methods for the Route to the Destination,11. Objects Reference Help
6,"getRoute [SimTalk] - Part, Container",8272,8274,Methods for the Route to the Destination,11. Objects Reference Help
6,"getRouteIntermediateDestination [SimTalk] - Part, Container",8275,8276,Methods for the Route to the Destination,11. Objects Reference Help
6,"getRouteLength [SimTalk] - Part, Container",8277,8278,Methods for the Route to the Destination,11. Objects Reference Help
6,getRouteRemaining [SimTalk],8279,8279,Methods for the Route to the Destination,11. Objects Reference Help
6,"setRoute [SimTalk] - Part, Container",8280,8280,Methods for the Route to the Destination,11. Objects Reference Help
5,Methods for Accessing Statistics of the MUs,8281,8289,Methods of All Mobile Objects,11. Objects Reference Help
6,Methods for Accessing Statistics of the MUs,8281,8282,Methods for Accessing Statistics of the MUs,11. Objects Reference Help
6,initStat [SimTalk] - MUs,8283,8283,Methods for Accessing Statistics of the MUs,11. Objects Reference Help
6,statistics [SimTalk] - MUs,8284,8289,Methods for Accessing Statistics of the MUs,11. Objects Reference Help
5,Miscellaneous Methods of the MUs,8290,8292,Methods of All Mobile Objects,11. Objects Reference Help
6,Miscellaneous Methods of the MUs,8290,8291,Miscellaneous Methods of the MUs,11. Objects Reference Help
6,rotateConveyingDirection [SimTalk],8292,8292,Miscellaneous Methods of the MUs,11. Objects Reference Help
4,Read-Only Attributes of All MUs,8293,8396,Shared Properties of the Mobile Objects,11. Objects Reference Help
5,Read-Only Attributes of All MUs,8293,8293,Read-Only Attributes of All MUs,11. Objects Reference Help
5,Read-Only Attributes for the Location,8294,8319,Read-Only Attributes of All MUs,11. Objects Reference Help
6,_Read-Only Attributes for the Location,8294,8294,Read-Only Attributes for the Location,11. Objects Reference Help
6,BookPos [SimTalk],8295,8295,Read-Only Attributes for the Location,11. Objects Reference Help
6,Coordinate3D [SimTalk] - MUs,8296,8296,Read-Only Attributes for the Location,11. Objects Reference Help
6,FrontLocation [SimTalk],8297,8301,Read-Only Attributes for the Location,11. Objects Reference Help
6,FrontLocationInMovingDirection [SimTalk],8302,8302,Read-Only Attributes for the Location,11. Objects Reference Help
6,FrontMU [SimTalk],8303,8303,Read-Only Attributes for the Location,11. Objects Reference Help
6,FrontPos [SimTalk],8304,8304,Read-Only Attributes for the Location,11. Objects Reference Help
6,FrontPosInMovingDirection [SimTalk],8305,8305,Read-Only Attributes for the Location,11. Objects Reference Help
6,GetNo [SimTalk],8306,8306,Read-Only Attributes for the Location,11. Objects Reference Help
6,HasRouteToDestination [SimTalk] - MUs,8307,8307,Read-Only Attributes for the Location,11. Objects Reference Help
6,LocationInFrame [SimTalk],8308,8308,Read-Only Attributes for the Location,11. Objects Reference Help
6,PreviousLocation [SimTalk],8309,8309,Read-Only Attributes for the Location,11. Objects Reference Help
6,RearLocation [SimTalk],8310,8314,Read-Only Attributes for the Location,11. Objects Reference Help
6,RearLocationInMovingDirection [SimTalk],8315,8315,Read-Only Attributes for the Location,11. Objects Reference Help
6,RearMU [SimTalk],8316,8316,Read-Only Attributes for the Location,11. Objects Reference Help
6,RearPos [SimTalk],8317,8317,Read-Only Attributes for the Location,11. Objects Reference Help
6,RearPosInMovingDirection [SimTalk],8318,8318,Read-Only Attributes for the Location,11. Objects Reference Help
6,ReservedPlace [SimTalk],8319,8319,Read-Only Attributes for the Location,11. Objects Reference Help
5,Read-Only Attributes for the State of the MUs,8320,8335,Read-Only Attributes of All MUs,11. Objects Reference Help
6,_Read-Only Attributes for the State of the MUs,8320,8320,Read-Only Attributes for the State of the MUs,11. Objects Reference Help
6,BlockingStarttime [SimTalk],8321,8321,Read-Only Attributes for the State of the MUs,11. Objects Reference Help
6,CreationTime [SimTalk],8322,8322,Read-Only Attributes for the State of the MUs,11. Objects Reference Help
6,CurrentSpeed [SimTalk] - MUs,8323,8323,Read-Only Attributes for the State of the MUs,11. Objects Reference Help
6,Empty [SimTalk] - MUs,8324,8324,Read-Only Attributes for the State of the MUs,11. Objects Reference Help
6,EntryTime [SimTalk],8325,8325,Read-Only Attributes for the State of the MUs,11. Objects Reference Help
6,Finished [SimTalk],8326,8326,Read-Only Attributes for the State of the MUs,11. Objects Reference Help
6,FinishedTime [SimTalk],8327,8327,Read-Only Attributes for the State of the MUs,11. Objects Reference Help
6,Full [SimTalk] - MUs,8328,8328,Read-Only Attributes for the State of the MUs,11. Objects Reference Help
6,Occupied [SimTalk] - MUs,8329,8329,Read-Only Attributes for the State of the MUs,11. Objects Reference Help
6,ProdInProcess [SimTalk],8330,8330,Read-Only Attributes for the State of the MUs,11. Objects Reference Help
6,ProdOnFailed [SimTalk],8331,8331,Read-Only Attributes for the State of the MUs,11. Objects Reference Help
6,ProdOnPaused [SimTalk],8332,8332,Read-Only Attributes for the State of the MUs,11. Objects Reference Help
6,ProdWaiting [SimTalk],8333,8333,Read-Only Attributes for the State of the MUs,11. Objects Reference Help
6,RemainingProcTime [SimTalk],8334,8334,Read-Only Attributes for the State of the MUs,11. Objects Reference Help
6,TimeToOutEvent [SimTalk],8335,8335,Read-Only Attributes for the State of the MUs,11. Objects Reference Help
6,Waiting [SimTalk],8336,8336,Read-Only Attributes for the State of the MUs,11. Objects Reference Help
5,Read-Only Attributes for the Load,8336,8341,Read-Only Attributes of All MUs,11. Objects Reference Help
6,_Read-Only Attributes for Accessing the Load,8336,8337,Read-Only Attributes for the Load,11. Objects Reference Help
6,Capacity [SimTalk] - MUs,8338,8338,Read-Only Attributes for the Load,11. Objects Reference Help
6,Cont [SimTalk] - MUs,8339,8340,Read-Only Attributes for the Load,11. Objects Reference Help
6,NumMU [SimTalk] - MUs,8341,8341,Read-Only Attributes for the Load,11. Objects Reference Help
6,NumMUParts [SimTalk] - MUs,8342,8342,Read-Only Attributes for the Load,11. Objects Reference Help
5,Read-Only Attributes for Statistics of the MUs,8342,8396,Read-Only Attributes of All MUs,11. Objects Reference Help
6,_Read-Only Attributes for Accessing Statistics of the MUs,8342,8343,Read-Only Attributes for Statistics of the MUs,11. Objects Reference Help
6,StatAvgLifeSpan [SimTalk] - MUs,8344,8344,Read-Only Attributes for Statistics of the MUs,11. Objects Reference Help
6,StatCount [SimTalk],8345,8345,Read-Only Attributes for Statistics of the MUs,11. Objects Reference Help
6,StatDeleted [SimTalk] - MUs,8346,8346,Read-Only Attributes for Statistics of the MUs,11. Objects Reference Help
6,StatFailTimePortion [SimTalk],8347,8347,Read-Only Attributes for Statistics of the MUs,11. Objects Reference Help
6,StatisticsStartProd [SimTalk],8348,8348,Read-Only Attributes for Statistics of the MUs,11. Objects Reference Help
6,StatMaxNumMU [SimTalk] - MUs,8349,8349,Read-Only Attributes for Statistics of the MUs,11. Objects Reference Help
6,StatMinNumMU [SimTalk] - MUs,8350,8350,Read-Only Attributes for Statistics of the MUs,11. Objects Reference Help
6,StatNumIn [SimTalk] - MUs,8351,8351,Read-Only Attributes for Statistics of the MUs,11. Objects Reference Help
6,StatNumOut [SimTalk] - MUs,8352,8352,Read-Only Attributes for Statistics of the MUs,11. Objects Reference Help
6,StatPauseTimePortion [SimTalk],8353,8353,Read-Only Attributes for Statistics of the MUs,11. Objects Reference Help
6,StatProdFailPortion [SimTalk] - MUs,8354,8354,Read-Only Attributes for Statistics of the MUs,11. Objects Reference Help
6,StatProdFailTime [SimTalk],8355,8355,Read-Only Attributes for Statistics of the MUs,11. Objects Reference Help
6,StatProdPausingPortion [SimTalk] - MUs,8356,8356,Read-Only Attributes for Statistics of the MUs,11. Objects Reference Help
6,StatProdPausingTime [SimTalk],8357,8357,Read-Only Attributes for Statistics of the MUs,11. Objects Reference Help
6,StatProdSetupPortion [SimTalk] - MUs,8358,8358,Read-Only Attributes for Statistics of the MUs,11. Objects Reference Help
6,StatProdSetupTime [SimTalk],8359,8359,Read-Only Attributes for Statistics of the MUs,11. Objects Reference Help
6,StatProdStoppedPortion [SimTalk] - MUs,8360,8360,Read-Only Attributes for Statistics of the MUs,11. Objects Reference Help
6,StatProdStoppedTime [SimTalk],8361,8361,Read-Only Attributes for Statistics of the MUs,11. Objects Reference Help
6,StatProductionTimePortion [SimTalk],8362,8362,Read-Only Attributes for Statistics of the MUs,11. Objects Reference Help
6,StatProdWaitingPortion [SimTalk] - MUs,8363,8363,Read-Only Attributes for Statistics of the MUs,11. Objects Reference Help
6,StatProdWaitingTime [SimTalk],8364,8364,Read-Only Attributes for Statistics of the MUs,11. Objects Reference Help
6,StatProdWorkingPortion [SimTalk] - MUs,8365,8365,Read-Only Attributes for Statistics of the MUs,11. Objects Reference Help
6,StatProdWorkingTime [SimTalk],8366,8366,Read-Only Attributes for Statistics of the MUs,11. Objects Reference Help
6,StatRelativeOccupation [SimTalk] - MUs,8367,8367,Read-Only Attributes for Statistics of the MUs,11. Objects Reference Help
6,StatRelativeOccupationIR [SimTalk] - MUs,8368,8368,Read-Only Attributes for Statistics of the MUs,11. Objects Reference Help
6,StatSetUpTimePortion [SimTalk],8369,8369,Read-Only Attributes for Statistics of the MUs,11. Objects Reference Help
6,StatStorageTimePortion [SimTalk],8370,8370,Read-Only Attributes for Statistics of the MUs,11. Objects Reference Help
6,StatStoreFailPortion [SimTalk] - MUs,8371,8371,Read-Only Attributes for Statistics of the MUs,11. Objects Reference Help
6,StatStoreFailTime [SimTalk],8372,8372,Read-Only Attributes for Statistics of the MUs,11. Objects Reference Help
6,StatStorePausingPortion [SimTalk] - MUs,8373,8373,Read-Only Attributes for Statistics of the MUs,11. Objects Reference Help
6,StatStorePausingTime [SimTalk],8374,8374,Read-Only Attributes for Statistics of the MUs,11. Objects Reference Help
6,StatStoreSetupPortion [SimTalk] - MUs,8375,8375,Read-Only Attributes for Statistics of the MUs,11. Objects Reference Help
6,StatStoreSetupTime [SimTalk],8376,8376,Read-Only Attributes for Statistics of the MUs,11. Objects Reference Help
6,StatStoreStoppedPortion [SimTalk] - MUs,8377,8377,Read-Only Attributes for Statistics of the MUs,11. Objects Reference Help
6,StatStoreStoppedTime [SimTalk],8378,8378,Read-Only Attributes for Statistics of the MUs,11. Objects Reference Help
6,StatStoreWaitingPortion [SimTalk] - MUs,8379,8379,Read-Only Attributes for Statistics of the MUs,11. Objects Reference Help
6,StatStoreWaitingTime [SimTalk],8380,8380,Read-Only Attributes for Statistics of the MUs,11. Objects Reference Help
6,StatStoreWorkingPortion [SimTalk] - MUs,8381,8381,Read-Only Attributes for Statistics of the MUs,11. Objects Reference Help
6,StatStoreWorkingTime [SimTalk],8382,8382,Read-Only Attributes for Statistics of the MUs,11. Objects Reference Help
6,StatTranspFailPortion [SimTalk] - MUs,8383,8383,Read-Only Attributes for Statistics of the MUs,11. Objects Reference Help
6,StatTranspFailTime [SimTalk],8384,8384,Read-Only Attributes for Statistics of the MUs,11. Objects Reference Help
6,StatTransportTimePortion [SimTalk],8385,8385,Read-Only Attributes for Statistics of the MUs,11. Objects Reference Help
6,StatTranspPausingPortion [SimTalk] - MUs,8386,8386,Read-Only Attributes for Statistics of the MUs,11. Objects Reference Help
6,StatTranspPausingTime [SimTalk],8387,8387,Read-Only Attributes for Statistics of the MUs,11. Objects Reference Help
6,StatTranspSetupPortion [SimTalk] - MUs,8388,8388,Read-Only Attributes for Statistics of the MUs,11. Objects Reference Help
6,StatTranspSetupTime [SimTalk],8389,8389,Read-Only Attributes for Statistics of the MUs,11. Objects Reference Help
6,StatTranspStoppedPortion [SimTalk] - MUs,8390,8390,Read-Only Attributes for Statistics of the MUs,11. Objects Reference Help
6,StatTranspStoppedTime [SimTalk],8391,8391,Read-Only Attributes for Statistics of the MUs,11. Objects Reference Help
6,StatTranspWaitingPortion [SimTalk] - MUs,8392,8392,Read-Only Attributes for Statistics of the MUs,11. Objects Reference Help
6,StatTranspWaitingTime [SimTalk],8393,8393,Read-Only Attributes for Statistics of the MUs,11. Objects Reference Help
6,StatTranspWorkingPortion [SimTalk] - MUs,8394,8394,Read-Only Attributes for Statistics of the MUs,11. Objects Reference Help
6,StatTranspWorkingTime [SimTalk],8395,8395,Read-Only Attributes for Statistics of the MUs,11. Objects Reference Help
6,StatWaitTimePortion [SimTalk],8396,8396,Read-Only Attributes for Statistics of the MUs,11. Objects Reference Help
6,StatWorkTimePortion [SimTalk],8397,8397,Read-Only Attributes for Statistics of the MUs,11. Objects Reference Help
4,Attributes of All MUs,8397,8448,Shared Properties of the Mobile Objects,11. Objects Reference Help
5,_Attributes of All MUs,8397,8398,Attributes of All MUs,11. Objects Reference Help
5,"AutomaticRouting [SimTalk] - Part, Container",8399,8400,Attributes of All MUs,11. Objects Reference Help
5,BookPntHRelative [SimTalk],8401,8401,Attributes of All MUs,11. Objects Reference Help
5,BookPntLRelative [SimTalk],8402,8404,Attributes of All MUs,11. Objects Reference Help
5,BookPntWRelative [SimTalk],8405,8407,Attributes of All MUs,11. Objects Reference Help
5,ConveyingDirection [SimTalk],8408,8421,Attributes of All MUs,11. Objects Reference Help
5,CostingActive [SimTalk] - MUs,8422,8422,Attributes of All MUs,11. Objects Reference Help
5,Destination [SimTalk] - MUs,8423,8424,Attributes of All MUs,11. Objects Reference Help
5,DestinationListRow [SimTalk],8425,8426,Attributes of All MUs,11. Objects Reference Help
5,DestinationWasReached [SimTalk],8427,8428,Attributes of All MUs,11. Objects Reference Help
5,Height [SimTalk] - MUs,8429,8429,Attributes of All MUs,11. Objects Reference Help
5,Length [SimTalk] - MUs,8430,8431,Attributes of All MUs,11. Objects Reference Help
5,MaterialCostsPerPiece [SimTalk],8432,8432,Attributes of All MUs,11. Objects Reference Help
5,MUHeight [SimTalk],8433,8433,Attributes of All MUs,11. Objects Reference Help
5,MUHeightWithContent [SimTalk],8434,8435,Attributes of All MUs,11. Objects Reference Help
5,MULength [SimTalk],8436,8437,Attributes of All MUs,11. Objects Reference Help
5,MUWidth [SimTalk],8438,8439,Attributes of All MUs,11. Objects Reference Help
5,Name [SimTalk] - MUs,8440,8440,Attributes of All MUs,11. Objects Reference Help
5,ProdStatOn [SimTalk],8441,8441,Attributes of All MUs,11. Objects Reference Help
5,ResetDestinationWhenAtDestination [SimTalk] - MUs,8442,8443,Attributes of All MUs,11. Objects Reference Help
5,ResStatOn [SimTalk] - MUs,8444,8444,Attributes of All MUs,11. Objects Reference Help
5,"RouteWeightingAttr [SimTalk] - Part, Container",8445,8446,Attributes of All MUs,11. Objects Reference Help
5,Stopped [SimTalk] - MUs,8447,8448,Attributes of All MUs,11. Objects Reference Help
5,Width [SimTalk] - MUs,8449,8449,Attributes of All MUs,11. Objects Reference Help
3,Part,8449,8472,Mobile Objects,11. Objects Reference Help
4,Part,8449,8450,Part,11. Objects Reference Help
4,Dialog Box of the Part,8451,8469,Part,11. Objects Reference Help
5,Dialog Box of the Part,8451,8451,Dialog Box of the Part,11. Objects Reference Help
5,Tab Attributes,8452,8462,Dialog Box of the Part,11. Objects Reference Help
6,Tab Attributes,8452,8452,Tab Attributes,11. Objects Reference Help
6,MU Length [Part],8453,8453,Tab Attributes,11. Objects Reference Help
6,MU Width [Part],8454,8454,Tab Attributes,11. Objects Reference Help
6,MU Height [Part],8455,8455,Tab Attributes,11. Objects Reference Help
6,Booking Point Length [Part],8456,8458,Tab Attributes,11. Objects Reference Help
6,Booking Point Width [Part],8459,8461,Tab Attributes,11. Objects Reference Help
6,Booking Point Height [Part],8462,8462,Tab Attributes,11. Objects Reference Help
5,Tab Routing [Part],8463,8463,Dialog Box of the Part,11. Objects Reference Help
5,Tab Product Statistics [MUs],8464,8464,Dialog Box of the Part,11. Objects Reference Help
5,Tab Costs [MUs],8465,8465,Dialog Box of the Part,11. Objects Reference Help
5,Tab User-defined [MUs],8466,8466,Dialog Box of the Part,11. Objects Reference Help
5,Navigate Menu,8467,8467,Dialog Box of the Part,11. Objects Reference Help
5,View Menu,8468,8468,Dialog Box of the Part,11. Objects Reference Help
5,Tools Menu,8469,8469,Dialog Box of the Part,11. Objects Reference Help
5,Help Menu,8470,8470,Dialog Box of the Part,11. Objects Reference Help
4,Methods of the Part,8470,8470,Part,11. Objects Reference Help
5,Methods of the Part,8470,8470,Methods of the Part,11. Objects Reference Help
4,Read-Only Attributes of the Part,8471,8471,Part,11. Objects Reference Help
5,Read-Only Attributes of the Part,8471,8471,Read-Only Attributes of the Part,11. Objects Reference Help
4,Attributes of the Part,8472,8472,Part,11. Objects Reference Help
5,Attributes of the Part,8472,8472,Attributes of the Part,11. Objects Reference Help
3,Container,8473,8520,Mobile Objects,11. Objects Reference Help
4,Container,8473,8475,Container,11. Objects Reference Help
4,Dialog Box of the Container,8476,8505,Container,11. Objects Reference Help
5,Dialog Box of the Container,8476,8476,Dialog Box of the Container,11. Objects Reference Help
5,Tab Attributes,8476,8495,Dialog Box of the Container,11. Objects Reference Help
6,Tab Attributes,8476,8476,Tab Attributes,11. Objects Reference Help
6,MU Length [Container],8477,8477,Tab Attributes,11. Objects Reference Help
6,MU Width [Container],8478,8478,Tab Attributes,11. Objects Reference Help
6,MU Height [Container],8479,8479,Tab Attributes,11. Objects Reference Help
6,Booking Point Length [Container],8480,8482,Tab Attributes,11. Objects Reference Help
6,Booking Point Width [Container],8483,8485,Tab Attributes,11. Objects Reference Help
6,Booking Point Height [Container],8486,8486,Tab Attributes,11. Objects Reference Help
6,X-Dimension [Container],8487,8487,Tab Attributes,11. Objects Reference Help
6,Y-Dimension [Container],8488,8488,Tab Attributes,11. Objects Reference Help
6,Z-Dimension [Container],8489,8489,Tab Attributes,11. Objects Reference Help
6,Workpiece Carrier [check box],8490,8493,Tab Attributes,11. Objects Reference Help
6,Fill Whole Layer [check box] - Container,8494,8495,Tab Attributes,11. Objects Reference Help
5,Tab Routing [Container],8496,8496,Dialog Box of the Container,11. Objects Reference Help
5,Tab Product Statistics [MUs],8497,8497,Dialog Box of the Container,11. Objects Reference Help
5,Tab Statistics,8497,8500,Dialog Box of the Container,11. Objects Reference Help
6,Tab Statistics [Container],8497,8497,Tab Statistics,11. Objects Reference Help
6,Resource Statistics [Container],8498,8498,Tab Statistics,11. Objects Reference Help
6,Resource Statistics Values,8499,8500,Tab Statistics,11. Objects Reference Help
5,Tab Costs [MUs],8501,8501,Dialog Box of the Container,11. Objects Reference Help
5,Tab User-defined [MUs],8502,8502,Dialog Box of the Container,11. Objects Reference Help
5,Navigate Menu,8503,8503,Dialog Box of the Container,11. Objects Reference Help
5,View Menu,8504,8504,Dialog Box of the Container,11. Objects Reference Help
5,Tools Menu,8505,8505,Dialog Box of the Container,11. Objects Reference Help
5,Help Menu,8506,8506,Dialog Box of the Container,11. Objects Reference Help
4,Methods of the Container,8506,8507,Container,11. Objects Reference Help
5,Methods of the Container,8506,8507,Methods of the Container,11. Objects Reference Help
5,findPart [SimTalk] - Container,8508,8508,Methods of the Container,11. Objects Reference Help
4,Read-Only Attributes of the Container,8508,8508,Container,11. Objects Reference Help
5,Read-Only Attributes of the Container,8508,8508,Read-Only Attributes of the Container,11. Objects Reference Help
4,Attributes of the Container,8509,8520,Container,11. Objects Reference Help
5,_Attributes of the Container,8509,8510,Attributes of the Container,11. Objects Reference Help
5,DistributeCosts [SimTalk],8511,8511,Attributes of the Container,11. Objects Reference Help
5,FillWholeLayer [SimTalk] - Container,8512,8513,Attributes of the Container,11. Objects Reference Help
5,WorkpieceCarrierActive [SimTalk],8514,8515,Attributes of the Container,11. Objects Reference Help
5,XDim [SimTalk] - Container,8516,8517,Attributes of the Container,11. Objects Reference Help
5,YDim [SimTalk] - Container,8518,8519,Attributes of the Container,11. Objects Reference Help
5,ZDim [SimTalk] - Container,8520,8520,Attributes of the Container,11. Objects Reference Help
3,Transporter,8521,8852,Mobile Objects,11. Objects Reference Help
4,Transporter,8521,8528,Transporter,11. Objects Reference Help
4,Routing and Driving Properties,8529,8529,Transporter,11. Objects Reference Help
4,How the Transporter Gets to Its Destination,8530,8532,Transporter,11. Objects Reference Help
4,States of the Transporter,8533,8533,Transporter,11. Objects Reference Help
4,Model Tugger Trains,8534,8541,Transporter,11. Objects Reference Help
5,Model Tugger Trains,8534,8535,Model Tugger Trains,11. Objects Reference Help
5,Hitching and Unhitching Transporters,8536,8537,Model Tugger Trains,11. Objects Reference Help
5,Designating the Tractor,8538,8539,Model Tugger Trains,11. Objects Reference Help
5,Failures and Pauses [tugger train],8540,8540,Model Tugger Trains,11. Objects Reference Help
5,Controls of the Tugger Train,8541,8541,Model Tugger Trains,11. Objects Reference Help
4,Dialog Box of the Transporter,8542,8658,Transporter,11. Objects Reference Help
5,Dialog Box of the Transporter,8542,8542,Dialog Box of the Transporter,11. Objects Reference Help
5,Failed [check box] - Transporter,8543,8543,Dialog Box of the Transporter,11. Objects Reference Help
5,Paused/Planned/Unplanned [Transporter],8544,8544,Dialog Box of the Transporter,11. Objects Reference Help
5,Tab Attributes,8544,8560,Dialog Box of the Transporter,11. Objects Reference Help
6,Tab Attributes,8544,8544,Tab Attributes,11. Objects Reference Help
6,MU Length [Transporter],8545,8545,Tab Attributes,11. Objects Reference Help
6,MU Width [Transporter],8546,8546,Tab Attributes,11. Objects Reference Help
6,MU Height [Transporter],8547,8547,Tab Attributes,11. Objects Reference Help
6,Booking Point Length [Transporter],8548,8549,Tab Attributes,11. Objects Reference Help
6,Booking Point Width [Transporter],8550,8551,Tab Attributes,11. Objects Reference Help
6,Booking Point Height [Transporter],8552,8552,Tab Attributes,11. Objects Reference Help
6,Speed [Transporter],8553,8553,Tab Attributes,11. Objects Reference Help
6,Backwards [Transporter],8554,8554,Tab Attributes,11. Objects Reference Help
6,Acceleration [check box] - Transporter,8555,8555,Tab Attributes,11. Objects Reference Help
6,Current Speed [text box] - Transporter,8556,8556,Tab Attributes,11. Objects Reference Help
6,Acceleration [text box] - Transporter,8557,8557,Tab Attributes,11. Objects Reference Help
6,Deceleration [text box] - Transporter,8558,8558,Tab Attributes,11. Objects Reference Help
6,Is Tractor [check box],8559,8560,Tab Attributes,11. Objects Reference Help
6,Start Delay Duration [text box],8561,8561,Tab Attributes,11. Objects Reference Help
5,Tab Load Bay,8561,8584,Dialog Box of the Transporter,11. Objects Reference Help
6,Tab Load Bay,8561,8561,Tab Load Bay,11. Objects Reference Help
6,Type [loading space],8562,8564,Tab Load Bay,11. Objects Reference Help
6,X-Dimension [Transporter],8565,8566,Tab Load Bay,11. Objects Reference Help
6,Y-Dimension [Transporter],8567,8568,Tab Load Bay,11. Objects Reference Help
6,Z-Dimension [Transporter],8569,8569,Tab Load Bay,11. Objects Reference Help
6,Length [text box] - loading space,8570,8570,Tab Load Bay,11. Objects Reference Help
6,Capacity [text box] - Transporter,8571,8571,Tab Load Bay,11. Objects Reference Help
6,Speed [text box] - Transporter,8572,8572,Tab Load Bay,11. Objects Reference Help
6,Current Speed [text box] - loading space,8573,8573,Tab Load Bay,11. Objects Reference Help
6,Accumulating [check box] - Transporter,8574,8574,Tab Load Bay,11. Objects Reference Help
6,Backwards [check box] - loading space,8575,8576,Tab Load Bay,11. Objects Reference Help
6,Acceleration [check box] - loading space,8577,8577,Tab Load Bay,11. Objects Reference Help
6,Acceleration [text box] - loading space,8578,8578,Tab Load Bay,11. Objects Reference Help
6,Deceleration [text box] - loading space,8579,8579,Tab Load Bay,11. Objects Reference Help
6,Controls [loading space],8580,8583,Tab Load Bay,11. Objects Reference Help
6,Sensors [Transporter],8584,8584,Tab Load Bay,11. Objects Reference Help
5,Tab Routing,8585,8603,Dialog Box of the Transporter,11. Objects Reference Help
6,Tab Routing [Transporter],8585,8586,Tab Routing,11. Objects Reference Help
6,Automatic Routing [Transporter],8587,8589,Tab Routing,11. Objects Reference Help
6,Automatic Routing [Transporters driving freely],8590,8590,Tab Routing,11. Objects Reference Help
6,Reset Destination When at Destination [Transporter],8591,8591,Tab Routing,11. Objects Reference Help
6,Destination [text box] - Transporter,8592,8593,Tab Routing,11. Objects Reference Help
6,Route Weighting Attribute - Transporter,8594,8596,Tab Routing,11. Objects Reference Help
6,Stop at Destination,8597,8598,Tab Routing,11. Objects Reference Help
6,Default Curve Radius [text box],8599,8600,Tab Routing,11. Objects Reference Help
6,Rotation Speed [text box],8601,8602,Tab Routing,11. Objects Reference Help
6,Curve Speed [text box],8603,8603,Tab Routing,11. Objects Reference Help
5,Tab Failures,8604,8604,Dialog Box of the Transporter,11. Objects Reference Help
5,Tab Controls,8604,8629,Dialog Box of the Transporter,11. Objects Reference Help
6,Tab Controls,8604,8605,Tab Controls,11. Objects Reference Help
6,Driving Control,8606,8607,Tab Controls,11. Objects Reference Help
6,Routing Control,8608,8609,Tab Controls,11. Objects Reference Help
6,Destination Control,8610,8611,Tab Controls,11. Objects Reference Help
6,Collision Control,8612,8612,Tab Controls,11. Objects Reference Help
6,Distance Control,8613,8627,Tab Controls,11. Objects Reference Help
7,Distance Control,8613,8617,Distance Control,11. Objects Reference Help
7,Distance [text box] - distance control,8618,8619,Distance Control,11. Objects Reference Help
7,Length Zone 1,8620,8621,Distance Control,11. Objects Reference Help
7,ΔWidth Zone 1,8622,8623,Distance Control,11. Objects Reference Help
7,Length Zone 2,8624,8625,Distance Control,11. Objects Reference Help
7,ΔWidth Zone 2,8626,8627,Distance Control,11. Objects Reference Help
6,Speed Control [Transporter],8628,8629,Tab Controls,11. Objects Reference Help
6,Shift Calendar [Transporter],8630,8630,Tab Controls,11. Objects Reference Help
5,Tab Battery,8630,8640,Dialog Box of the Transporter,11. Objects Reference Help
6,Tab Battery,8630,8631,Tab Battery,11. Objects Reference Help
6,Battery [check box],8632,8632,Tab Battery,11. Objects Reference Help
6,Charge,8633,8633,Tab Battery,11. Objects Reference Help
6,Basic Consumption,8634,8634,Tab Battery,11. Objects Reference Help
6,Driving Consumption,8635,8635,Tab Battery,11. Objects Reference Help
6,Capacity [text box] - battery,8636,8636,Tab Battery,11. Objects Reference Help
6,Reserve,8637,8637,Tab Battery,11. Objects Reference Help
6,Charge Current,8638,8638,Tab Battery,11. Objects Reference Help
6,Charge Control,8639,8640,Tab Battery,11. Objects Reference Help
5,Tab Product Statistics [MUs],8641,8641,Dialog Box of the Transporter,11. Objects Reference Help
5,Tab Statistics,8641,8645,Dialog Box of the Transporter,11. Objects Reference Help
6,Tab Statistics [Transporter],8641,8642,Tab Statistics,11. Objects Reference Help
6,Driving Statistics,8643,8643,Tab Statistics,11. Objects Reference Help
6,Statistics Values [Transporter],8644,8645,Tab Statistics,11. Objects Reference Help
5,Tab User-defined [MUs],8646,8646,Dialog Box of the Transporter,11. Objects Reference Help
5,Navigate Menu,8647,8647,Dialog Box of the Transporter,11. Objects Reference Help
5,View Menu,8647,8648,Dialog Box of the Transporter,11. Objects Reference Help
6,View Menu,8647,8647,View Menu,11. Objects Reference Help
6,Route to Destination [Transporter],8648,8648,View Menu,11. Objects Reference Help
5,Tools Menu,8649,8657,Dialog Box of the Transporter,11. Objects Reference Help
6,Tools Menu,8649,8649,Tools Menu,11. Objects Reference Help
6,Fail Control [Transporter],8650,8652,Tools Menu,11. Objects Reference Help
6,Init Control [Transporter],8653,8654,Tools Menu,11. Objects Reference Help
6,Pause Control [Transporter],8655,8657,Tools Menu,11. Objects Reference Help
5,Tabs Menu,8658,8658,Dialog Box of the Transporter,11. Objects Reference Help
5,Help Menu,8659,8659,Dialog Box of the Transporter,11. Objects Reference Help
4,Methods of the Transporter,8659,8706,Transporter,11. Objects Reference Help
5,_Methods of the Transporter,8659,8660,Methods of the Transporter,11. Objects Reference Help
5,calcBrakingDistance [SimTalk] - Transporter,8661,8661,Methods of the Transporter,11. Objects Reference Help
5,changeDrivingDirection [SimTalk],8662,8662,Methods of the Transporter,11. Objects Reference Help
5,drive [SimTalk],8663,8664,Methods of the Transporter,11. Objects Reference Help
5,endFailure [SimTalk] - Transporter,8665,8665,Methods of the Transporter,11. Objects Reference Help
5,endFailureIn [SimTalk] - Transporter,8666,8666,Methods of the Transporter,11. Objects Reference Help
5,endPause [SimTalk] - Transporter,8667,8667,Methods of the Transporter,11. Objects Reference Help
5,endPauseIn [SimTalk] - Transporter,8668,8668,Methods of the Transporter,11. Objects Reference Help
5,eraseFailureEvents [SimTalk] - Transporter,8669,8669,Methods of the Transporter,11. Objects Reference Help
5,erasePauseEvents [SimTalk] - Transporter,8670,8670,Methods of the Transporter,11. Objects Reference Help
5,getLane [SimTalk],8671,8671,Methods of the Transporter,11. Objects Reference Help
5,getLaneNo [SimTalk],8672,8672,Methods of the Transporter,11. Objects Reference Help
5,getRoute [SimTalk] - Transporter,8673,8674,Methods of the Transporter,11. Objects Reference Help
5,getRouteIntermediateDestination [SimTalk] - Transporter,8675,8676,Methods of the Transporter,11. Objects Reference Help
5,getRouteLength [SimTalk] - Transporter,8677,8678,Methods of the Transporter,11. Objects Reference Help
5,getSafetyZoneContent [SimTalk],8679,8680,Methods of the Transporter,11. Objects Reference Help
5,hitchFront [SimTalk],8681,8682,Methods of the Transporter,11. Objects Reference Help
5,hitchRear [SimTalk],8683,8684,Methods of the Transporter,11. Objects Reference Help
5,onLaneA [SimTalk],8685,8685,Methods of the Transporter,11. Objects Reference Help
5,onLaneB [SimTalk],8686,8686,Methods of the Transporter,11. Objects Reference Help
5,rotate [SimTalk] - Transporter,8687,8687,Methods of the Transporter,11. Objects Reference Help
5,rotateTowards [SimTalk] - Transporter,8688,8688,Methods of the Transporter,11. Objects Reference Help
5,setRoute [SimTalk] - Transporter,8689,8690,Methods of the Transporter,11. Objects Reference Help
5,setRouteFromCoordinates [SimTalk],8691,8694,Methods of the Transporter,11. Objects Reference Help
5,setRouteSegments [SimTalk],8695,8698,Methods of the Transporter,11. Objects Reference Help
5,setWorldPosition [SimTalk],8699,8699,Methods of the Transporter,11. Objects Reference Help
5,startFailure [SimTalk] - Transporter,8700,8700,Methods of the Transporter,11. Objects Reference Help
5,startFailureIn [SimTalk] - Transporter,8701,8701,Methods of the Transporter,11. Objects Reference Help
5,startPause [SimTalk] - Transporter,8702,8702,Methods of the Transporter,11. Objects Reference Help
5,startPauseIn [SimTalk] - Transporter,8703,8703,Methods of the Transporter,11. Objects Reference Help
5,unhitchFront [SimTalk],8704,8705,Methods of the Transporter,11. Objects Reference Help
5,unhitchRear [SimTalk],8706,8706,Methods of the Transporter,11. Objects Reference Help
4,Read-Only Attributes of the Transporter,8707,8747,Transporter,11. Objects Reference Help
5,_Read-Only Attributes of the Transporter,8707,8708,Read-Only Attributes of the Transporter,11. Objects Reference Help
5,AGVPool [SimTalk],8709,8709,Read-Only Attributes of the Transporter,11. Objects Reference Help
5,Collided [SimTalk],8710,8710,Read-Only Attributes of the Transporter,11. Objects Reference Help
5,CurrentAcceleration [SimTalk] - Transporter,8711,8711,Read-Only Attributes of the Transporter,11. Objects Reference Help
5,DistanceObjectBelowLimit [SimTalk],8712,8712,Read-Only Attributes of the Transporter,11. Objects Reference Help
5,GetFrontWagon [SimTalk],8713,8714,Read-Only Attributes of the Transporter,11. Objects Reference Help
5,GetRearWagon [SimTalk],8715,8716,Read-Only Attributes of the Transporter,11. Objects Reference Help
5,GetTractor [SimTalk],8717,8717,Read-Only Attributes of the Transporter,11. Objects Reference Help
5,HasRouteToDestination [SimTalk] - Transporter,8718,8718,Read-Only Attributes of the Transporter,11. Objects Reference Help
5,SafetyZonesEmpty [SimTalk],8719,8719,Read-Only Attributes of the Transporter,11. Objects Reference Help
5,StatBatChargeCount [SimTalk],8720,8720,Read-Only Attributes of the Transporter,11. Objects Reference Help
5,StatBatChargePortion [SimTalk],8721,8721,Read-Only Attributes of the Transporter,11. Objects Reference Help
5,StatHomeDrivingPortion [SimTalk],8722,8722,Read-Only Attributes of the Transporter,11. Objects Reference Help
5,StatHomeDrivingTime [SimTalk],8723,8723,Read-Only Attributes of the Transporter,11. Objects Reference Help
5,StatOrderEmptyPortion [SimTalk],8724,8724,Read-Only Attributes of the Transporter,11. Objects Reference Help
5,StatOrderEmptyTime [SimTalk],8725,8725,Read-Only Attributes of the Transporter,11. Objects Reference Help
5,StatOrderOccPortion [SimTalk],8726,8726,Read-Only Attributes of the Transporter,11. Objects Reference Help
5,StatOrderOccTime [SimTalk],8727,8727,Read-Only Attributes of the Transporter,11. Objects Reference Help
5,StatTraveledDistance [SimTalk] - Transporter,8728,8728,Read-Only Attributes of the Transporter,11. Objects Reference Help
5,StatTspFailCount [SimTalk],8729,8729,Read-Only Attributes of the Transporter,11. Objects Reference Help
5,StatTspFailDelta [SimTalk],8730,8730,Read-Only Attributes of the Transporter,11. Objects Reference Help
5,StatTspFailMu [SimTalk],8731,8731,Read-Only Attributes of the Transporter,11. Objects Reference Help
5,StatTspFailPortion [SimTalk],8732,8732,Read-Only Attributes of the Transporter,11. Objects Reference Help
5,StatTspFailTime [SimTalk],8733,8733,Read-Only Attributes of the Transporter,11. Objects Reference Help
5,StatTspPausingCount [SimTalk],8734,8734,Read-Only Attributes of the Transporter,11. Objects Reference Help
5,StatTspPausingDelta [SimTalk],8735,8735,Read-Only Attributes of the Transporter,11. Objects Reference Help
5,StatTspPausingMu [SimTalk],8736,8736,Read-Only Attributes of the Transporter,11. Objects Reference Help
5,StatTspPausingPortion [SimTalk],8737,8737,Read-Only Attributes of the Transporter,11. Objects Reference Help
5,StatTspPausingTime [SimTalk],8738,8738,Read-Only Attributes of the Transporter,11. Objects Reference Help
5,StatTspReadyCount [SimTalk],8739,8739,Read-Only Attributes of the Transporter,11. Objects Reference Help
5,StatTspReadyDelta [SimTalk],8740,8740,Read-Only Attributes of the Transporter,11. Objects Reference Help
5,StatTspReadyMu [SimTalk],8741,8741,Read-Only Attributes of the Transporter,11. Objects Reference Help
5,StatTspReadyPortion [SimTalk],8742,8742,Read-Only Attributes of the Transporter,11. Objects Reference Help
5,StatTspReadyTime [SimTalk],8743,8743,Read-Only Attributes of the Transporter,11. Objects Reference Help
5,StatTspUnplannedCount [SimTalk],8744,8744,Read-Only Attributes of the Transporter,11. Objects Reference Help
5,StatTspUnplannedDelta [SimTalk],8745,8745,Read-Only Attributes of the Transporter,11. Objects Reference Help
5,StatTspUnplannedMu [SimTalk],8746,8746,Read-Only Attributes of the Transporter,11. Objects Reference Help
5,StatTspUnplannedPortion [SimTalk],8747,8747,Read-Only Attributes of the Transporter,11. Objects Reference Help
5,StatTspUnplannedTime [SimTalk],8748,8748,Read-Only Attributes of the Transporter,11. Objects Reference Help
4,Attributes of the Transporter,8748,8852,Transporter,11. Objects Reference Help
5,_Attributes of the Transporter,8748,8749,Attributes of the Transporter,11. Objects Reference Help
5,Acceleration [SimTalk] - Transporter,8750,8750,Attributes of the Transporter,11. Objects Reference Help
5,AccelerationEnabled [SimTalk] - Transporter,8751,8751,Attributes of the Transporter,11. Objects Reference Help
5,Accumulating [SimTalk] - Transporter,8752,8752,Attributes of the Transporter,11. Objects Reference Help
5,AutomaticRouting [SimTalk] - Transporter,8753,8754,Attributes of the Transporter,11. Objects Reference Help
5,Backwards [SimTalk] - Transporter,8755,8756,Attributes of the Transporter,11. Objects Reference Help
5,BatBasicCons [SimTalk],8757,8757,Attributes of the Transporter,11. Objects Reference Help
5,BatCapacity [SimTalk],8758,8758,Attributes of the Transporter,11. Objects Reference Help
5,BatCharge [SimTalk],8759,8759,Attributes of the Transporter,11. Objects Reference Help
5,BatChargeCtrl [SimTalk],8760,8760,Attributes of the Transporter,11. Objects Reference Help
5,BatChargeCurrent [SimTalk],8761,8761,Attributes of the Transporter,11. Objects Reference Help
5,BatCharging [SimTalk],8762,8762,Attributes of the Transporter,11. Objects Reference Help
5,BatDriveCons [SimTalk],8763,8763,Attributes of the Transporter,11. Objects Reference Help
5,BatReserve [SimTalk],8764,8764,Attributes of the Transporter,11. Objects Reference Help
5,BatteryUsed [SimTalk],8765,8765,Attributes of the Transporter,11. Objects Reference Help
5,BwEntranceCtrl [SimTalk] - Transporter,8766,8766,Attributes of the Transporter,11. Objects Reference Help
5,BwEntranceCtrlFront [SimTalk] - Transporter,8767,8767,Attributes of the Transporter,11. Objects Reference Help
5,BwEntranceCtrlRear [SimTalk] - Transporter,8768,8768,Attributes of the Transporter,11. Objects Reference Help
5,BwExitCtrl [SimTalk] - Transporter,8769,8769,Attributes of the Transporter,11. Objects Reference Help
5,BwExitCtrlFront [SimTalk] - Transporter,8770,8770,Attributes of the Transporter,11. Objects Reference Help
5,BwExitCtrlRear [SimTalk] - Transporter,8771,8771,Attributes of the Transporter,11. Objects Reference Help
5,Capacity [SimTalk] - Transporter,8772,8772,Attributes of the Transporter,11. Objects Reference Help
5,CollisionCtrl [SimTalk] - Transporter,8773,8774,Attributes of the Transporter,11. Objects Reference Help
5,CurrentSpeed [SimTalk] - Transporter,8775,8776,Attributes of the Transporter,11. Objects Reference Help
5,CurveSpeed [SimTalk],8777,8778,Attributes of the Transporter,11. Objects Reference Help
5,Deceleration [SimTalk] - Transporter,8779,8779,Attributes of the Transporter,11. Objects Reference Help
5,DefaultCurveRadius [SimTalk],8780,8781,Attributes of the Transporter,11. Objects Reference Help
5,DestCtrl [SimTalk],8782,8783,Attributes of the Transporter,11. Objects Reference Help
5,Destination [SimTalk] - Transporter,8784,8785,Attributes of the Transporter,11. Objects Reference Help
5,Distance [SimTalk],8786,8786,Attributes of the Transporter,11. Objects Reference Help
5,DistanceCtrl [SimTalk],8787,8789,Attributes of the Transporter,11. Objects Reference Help
5,DriveCtrl [SimTalk],8790,8791,Attributes of the Transporter,11. Objects Reference Help
5,DrivingHome [SimTalk],8792,8792,Attributes of the Transporter,11. Objects Reference Help
5,EntranceCtrl [SimTalk] - Transporter,8793,8794,Attributes of the Transporter,11. Objects Reference Help
5,EntranceCtrlFront [SimTalk] - Transporter,8795,8796,Attributes of the Transporter,11. Objects Reference Help
5,EntranceCtrlRear [SimTalk] - Transporter,8797,8798,Attributes of the Transporter,11. Objects Reference Help
5,ExitCtrl [SimTalk] - Transporter,8799,8800,Attributes of the Transporter,11. Objects Reference Help
5,ExitCtrlFront [SimTalk] - Transporter,8801,8802,Attributes of the Transporter,11. Objects Reference Help
5,ExitCtrlRear [SimTalk] - Transporter,8803,8804,Attributes of the Transporter,11. Objects Reference Help
5,Failed [SimTalk] - Transporter,8805,8806,Attributes of the Transporter,11. Objects Reference Help
5,HasOrder [SimTalk] - Transporter,8807,8807,Attributes of the Transporter,11. Objects Reference Help
5,InitCtrl [SimTalk] - Transporter,8808,8808,Attributes of the Transporter,11. Objects Reference Help
5,IsIdle [SimTalk] - Transporter,8809,8809,Attributes of the Transporter,11. Objects Reference Help
5,IsTractor [SimTalk],8810,8810,Attributes of the Transporter,11. Objects Reference Help
5,LoadBayAcceleration [SimTalk],8811,8811,Attributes of the Transporter,11. Objects Reference Help
5,LoadBayAccelerationEnabled [SimTalk],8812,8812,Attributes of the Transporter,11. Objects Reference Help
5,LoadBayBackwards [SimTalk],8813,8813,Attributes of the Transporter,11. Objects Reference Help
5,LoadBayCurrentSpeed [SimTalk],8814,8814,Attributes of the Transporter,11. Objects Reference Help
5,LoadBayDeceleration [SimTalk],8815,8815,Attributes of the Transporter,11. Objects Reference Help
5,LoadBayLength [SimTalk] - Transporter,8816,8816,Attributes of the Transporter,11. Objects Reference Help
5,LoadBaySpeed [SimTalk] - Transporter,8817,8817,Attributes of the Transporter,11. Objects Reference Help
5,LoadBaySpeedCtrl [SimTalk],8818,8820,Attributes of the Transporter,11. Objects Reference Help
5,LoadBayType [SimTalk],8821,8822,Attributes of the Transporter,11. Objects Reference Help
5,Pause [SimTalk] - Transporter,8823,8824,Attributes of the Transporter,11. Objects Reference Help
5,ResetDestinationWhenAtDestination [SimTalk] - Transporter,8825,8826,Attributes of the Transporter,11. Objects Reference Help
5,RotationSpeed [SimTalk],8827,8828,Attributes of the Transporter,11. Objects Reference Help
5,RouteWeightingAttr [SimTalk] - Transporter,8829,8830,Attributes of the Transporter,11. Objects Reference Help
5,RoutingCtrl [SimTalk],8831,8831,Attributes of the Transporter,11. Objects Reference Help
5,SafetyZones [SimTalk],8832,8834,Attributes of the Transporter,11. Objects Reference Help
5,ShiftCalendarObject [SimTalk] - Transporter,8835,8835,Attributes of the Transporter,11. Objects Reference Help
5,Speed [SimTalk] - Transporter,8836,8836,Attributes of the Transporter,11. Objects Reference Help
5,SpeedCtrl [SimTalk] - Transporter,8837,8838,Attributes of the Transporter,11. Objects Reference Help
5,StartDelayDuration [SimTalk],8839,8839,Attributes of the Transporter,11. Objects Reference Help
5,StopAtDestination [SimTalk],8840,8841,Attributes of the Transporter,11. Objects Reference Help
5,StoppingCounter [SimTalk],8842,8843,Attributes of the Transporter,11. Objects Reference Help
5,TargetDistance [SimTalk],8844,8845,Attributes of the Transporter,11. Objects Reference Help
5,TargetPosition [SimTalk],8846,8847,Attributes of the Transporter,11. Objects Reference Help
5,XDim [SimTalk] - Transporter,8848,8849,Attributes of the Transporter,11. Objects Reference Help
5,YDim [SimTalk] - Transporter,8850,8851,Attributes of the Transporter,11. Objects Reference Help
5,ZDim [SimTalk] - Transporter,8852,8852,Attributes of the Transporter,11. Objects Reference Help
2,Tools,8853,9104,11. Objects Reference Help,11. Objects Reference Help
3,Tools,8853,8854,Tools,11. Objects Reference Help
3,BottleneckAnalyzer,8855,8863,Tools,11. Objects Reference Help
4,BottleneckAnalyzer [object],8855,8856,BottleneckAnalyzer,11. Objects Reference Help
4,Configure the BottleneckAnalyzer Through Other Objects,8857,8857,BottleneckAnalyzer,11. Objects Reference Help
4,Tab Analyze,8857,8859,BottleneckAnalyzer,11. Objects Reference Help
5,Tab Analyze,8857,8857,Tab Analyze,11. Objects Reference Help
5,Analyze,8858,8858,Tab Analyze,11. Objects Reference Help
5,Remove,8859,8859,Tab Analyze,11. Objects Reference Help
5,Open [BottleneckAnalyzer],8860,8860,Tab Analyze,11. Objects Reference Help
4,Tab Configure,8860,8862,BottleneckAnalyzer,11. Objects Reference Help
5,Tab Configure,8860,8860,Tab Configure,11. Objects Reference Help
5,Resources [BottleneckAnalyzer],8861,8861,Tab Configure,11. Objects Reference Help
5,Display [BottleneckAnalyzer],8862,8862,Tab Configure,11. Objects Reference Help
4,Navigate Menu,8863,8863,BottleneckAnalyzer,11. Objects Reference Help
4,Help Menu,8864,8864,BottleneckAnalyzer,11. Objects Reference Help
3,EnergyAnalyzer,8864,8878,Tools,11. Objects Reference Help
4,EnergyAnalyzer [object],8864,8865,EnergyAnalyzer,11. Objects Reference Help
4,Tab Evaluate,8866,8872,EnergyAnalyzer,11. Objects Reference Help
5,Tab Evaluate,8866,8866,Tab Evaluate,11. Objects Reference Help
5,Open [EnergyAnalyzer],8867,8867,Tab Evaluate,11. Objects Reference Help
5,Show [EnergyAnalyzer],8868,8868,Tab Evaluate,11. Objects Reference Help
5,Visualization [EnergyAnalyzer],8869,8871,Tab Evaluate,11. Objects Reference Help
5,Plot,8872,8872,Tab Evaluate,11. Objects Reference Help
4,Tab Objects,8873,8873,EnergyAnalyzer,11. Objects Reference Help
4,Tab Settings,8873,8876,EnergyAnalyzer,11. Objects Reference Help
5,Tab Settings,8873,8873,Tab Settings,11. Objects Reference Help
5,Monitor energy consumption,8874,8874,Tab Settings,11. Objects Reference Help
5,Graphics layer [EnergyAnalyzer],8875,8875,Tab Settings,11. Objects Reference Help
5,Radius [EnergyAnalyzer],8876,8876,Tab Settings,11. Objects Reference Help
4,Navigate Menu,8877,8877,EnergyAnalyzer,11. Objects Reference Help
4,Tools Menu,8878,8878,EnergyAnalyzer,11. Objects Reference Help
4,Help Menu,8879,8879,EnergyAnalyzer,11. Objects Reference Help
3,ExperimentManager,8879,8956,Tools,11. Objects Reference Help
4,ExperimentManager [object],8879,8879,ExperimentManager,11. Objects Reference Help
4,How It Works and What You Can Do with It,8880,8883,ExperimentManager,11. Objects Reference Help
5,How It Works and What You Can Do with It,8880,8881,How It Works and What You Can Do with It,11. Objects Reference Help
5,Using the ExperimentManager,8882,8882,How It Works and What You Can Do with It,11. Objects Reference Help
5,Conducting Simulation Studies,8883,8883,How It Works and What You Can Do with It,11. Objects Reference Help
4,Defining the Experiments,8884,8892,ExperimentManager,11. Objects Reference Help
5,Defining the Experiments,8884,8885,Defining the Experiments,11. Objects Reference Help
5,Select the Output Values for the Experiments,8886,8887,Defining the Experiments,11. Objects Reference Help
5,Select the Input Values for the Experiments,8888,8890,Defining the Experiments,11. Objects Reference Help
5,Define the Input Values in the Experiment Table,8891,8892,Defining the Experiments,11. Objects Reference Help
5,Restore Input Values,8893,8893,Defining the Experiments,11. Objects Reference Help
4,Controlling the Experiment Runs,8893,8902,ExperimentManager,11. Objects Reference Help
5,Controlling the Experiment Runs,8893,8894,Controlling the Experiment Runs,11. Objects Reference Help
5,Automatically Generating Experiments,8895,8902,Controlling the Experiment Runs,11. Objects Reference Help
6,Automatically Generating Experiments,8895,8896,Automatically Generating Experiments,11. Objects Reference Help
6,Use a Multi-level Experimental Design,8897,8898,Automatically Generating Experiments,11. Objects Reference Help
6,Use a Random Experimental Design,8899,8899,Automatically Generating Experiments,11. Objects Reference Help
6,Use a Two-level Experimental Design and the Factorial Analysis,8900,8902,Automatically Generating Experiments,11. Objects Reference Help
4,Viewing Evaluations,8903,8914,ExperimentManager,11. Objects Reference Help
5,Viewing Evaluations,8903,8905,Viewing Evaluations,11. Objects Reference Help
5,Show the Results in a Report,8906,8906,Viewing Evaluations,11. Objects Reference Help
5,View Output Values of Interest,8907,8914,Viewing Evaluations,11. Objects Reference Help
6,View Output Values of Interest,8907,8911,View Output Values of Interest,11. Objects Reference Help
6,Add User-defined Charts and SankeyDiagrams to the Report,8912,8913,View Output Values of Interest,11. Objects Reference Help
6,Add User-defined Entries to the Report,8914,8914,View Output Values of Interest,11. Objects Reference Help
6,Prematurely Terminate an Experiment Study,8915,8915,View Output Values of Interest,11. Objects Reference Help
4,Advanced Settings,8915,8944,ExperimentManager,11. Objects Reference Help
5,Advanced Settings,8915,8916,Advanced Settings,11. Objects Reference Help
5,Use a Configuration Method,8917,8917,Advanced Settings,11. Objects Reference Help
5,Use an Evaluation Method,8918,8918,Advanced Settings,11. Objects Reference Help
5,Set the Random Number Seed Values,8919,8919,Advanced Settings,11. Objects Reference Help
5,Specify Settings for the Statistical Reliability,8920,8920,Advanced Settings,11. Objects Reference Help
5,Additional Settings,8921,8921,Advanced Settings,11. Objects Reference Help
5,Restore original input values,8922,8922,Advanced Settings,11. Objects Reference Help
5,Validating the Simulation Study,8923,8928,Advanced Settings,11. Objects Reference Help
6,Validating the Simulation Study,8923,8924,Validating the Simulation Study,11. Objects Reference Help
6,Save the Models After Each Experiment,8925,8926,Validating the Simulation Study,11. Objects Reference Help
6,Specify the Parameters of a Simulation Run in the Simulation Model,8927,8928,Validating the Simulation Study,11. Objects Reference Help
5,Run Distributed Simulations,8929,8932,Advanced Settings,11. Objects Reference Help
5,Defining Rule-based Settings,8933,8942,Advanced Settings,11. Objects Reference Help
6,Define Rule-based Settings,8933,8933,Defining Rule-based Settings,11. Objects Reference Help
6,How Do Rules Work?,8934,8942,Defining Rule-based Settings,11. Objects Reference Help
7,How Do Rules Work?,8934,8935,How Do Rules Work?,11. Objects Reference Help
7,Table Condition,8936,8936,How Do Rules Work?,11. Objects Reference Help
7,Table Action,8937,8937,How Do Rules Work?,11. Objects Reference Help
7,Method Condition,8938,8938,How Do Rules Work?,11. Objects Reference Help
7,Method Action,8939,8939,How Do Rules Work?,11. Objects Reference Help
7,Scope and Priorities,8940,8940,How Do Rules Work?,11. Objects Reference Help
7,Initialization Rules,8941,8941,How Do Rules Work?,11. Objects Reference Help
7,Priority of a Rule,8942,8942,How Do Rules Work?,11. Objects Reference Help
5,Example of a Dynamic Parameterization,8943,8944,Advanced Settings,11. Objects Reference Help
4,Recording the Results of a Simulation Study,8945,8945,ExperimentManager,11. Objects Reference Help
4,Attributes of the ExperimentManager,8946,8949,ExperimentManager,11. Objects Reference Help
5,Attributes of the ExperimentManager,8946,8947,Attributes of the ExperimentManager,11. Objects Reference Help
5,UserConfigMethod [SimTalk],8948,8948,Attributes of the ExperimentManager,11. Objects Reference Help
5,UserEvalMethod [SimTalk],8949,8949,Attributes of the ExperimentManager,11. Objects Reference Help
5,UserSeedValueMethod [SimTalk],8950,8950,Attributes of the ExperimentManager,11. Objects Reference Help
4,Configuring DCOM for Remote Access,8950,8956,ExperimentManager,11. Objects Reference Help
5,Configuring DCOM for Remote Access,8950,8951,Configuring DCOM for Remote Access,11. Objects Reference Help
5,Configure DCOM on the Remote Computer,8952,8956,Configuring DCOM for Remote Access,11. Objects Reference Help
3,GAWizard,8957,8958,Tools,11. Objects Reference Help
4,GAWizard,8957,8958,GAWizard,11. Objects Reference Help
3,Neural Network,8959,8976,Tools,11. Objects Reference Help
4,Neural Network,8959,8960,Neural Network,11. Objects Reference Help
4,Evaluating Simulation Studies with the Neural Network,8961,8961,Neural Network,11. Objects Reference Help
4,The Structure of the Neural Network,8962,8962,Neural Network,11. Objects Reference Help
4,Importing Training Data,8963,8964,Neural Network,11. Objects Reference Help
4,Training and Checking the Neural Network,8965,8966,Neural Network,11. Objects Reference Help
4,Illustrating the Results of the Training,8967,8968,Neural Network,11. Objects Reference Help
4,Analyzing the Quality of the Neural Network,8969,8969,Neural Network,11. Objects Reference Help
4,Forecasting,8970,8972,Neural Network,11. Objects Reference Help
4,Configuring the Neural Network,8973,8976,Neural Network,11. Objects Reference Help
4,Calculating the Output Values,8977,8977,Neural Network,11. Objects Reference Help
3,Sequential Sampler,8977,8981,Tools,11. Objects Reference Help
4,Sequential Sampler,8977,8979,Sequential Sampler,11. Objects Reference Help
4,Tab Definition,8980,8981,Sequential Sampler,11. Objects Reference Help
4,Tab Evaluation,8982,8982,Sequential Sampler,11. Objects Reference Help
3,Statistics Tools,8982,9031,Tools,11. Objects Reference Help
4,Statistics Tools,8982,8983,Statistics Tools,11. Objects Reference Help
4,Overview of the Statistics Tools,8984,8986,Statistics Tools,11. Objects Reference Help
4,DataFit: Determine Probability Distributions,8987,9010,Statistics Tools,11. Objects Reference Help
5,Determine Probability Distributions,8987,8987,DataFit: Determine Probability Distributions,11. Objects Reference Help
5,Input Data,8987,8990,DataFit: Determine Probability Distributions,11. Objects Reference Help
6,Input Data,8987,8988,Input Data,11. Objects Reference Help
6,Recommended Test Data,8989,8989,Input Data,11. Objects Reference Help
6,Loading Data from a File,8990,8990,Input Data,11. Objects Reference Help
5,Data Filter,8991,8991,DataFit: Determine Probability Distributions,11. Objects Reference Help
5,Hypotheses About Suitable Distributions,8992,8998,DataFit: Determine Probability Distributions,11. Objects Reference Help
6,Hypotheses About Suitable Distributions,8992,8992,Hypotheses About Suitable Distributions,11. Objects Reference Help
6,Minimum and Maximum,8993,8993,Hypotheses About Suitable Distributions,11. Objects Reference Help
6,Mode [DataFit],8994,8994,Hypotheses About Suitable Distributions,11. Objects Reference Help
6,Mean and Variance,8995,8995,Hypotheses About Suitable Distributions,11. Objects Reference Help
6,Median and Quartiles,8996,8996,Hypotheses About Suitable Distributions,11. Objects Reference Help
6,Skewness,8997,8997,Hypotheses About Suitable Distributions,11. Objects Reference Help
6,Coefficient of Variation,8998,8998,Hypotheses About Suitable Distributions,11. Objects Reference Help
6,Kurtosis,8999,8999,Hypotheses About Suitable Distributions,11. Objects Reference Help
5,Goodness-of-Fit Test,8999,9005,DataFit: Determine Probability Distributions,11. Objects Reference Help
6,Goodness-of-Fit Test,8999,9002,Goodness-of-Fit Test,11. Objects Reference Help
6,The chi-square-Test,9003,9004,Goodness-of-Fit Test,11. Objects Reference Help
6,The Kolmogorov-Smirnow Test,9005,9005,Goodness-of-Fit Test,11. Objects Reference Help
6,The Anderson-Darling Test,9006,9006,Goodness-of-Fit Test,11. Objects Reference Help
5,Evaluating the Test Results,9006,9010,DataFit: Determine Probability Distributions,11. Objects Reference Help
6,Evaluating the Test Results,9006,9009,Evaluating the Test Results,11. Objects Reference Help
6,Determine Statistical Distributions with SimTalk,9010,9010,Evaluating the Test Results,11. Objects Reference Help
4,Compare Density Functions of Distributions,9011,9012,Statistics Tools,11. Objects Reference Help
4,Determine Confidence Intervals,9013,9015,Statistics Tools,11. Objects Reference Help
4,Run a Regression Analysis,9016,9021,Statistics Tools,11. Objects Reference Help
4,Find the Parameters of Truncated Distributions,9022,9026,Statistics Tools,11. Objects Reference Help
4,Run an Analysis of Variance (ANOVA),9027,9030,Statistics Tools,11. Objects Reference Help
4,Run an Independence Test,9031,9031,Statistics Tools,11. Objects Reference Help
3,TeamcenterWizard,9032,9040,Tools,11. Objects Reference Help
4,TeamcenterWizard,9032,9036,TeamcenterWizard,11. Objects Reference Help
4,TeamcenterReport,9037,9038,TeamcenterWizard,11. Objects Reference Help
4,TeamcenterAttributeExplorer,9039,9040,TeamcenterWizard,11. Objects Reference Help
3,TransferStation,9041,9101,Tools,11. Objects Reference Help
4,TransferStation,9041,9044,TransferStation,11. Objects Reference Help
4,Configuring the TransferStation,9045,9045,TransferStation,11. Objects Reference Help
4,Dialog Box of the TransferStation,9045,9079,TransferStation,11. Objects Reference Help
5,Dialog Box of the TransferStation,9045,9045,Dialog Box of the TransferStation,11. Objects Reference Help
5,Tab Attributes,9046,9053,Dialog Box of the TransferStation,11. Objects Reference Help
6,Tab Attributes,9046,9046,Tab Attributes,11. Objects Reference Help
6,Station type,9047,9048,Tab Attributes,11. Objects Reference Help
6,Parts from,9049,9049,Tab Attributes,11. Objects Reference Help
6,Sensor position [parts from],9050,9050,Tab Attributes,11. Objects Reference Help
6,Lane [parts from],9051,9051,Tab Attributes,11. Objects Reference Help
6,Target is on,9052,9052,Tab Attributes,11. Objects Reference Help
6,Sensor position (target is on),9053,9053,Tab Attributes,11. Objects Reference Help
6,Lane (target on),9054,9054,Tab Attributes,11. Objects Reference Help
5,Tab Times,9054,9056,Dialog Box of the TransferStation,11. Objects Reference Help
6,Tab Times,9054,9055,Tab Times,11. Objects Reference Help
6,Processing time [TransferStation],9056,9056,Tab Times,11. Objects Reference Help
6,Recovery time [TransferStation],9057,9057,Tab Times,11. Objects Reference Help
5,Tab Failures,9057,9058,Dialog Box of the TransferStation,11. Objects Reference Help
6,Tab Failures,9057,9057,Tab Failures,11. Objects Reference Help
6,Availability [TransferStation],9058,9058,Tab Failures,11. Objects Reference Help
6,MTTR [TransferStation],9059,9059,Tab Failures,11. Objects Reference Help
5,Tab Advanced Attributes,9059,9066,Dialog Box of the TransferStation,11. Objects Reference Help
6,Tab Advanced Attributes,9059,9059,Tab Advanced Attributes,11. Objects Reference Help
6,Load/unload all blocks,9060,9060,Tab Advanced Attributes,11. Objects Reference Help
6,Load/unload x blocks,9061,9061,Tab Advanced Attributes,11. Objects Reference Help
6,Block size,9062,9062,Tab Advanced Attributes,11. Objects Reference Help
6,Specific type,9063,9063,Tab Advanced Attributes,11. Objects Reference Help
6,Open Table [TransferStation],9064,9064,Tab Advanced Attributes,11. Objects Reference Help
6,Homogeneous loading,9065,9065,Tab Advanced Attributes,11. Objects Reference Help
6,Always stop container,9066,9066,Tab Advanced Attributes,11. Objects Reference Help
6,Behavior for failures,9067,9067,Tab Advanced Attributes,11. Objects Reference Help
5,Tab Advanced Controls,9067,9074,Dialog Box of the TransferStation,11. Objects Reference Help
6,Tab Advanced Controls,9067,9067,Tab Advanced Controls,11. Objects Reference Help
6,Part sensor,9068,9068,Tab Advanced Controls,11. Objects Reference Help
6,"Activate [TransferStation, part sensor]",9069,9069,Tab Advanced Controls,11. Objects Reference Help
6,Target sensor,9070,9070,Tab Advanced Controls,11. Objects Reference Help
6,"Activate [TransferStation, target sensor]",9071,9071,Tab Advanced Controls,11. Objects Reference Help
6,User-defined control for the parts,9072,9072,Tab Advanced Controls,11. Objects Reference Help
6,User-defined control for the targets,9073,9073,Tab Advanced Controls,11. Objects Reference Help
6,User-defined control,9074,9074,Tab Advanced Controls,11. Objects Reference Help
6,Open Station,9075,9075,Tab Advanced Controls,11. Objects Reference Help
5,Tab Statistics,9075,9077,Dialog Box of the TransferStation,11. Objects Reference Help
6,Tab Statistics [TransferStation],9075,9076,Tab Statistics,11. Objects Reference Help
6,Statistics Table [TransferStation],9077,9077,Tab Statistics,11. Objects Reference Help
5,Navigate Menu,9078,9078,Dialog Box of the TransferStation,11. Objects Reference Help
5,View Menu,9079,9079,Dialog Box of the TransferStation,11. Objects Reference Help
5,Help Menu,9080,9080,Dialog Box of the TransferStation,11. Objects Reference Help
4,Methods of the TransferStation,9080,9091,TransferStation,11. Objects Reference Help
5,Methods of the TransferStation,9080,9081,Methods of the TransferStation,11. Objects Reference Help
5,finishLoading [SimTalk],9082,9082,Methods of the TransferStation,11. Objects Reference Help
5,getBlocksize [SimTalk],9083,9083,Methods of the TransferStation,11. Objects Reference Help
5,getPartStation [SimTalk],9084,9084,Methods of the TransferStation,11. Objects Reference Help
5,getStationtype [SimTalk],9085,9085,Methods of the TransferStation,11. Objects Reference Help
5,getTargetStation [SimTalk],9086,9086,Methods of the TransferStation,11. Objects Reference Help
5,setBlocksize [SimTalk],9087,9087,Methods of the TransferStation,11. Objects Reference Help
5,setPartStation [SimTalk],9088,9089,Methods of the TransferStation,11. Objects Reference Help
5,setStationtype [SimTalk],9090,9090,Methods of the TransferStation,11. Objects Reference Help
5,setTargetStation [SimTalk],9091,9091,Methods of the TransferStation,11. Objects Reference Help
4,Attributes of the TransferStation,9092,9101,TransferStation,11. Objects Reference Help
5,Attributes of the TransferStation,9092,9093,Attributes of the TransferStation,11. Objects Reference Help
5,AlwaysStopTarget [SimTalk],9094,9094,Attributes of the TransferStation,11. Objects Reference Help
5,HomogeneousTarget [SimTalk],9095,9095,Attributes of the TransferStation,11. Objects Reference Help
5,Partnumber [SimTalk],9096,9096,Attributes of the TransferStation,11. Objects Reference Help
5,TypeSpecific [SimTalk],9097,9097,Attributes of the TransferStation,11. Objects Reference Help
5,TypeTable [SimTalk],9098,9098,Attributes of the TransferStation,11. Objects Reference Help
5,UserCtrl [SimTalk],9099,9099,Attributes of the TransferStation,11. Objects Reference Help
5,UserPartExitCtrl [SimTalk],9100,9100,Attributes of the TransferStation,11. Objects Reference Help
5,UserTargetExitCtrl [SimTalk],9101,9101,Attributes of the TransferStation,11. Objects Reference Help
3,VariantsGenerator,9102,9104,Tools,11. Objects Reference Help
1,12. SimTalk Reference,9105,10418,,12. SimTalk Reference
2,SimTalk Reference,9105,9107,12. SimTalk Reference,12. SimTalk Reference
2,SimTalk 2.0 and SimTalk 1.0 Compared,9108,9110,12. SimTalk Reference,12. SimTalk Reference
2,A Quick Tour Through SimTalk 2.0,9111,9116,12. SimTalk Reference,12. SimTalk Reference
3,A Quick Tour Through SimTalk 2.0,9111,9112,A Quick Tour Through SimTalk 2.0,12. SimTalk Reference
3,Simple Values,9113,9113,A Quick Tour Through SimTalk 2.0,12. SimTalk Reference
3,Control Flow,9114,9115,A Quick Tour Through SimTalk 2.0,12. SimTalk Reference
3,Declare Default Arguments,9116,9116,A Quick Tour Through SimTalk 2.0,12. SimTalk Reference
2,General Access to SimTalk,9117,9743,12. SimTalk Reference,12. SimTalk Reference
3,General Access to SimTalk,9117,9119,General Access to SimTalk,12. SimTalk Reference
3,Why Use SimTalk 2.0?,9120,9123,General Access to SimTalk,12. SimTalk Reference
3,Introducing SimTalk,9124,9126,General Access to SimTalk,12. SimTalk Reference
3,"SimTalk Attributes, Read-only Attributes, Methods, and Functions",9127,9128,General Access to SimTalk,12. SimTalk Reference
3,Names,9129,9204,General Access to SimTalk,12. SimTalk Reference
4,Names [conventions],9129,9129,Names,12. SimTalk Reference
4,User-defined Names in Methods,9130,9130,Names,12. SimTalk Reference
4,Predefined Names,9131,9149,Names,12. SimTalk Reference
5,Predefined Names,9131,9131,Predefined Names,12. SimTalk Reference
5,autoexec [SimTalk],9132,9132,Predefined Names,12. SimTalk Reference
5,autoexecLoadObj [SimTalk],9133,9134,Predefined Names,12. SimTalk Reference
5,endSim [SimTalk],9135,9136,Predefined Names,12. SimTalk Reference
5,init,9137,9147,Predefined Names,12. SimTalk Reference
6,init [SimTalk] - predefined name,9137,9139,init,12. SimTalk Reference
6,Init Methods and Init Controls,9140,9141,init,12. SimTalk Reference
6,Call Sequence of the Init Controls,9142,9142,init,12. SimTalk Reference
6,Call Sequence of the Init Methods,9143,9143,init,12. SimTalk Reference
6,Example of the Call Sequence,9144,9146,init,12. SimTalk Reference
6,Call Sequence of Reset and Init Methods,9147,9147,init,12. SimTalk Reference
5,reset [SimTalk] - predefined name,9148,9149,Predefined Names,12. SimTalk Reference
4,Keywords,9150,9188,Names,12. SimTalk Reference
5,Keywords,9150,9152,Keywords,12. SimTalk Reference
5,and [SimTalk],9153,9153,Keywords,12. SimTalk Reference
5,case [SimTalk],9154,9154,Keywords,12. SimTalk Reference
5,continue [SimTalk],9155,9155,Keywords,12. SimTalk Reference
5,div [SimTalk],9156,9156,Keywords,12. SimTalk Reference
5,downto [SimTalk],9157,9157,Keywords,12. SimTalk Reference
5,else [SimTalk],9158,9158,Keywords,12. SimTalk Reference
5,elseif [SimTalk],9159,9159,Keywords,12. SimTalk Reference
5,end [SimTalk],9160,9160,Keywords,12. SimTalk Reference
5,exitloop [SimTalk] - keyword,9161,9161,Keywords,12. SimTalk Reference
5,false [SimTalk],9162,9162,Keywords,12. SimTalk Reference
5,for [SimTalk],9163,9163,Keywords,12. SimTalk Reference
5,forget [SimTalk],9164,9164,Keywords,12. SimTalk Reference
5,if [SimTalk],9165,9165,Keywords,12. SimTalk Reference
5,loop [SimTalk],9166,9166,Keywords,12. SimTalk Reference
5,mod [SimTalk],9167,9167,Keywords,12. SimTalk Reference
5,next [SimTalk],9168,9168,Keywords,12. SimTalk Reference
5,not [SimTalk],9169,9169,Keywords,12. SimTalk Reference
5,or [SimTalk],9170,9170,Keywords,12. SimTalk Reference
5,param [SimTalk],9171,9171,Keywords,12. SimTalk Reference
5,prio [SimTalk],9172,9172,Keywords,12. SimTalk Reference
5,repeat [SimTalk],9173,9173,Keywords,12. SimTalk Reference
5,result [SimTalk],9174,9174,Keywords,12. SimTalk Reference
5,return [SimTalk],9175,9175,Keywords,12. SimTalk Reference
5,stopuntil [SimTalk],9176,9176,Keywords,12. SimTalk Reference
5,switch [SimTalk],9177,9177,Keywords,12. SimTalk Reference
5,then [SimTalk],9178,9178,Keywords,12. SimTalk Reference
5,to [SimTalk],9179,9179,Keywords,12. SimTalk Reference
5,true [SimTalk],9180,9180,Keywords,12. SimTalk Reference
5,until [SimTalk],9181,9181,Keywords,12. SimTalk Reference
5,var [SimTalk],9182,9182,Keywords,12. SimTalk Reference
5,wait [SimTalk],9183,9184,Keywords,12. SimTalk Reference
5,waitExpired [SimTalk],9185,9186,Keywords,12. SimTalk Reference
5,waituntil [SimTalk],9187,9187,Keywords,12. SimTalk Reference
5,when [SimTalk],9188,9188,Keywords,12. SimTalk Reference
5,while [SimTalk],9189,9189,Keywords,12. SimTalk Reference
4,Anonymous Identifiers,9189,9195,Names,12. SimTalk Reference
5,Anonymous Identifiers [described],9189,9189,Anonymous Identifiers,12. SimTalk Reference
5,@ [SimTalk] - anonymous identifier,9190,9190,Anonymous Identifiers,12. SimTalk Reference
5,? [SimTalk] - anonymous identifier,9191,9191,Anonymous Identifiers,12. SimTalk Reference
5,basis [SimTalk] - anonymous identifier,9192,9192,Anonymous Identifiers,12. SimTalk Reference
5,current [SimTalk] - anonymous identifier,9193,9193,Anonymous Identifiers,12. SimTalk Reference
5,root [SimTalk] - anonymous identifier,9194,9194,Anonymous Identifiers,12. SimTalk Reference
5,rootfolder [SimTalk] - anonymous identifier,9195,9195,Anonymous Identifiers,12. SimTalk Reference
5,self [SimTalk] - anonymous identifier,9196,9196,Anonymous Identifiers,12. SimTalk Reference
4,Paths in SimTalk,9196,9204,Names,12. SimTalk Reference
5,Object Paths in SimTalk,9196,9198,Paths in SimTalk,12. SimTalk Reference
5,The Absolute Path,9199,9200,Paths in SimTalk,12. SimTalk Reference
5,The Relative Path,9201,9202,Paths in SimTalk,12. SimTalk Reference
5,Object Reference,9203,9204,Paths in SimTalk,12. SimTalk Reference
4,Namespace,9205,9205,Names,12. SimTalk Reference
3,Constant Values,9205,9210,General Access to SimTalk,12. SimTalk Reference
4,Constant Values,9205,9205,Constant Values,12. SimTalk Reference
4,Boolean [SimTalk] - value,9206,9206,Constant Values,12. SimTalk Reference
4,Integer [SimTalk] - value,9207,9207,Constant Values,12. SimTalk Reference
4,pi [SimTalk] - value,9208,9208,Constant Values,12. SimTalk Reference
4,Real [SimTalk] - value,9209,9209,Constant Values,12. SimTalk Reference
4,String [SimTalk] - value,9210,9210,Constant Values,12. SimTalk Reference
3,Variables,9211,9216,General Access to SimTalk,12. SimTalk Reference
4,Variables [SimTalk],9211,9211,Variables,12. SimTalk Reference
4,Local Variables,9212,9212,Variables,12. SimTalk Reference
4,Data Types in Local Variables,9213,9214,Variables,12. SimTalk Reference
4,Declare Local Variables in the Source Code,9215,9216,Variables,12. SimTalk Reference
4,Global Variables,9217,9217,Variables,12. SimTalk Reference
3,Parameters in SimTalk,9217,9223,General Access to SimTalk,12. SimTalk Reference
4,Parameters [SimTalk],9217,9218,Parameters in SimTalk,12. SimTalk Reference
4,Declare Parameters,9219,9220,Parameters in SimTalk,12. SimTalk Reference
4,Declare Default Arguments,9221,9222,Parameters in SimTalk,12. SimTalk Reference
4,Declare the Function Result of a Method,9223,9223,Parameters in SimTalk,12. SimTalk Reference
3,Data Types,9224,9310,General Access to SimTalk,12. SimTalk Reference
4,Data Types [SimTalk],9224,9225,Data Types,12. SimTalk Reference
4,Acceleration [SimTalk] - data type,9226,9226,Data Types,12. SimTalk Reference
4,Any [SimTalk] - data type,9227,9228,Data Types,12. SimTalk Reference
4,Array [SimTalk] - data type,9229,9269,Data Types,12. SimTalk Reference
5,Array [SimTalk] - data type,9229,9232,Array [SimTalk] - data type,12. SimTalk Reference
5,Add and Subtract Arrays of Numerical Data Types,9233,9233,Array [SimTalk] - data type,12. SimTalk Reference
5,Compare Arrays of Different Data Types,9234,9234,Array [SimTalk] - data type,12. SimTalk Reference
5,Methods and Attributes of Arrays,9235,9269,Array [SimTalk] - data type,12. SimTalk Reference
6,Methods and Attributes of Arrays,9235,9235,Methods and Attributes of Arrays,12. SimTalk Reference
6,append [SimTalk] - array,9236,9236,Methods and Attributes of Arrays,12. SimTalk Reference
6,appendArray [SimTalk],9237,9237,Methods and Attributes of Arrays,12. SimTalk Reference
6,appendValueOfType [SimTalk],9238,9239,Methods and Attributes of Arrays,12. SimTalk Reference
6,asAny [SimTalk],9240,9241,Methods and Attributes of Arrays,12. SimTalk Reference
6,contains [SimTalk] - array,9242,9242,Methods and Attributes of Arrays,12. SimTalk Reference
6,copyFromList [SimTalk],9243,9243,Methods and Attributes of Arrays,12. SimTalk Reference
6,copyFromTable [SimTalk],9244,9244,Methods and Attributes of Arrays,12. SimTalk Reference
6,copyFromTableColumn [SimTalk],9245,9245,Methods and Attributes of Arrays,12. SimTalk Reference
6,copyToList [SimTalk],9246,9246,Methods and Attributes of Arrays,12. SimTalk Reference
6,copyToTable [SimTalk],9247,9247,Methods and Attributes of Arrays,12. SimTalk Reference
6,copyToTableColumn [SimTalk] - array,9248,9248,Methods and Attributes of Arrays,12. SimTalk Reference
6,delete [SimTalk] - array,9249,9249,Methods and Attributes of Arrays,12. SimTalk Reference
6,deleteValue [SimTalk],9250,9250,Methods and Attributes of Arrays,12. SimTalk Reference
6,Dim [SimTalk] - array,9251,9251,Methods and Attributes of Arrays,12. SimTalk Reference
6,Empty [SimTalk] - array,9252,9252,Methods and Attributes of Arrays,12. SimTalk Reference
6,find [SimTalk] - array,9253,9253,Methods and Attributes of Arrays,12. SimTalk Reference
6,getValueOfType [SimTalk],9254,9255,Methods and Attributes of Arrays,12. SimTalk Reference
6,insert [SimTalk] - array,9256,9256,Methods and Attributes of Arrays,12. SimTalk Reference
6,join [SimTalk],9257,9257,Methods and Attributes of Arrays,12. SimTalk Reference
6,Magnitude [SimTalk],9258,9258,Methods and Attributes of Arrays,12. SimTalk Reference
6,max [SimTalk] - array,9259,9259,Methods and Attributes of Arrays,12. SimTalk Reference
6,min [SimTalk] - array,9260,9260,Methods and Attributes of Arrays,12. SimTalk Reference
6,normalize [SimTalk],9261,9261,Methods and Attributes of Arrays,12. SimTalk Reference
6,pop [SimTalk] - array,9262,9262,Methods and Attributes of Arrays,12. SimTalk Reference
6,sort [SimTalk] - array,9263,9263,Methods and Attributes of Arrays,12. SimTalk Reference
6,sum [SimTalk] - array,9264,9264,Methods and Attributes of Arrays,12. SimTalk Reference
6,X [SimTalk] - array,9265,9265,Methods and Attributes of Arrays,12. SimTalk Reference
6,xDim [SimTalk] - array,9266,9266,Methods and Attributes of Arrays,12. SimTalk Reference
6,Y [SimTalk] - array,9267,9267,Methods and Attributes of Arrays,12. SimTalk Reference
6,yDim [SimTalk] - array,9268,9268,Methods and Attributes of Arrays,12. SimTalk Reference
6,Z [SimTalk] - array,9269,9269,Methods and Attributes of Arrays,12. SimTalk Reference
4,Boolean [SimTalk] - data type,9270,9270,Data Types,12. SimTalk Reference
4,Date [SimTalk] - data type,9271,9271,Data Types,12. SimTalk Reference
4,DateTime [SimTalk] - data type,9272,9272,Data Types,12. SimTalk Reference
4,Integer [SimTalk] - data type,9273,9273,Data Types,12. SimTalk Reference
4,JSON [SimTalk] - data type,9273,9291,Data Types,12. SimTalk Reference
5,JSON [SimTalk] - data type,9273,9274,JSON [SimTalk] - data type,12. SimTalk Reference
5,JSON Literals,9275,9275,JSON [SimTalk] - data type,12. SimTalk Reference
5,Elements of Data Type Object in JSON Variables,9276,9276,JSON [SimTalk] - data type,12. SimTalk Reference
5,Methods and Attributes of JSON,9276,9291,JSON [SimTalk] - data type,12. SimTalk Reference
6,_Methods and Attributes of JSON,9276,9277,Methods and Attributes of JSON,12. SimTalk Reference
6,asString [SimTalk] - JSON,9278,9278,Methods and Attributes of JSON,12. SimTalk Reference
6,contains [SimTalk] - JSON,9279,9279,Methods and Attributes of JSON,12. SimTalk Reference
6,copy [SimTalk] - JSON,9280,9280,Methods and Attributes of JSON,12. SimTalk Reference
6,copyToTableColumn [SimTalk] - JSON,9281,9281,Methods and Attributes of JSON,12. SimTalk Reference
6,copyToTableRow [SimTalk] - JSON,9282,9282,Methods and Attributes of JSON,12. SimTalk Reference
6,delete [SimTalk] - JSON,9283,9283,Methods and Attributes of JSON,12. SimTalk Reference
6,Dim [SimTalk] - JSON,9284,9284,Methods and Attributes of JSON,12. SimTalk Reference
6,getOrCreateJSON [SimTalk],9285,9286,Methods and Attributes of JSON,12. SimTalk Reference
6,parse [SimTalk],9287,9288,Methods and Attributes of JSON,12. SimTalk Reference
6,readFile [SimTalk] - JSON,9289,9289,Methods and Attributes of JSON,12. SimTalk Reference
6,unshareAndDelete [SimTalk],9290,9290,Methods and Attributes of JSON,12. SimTalk Reference
6,writeFile [SimTalk] - JSON,9291,9291,Methods and Attributes of JSON,12. SimTalk Reference
4,Length [SimTalk] - data type,9292,9292,Data Types,12. SimTalk Reference
4,List [SimTalk] - data type,9293,9293,Data Types,12. SimTalk Reference
4,Method [SimTalk] - data type,9294,9295,Data Types,12. SimTalk Reference
4,Object [SimTalk] - data type,9296,9297,Data Types,12. SimTalk Reference
4,Queue [SimTalk] - data type,9298,9298,Data Types,12. SimTalk Reference
4,Real [SimTalk] - data type,9299,9300,Data Types,12. SimTalk Reference
4,Speed [SimTalk] - data type,9301,9301,Data Types,12. SimTalk Reference
4,Stack [SimTalk] - data type,9302,9302,Data Types,12. SimTalk Reference
4,String [SimTalk] - data type,9303,9303,Data Types,12. SimTalk Reference
4,Table [SimTalk] - data type,9304,9304,Data Types,12. SimTalk Reference
4,Time [SimTalk] - data type,9305,9305,Data Types,12. SimTalk Reference
4,Weight [SimTalk] - data type,9306,9306,Data Types,12. SimTalk Reference
4,Instantiating Local Lists and Tables,9306,9309,Data Types,12. SimTalk Reference
5,Instantiating Local Lists and Tables,9306,9306,Instantiating Local Lists and Tables,12. SimTalk Reference
5,create [SimTalk] - local list,9307,9307,Instantiating Local Lists and Tables,12. SimTalk Reference
5,createNestedList [SimTalk] - local variable,9308,9309,Instantiating Local Lists and Tables,12. SimTalk Reference
4,Converting Data Types,9310,9310,Data Types,12. SimTalk Reference
3,Operators and Expressions,9311,9332,General Access to SimTalk,12. SimTalk Reference
4,Operators and Expressions,9311,9311,Operators and Expressions,12. SimTalk Reference
4,Arithmetic Operators,9312,9313,Operators and Expressions,12. SimTalk Reference
4,Relational Operators,9314,9317,Operators and Expressions,12. SimTalk Reference
4,The Logical Operators AND and OR,9318,9319,Operators and Expressions,12. SimTalk Reference
4,The Logical Operator NOT,9320,9320,Operators and Expressions,12. SimTalk Reference
4,Assignment Operators,9320,9324,Operators and Expressions,12. SimTalk Reference
5,Assignment Operators,9320,9320,Assignment Operators,12. SimTalk Reference
5,:= [SimTalk] - assignment operator,9320,9321,Assignment Operators,12. SimTalk Reference
5,& [SimTalk] - reference operator,9322,9323,Assignment Operators,12. SimTalk Reference
5,byref [SimTalk] - reference operator,9324,9324,Assignment Operators,12. SimTalk Reference
5,void [SimTalk] - variable,9325,9325,Assignment Operators,12. SimTalk Reference
4,Compatibility of Data Types,9325,9332,Operators and Expressions,12. SimTalk Reference
5,Compatibility of Data Types,9325,9326,Compatibility of Data Types,12. SimTalk Reference
5,Compatibility When Assigning a Data Type,9327,9327,Compatibility of Data Types,12. SimTalk Reference
5,Compatibility When Adding Values,9328,9328,Compatibility of Data Types,12. SimTalk Reference
5,Compatibility When Subtracting Values,9329,9329,Compatibility of Data Types,12. SimTalk Reference
5,Compatibility When Multiplying Values,9330,9330,Compatibility of Data Types,12. SimTalk Reference
5,Compatibility When Dividing Values,9331,9331,Compatibility of Data Types,12. SimTalk Reference
5,Compatibility of the Data Type string,9332,9332,Compatibility of Data Types,12. SimTalk Reference
4,Precedence,9333,9333,Operators and Expressions,12. SimTalk Reference
3,Control Flow Statements,9333,9369,General Access to SimTalk,12. SimTalk Reference
4,Control Flow Statements,9333,9334,Control Flow Statements,12. SimTalk Reference
4,Branching with if-else-end,9335,9336,Control Flow Statements,12. SimTalk Reference
4,Multiple Branching with if-elseif-end,9337,9337,Control Flow Statements,12. SimTalk Reference
4,Conditional Expressions with when-then-else,9338,9338,Control Flow Statements,12. SimTalk Reference
4,Check for a Large Amount of Different Values with switch [SimTalk],9339,9340,Control Flow Statements,12. SimTalk Reference
4,Loops,9341,9346,Control Flow Statements,12. SimTalk Reference
5,Loops [SimTalk],9341,9342,Loops,12. SimTalk Reference
5,while loop [SimTalk],9343,9343,Loops,12. SimTalk Reference
5,repeat loop [SimTalk],9344,9344,Loops,12. SimTalk Reference
5,for loop [SimTalk],9345,9346,Loops,12. SimTalk Reference
5,Exit a Loop with exitLoop,9347,9347,Loops,12. SimTalk Reference
4,Suspending Methods,9347,9366,Control Flow Statements,12. SimTalk Reference
5,Suspending Methods,9347,9349,Suspending Methods,12. SimTalk Reference
5,waituntil and stopuntil,9350,9363,Suspending Methods,12. SimTalk Reference
6,waituntil [SimTalk] and stopuntil [SimTalk],9350,9353,waituntil and stopuntil,12. SimTalk Reference
6,Condition [SimTalk],9354,9355,waituntil and stopuntil,12. SimTalk Reference
6,Priority [method execution],9356,9356,waituntil and stopuntil,12. SimTalk Reference
6,Interrupting Method Execution with Wait,9357,9358,waituntil and stopuntil,12. SimTalk Reference
6,Time Limitation for Waituntil and Stopuntil,9359,9359,waituntil and stopuntil,12. SimTalk Reference
6,Reactivating Methods,9359,9363,waituntil and stopuntil,12. SimTalk Reference
7,Waking up Methods,9359,9360,Reactivating Methods,12. SimTalk Reference
7,Simultaneously Waking up Several Methods,9361,9361,Reactivating Methods,12. SimTalk Reference
7,Simultaneously Waking up Several Methods with waituntil,9362,9362,Reactivating Methods,12. SimTalk Reference
7,Simultaneously Waking up Several Methods with stopuntil,9363,9363,Reactivating Methods,12. SimTalk Reference
5,Watchable Values,9364,9366,Suspending Methods,12. SimTalk Reference
4,Exiting Methods with the Keyword return,9367,9367,Control Flow Statements,12. SimTalk Reference
4,Error Handling,9368,9369,Control Flow Statements,12. SimTalk Reference
3,Predefined Functions,9370,9743,General Access to SimTalk,12. SimTalk Reference
4,Predefined Functions,9370,9370,Predefined Functions,12. SimTalk Reference
4,Operating System Functions,9370,9393,Predefined Functions,12. SimTalk Reference
5,_Operating System Functions,9370,9370,Operating System Functions,12. SimTalk Reference
5,availableMemory [SimTalk],9371,9371,Operating System Functions,12. SimTalk Reference
5,browseForFolder [SimTalk],9372,9372,Operating System Functions,12. SimTalk Reference
5,copyFile [SimTalk],9373,9373,Operating System Functions,12. SimTalk Reference
5,copyObjectsToClipboard [SimTalk],9374,9374,Operating System Functions,12. SimTalk Reference
5,copyTextToClipboard [SimTalk],9375,9375,Operating System Functions,12. SimTalk Reference
5,getApplicationProcessID [SimTalk],9376,9376,Operating System Functions,12. SimTalk Reference
5,getCurrentDirectory [SimTalk],9377,9377,Operating System Functions,12. SimTalk Reference
5,getEnv [SimTalk],9378,9378,Operating System Functions,12. SimTalk Reference
5,getFilesOfFolder [SimTalk],9379,9379,Operating System Functions,12. SimTalk Reference
5,getRegistry [SimTalk],9380,9380,Operating System Functions,12. SimTalk Reference
5,getTextFromClipboard [SimTalk],9381,9381,Operating System Functions,12. SimTalk Reference
5,selectFileForOpen [SimTalk],9382,9383,Operating System Functions,12. SimTalk Reference
5,selectFileForSave [SimTalk],9384,9385,Operating System Functions,12. SimTalk Reference
5,setCodePage [SimTalk],9386,9386,Operating System Functions,12. SimTalk Reference
5,setCurrentDirectory [SimTalk],9387,9387,Operating System Functions,12. SimTalk Reference
5,setEnv [SimTalk],9388,9388,Operating System Functions,12. SimTalk Reference
5,SHGetKnownFolderPath [SimTalk],9389,9389,Operating System Functions,12. SimTalk Reference
5,sleep [SimTalk],9390,9390,Operating System Functions,12. SimTalk Reference
5,startExtProc [SimTalk],9391,9392,Operating System Functions,12. SimTalk Reference
5,system [SimTalk],9393,9393,Operating System Functions,12. SimTalk Reference
4,Mathematical Functions,9394,9417,Predefined Functions,12. SimTalk Reference
5,Mathematical Functions,9394,9394,Mathematical Functions,12. SimTalk Reference
5,Basic Mathematical Functions,9395,9396,Mathematical Functions,12. SimTalk Reference
5,Functions for Numerical Values,9397,9397,Mathematical Functions,12. SimTalk Reference
5,Trigonometric Functions,9398,9398,Mathematical Functions,12. SimTalk Reference
6,Trigonometric Functions,9398,9398,Trigonometric Functions,12. SimTalk Reference
6,atan2 [SimTalk],9398,9398,Trigonometric Functions,12. SimTalk Reference
5,Distribution Functions,9399,9417,Mathematical Functions,12. SimTalk Reference
6,"Distribution Functions, z_ functions",9399,9402,Distribution Functions,12. SimTalk Reference
6,"Cauchy [distribution], z_cauchy [SimTalk]",9403,9404,Distribution Functions,12. SimTalk Reference
6,"Fréchet [distribution], z_frechet [SimTalk]",9405,9406,Distribution Functions,12. SimTalk Reference
6,"Gumbel [distribution], z_gumbel [SimTalk]",9407,9408,Distribution Functions,12. SimTalk Reference
6,"Laplace [distribution], z_laplace [SimTalk]",9409,9410,Distribution Functions,12. SimTalk Reference
6,"Logistic [distribution], z_logistic [SimTalk]",9411,9412,Distribution Functions,12. SimTalk Reference
6,"Loglogistic [distribution], z_loglogistic [SimTalk]",9413,9414,Distribution Functions,12. SimTalk Reference
6,"Paralogistic [distribution], z_paralogistic [SimTalk]",9415,9416,Distribution Functions,12. SimTalk Reference
6,"Pareto [distribution], z_pareto [SimTalk]",9417,9417,Distribution Functions,12. SimTalk Reference
4,Functions for Manipulating Individual Bits,9418,9424,Predefined Functions,12. SimTalk Reference
5,Functions for Manipulating Individual Bits,9418,9418,Functions for Manipulating Individual Bits,12. SimTalk Reference
5,BitAND [SimTalk],9419,9419,Functions for Manipulating Individual Bits,12. SimTalk Reference
5,BitClear [SimTalk],9420,9420,Functions for Manipulating Individual Bits,12. SimTalk Reference
5,BitOR [SimTalk],9421,9421,Functions for Manipulating Individual Bits,12. SimTalk Reference
5,BitSet [SimTalk],9422,9422,Functions for Manipulating Individual Bits,12. SimTalk Reference
5,BitShift [SimTalk],9423,9423,Functions for Manipulating Individual Bits,12. SimTalk Reference
5,BitTest [SimTalk],9424,9424,Functions for Manipulating Individual Bits,12. SimTalk Reference
5,BitXOR [SimTalk],9425,9425,Functions for Manipulating Individual Bits,12. SimTalk Reference
4,Functions for Manipulating Strings,9425,9450,Predefined Functions,12. SimTalk Reference
5,Functions for Editing Variables of Data Type String,9425,9425,Functions for Manipulating Strings,12. SimTalk Reference
5,regex_replace [SimTalk],9426,9427,Functions for Manipulating Strings,12. SimTalk Reference
5,regex_search [SimTalk],9428,9431,Functions for Manipulating Strings,12. SimTalk Reference
5,regex_search2 [SimTalk],9432,9433,Functions for Manipulating Strings,12. SimTalk Reference
5,splitString [SimTalk],9434,9435,Functions for Manipulating Strings,12. SimTalk Reference
5,splitStringToNum [SimTalk],9436,9436,Functions for Manipulating Strings,12. SimTalk Reference
5,strAscii [SimTalk],9437,9438,Functions for Manipulating Strings,12. SimTalk Reference
5,strChr [SimTalk],9439,9439,Functions for Manipulating Strings,12. SimTalk Reference
5,strCopy [SimTalk] - string segments,9440,9440,Functions for Manipulating Strings,12. SimTalk Reference
5,strIncl [SimTalk],9441,9441,Functions for Manipulating Strings,12. SimTalk Reference
5,strLen [SimTalk],9442,9442,Functions for Manipulating Strings,12. SimTalk Reference
5,strLPos [SimTalk],9443,9443,Functions for Manipulating Strings,12. SimTalk Reference
5,strOmit [SimTalk],9444,9444,Functions for Manipulating Strings,12. SimTalk Reference
5,strRcopy [SimTalk],9445,9445,Functions for Manipulating Strings,12. SimTalk Reference
5,strReplace [SimTalk],9446,9446,Functions for Manipulating Strings,12. SimTalk Reference
5,strRpos [SimTalk],9447,9447,Functions for Manipulating Strings,12. SimTalk Reference
5,strToHtml [SimTalk],9448,9448,Functions for Manipulating Strings,12. SimTalk Reference
5,strToLower [SimTalk],9449,9449,Functions for Manipulating Strings,12. SimTalk Reference
5,strToUpper [SimTalk],9450,9450,Functions for Manipulating Strings,12. SimTalk Reference
5,strTrim [SimTalk],9451,9451,Functions for Manipulating Strings,12. SimTalk Reference
4,Functions for Managing Date and Time,9451,9472,Predefined Functions,12. SimTalk Reference
5,Functions for Managing Date and Time,9451,9452,Functions for Managing Date and Time,12. SimTalk Reference
5,CalendarWeek [SimTalk],9453,9453,Functions for Managing Date and Time,12. SimTalk Reference
5,CalendarYear [SimTalk],9454,9455,Functions for Managing Date and Time,12. SimTalk Reference
5,day [SimTalk],9456,9457,Functions for Managing Date and Time,12. SimTalk Reference
5,dayOfWeek [SimTalk],9458,9459,Functions for Managing Date and Time,12. SimTalk Reference
5,dayOfYear [SimTalk],9460,9461,Functions for Managing Date and Time,12. SimTalk Reference
5,getDate [SimTalk],9462,9463,Functions for Managing Date and Time,12. SimTalk Reference
5,month [SimTalk],9464,9465,Functions for Managing Date and Time,12. SimTalk Reference
5,setDaylightSavingTime [SimTalk],9466,9467,Functions for Managing Date and Time,12. SimTalk Reference
5,sysDate [SimTalk],9468,9468,Functions for Managing Date and Time,12. SimTalk Reference
5,timeOfDay [SimTalk],9469,9470,Functions for Managing Date and Time,12. SimTalk Reference
5,week [SimTalk],9471,9471,Functions for Managing Date and Time,12. SimTalk Reference
5,year [SimTalk],9472,9472,Functions for Managing Date and Time,12. SimTalk Reference
4,Functions for Communicating with an HTTP Server,9473,9517,Predefined Functions,12. SimTalk Reference
5,Functions for Communicating with an HTTP Server,9473,9474,Functions for Communicating with an HTTP Server,12. SimTalk Reference
5,decodeBase64Data [SimTalk] / decodeBase64DataToFile [SimTalk],9475,9475,Functions for Communicating with an HTTP Server,12. SimTalk Reference
5,decodeQuotedPrintableString [SimTalk],9476,9476,Functions for Communicating with an HTTP Server,12. SimTalk Reference
5,encodeDataBase64 [SimTalk] / encodeBase64FromFile [SimTalk],9477,9477,Functions for Communicating with an HTTP Server,12. SimTalk Reference
5,encodeStringQuotedPrintable [SimTalk],9478,9478,Functions for Communicating with an HTTP Server,12. SimTalk Reference
5,httpCreateFormURLEncodedString [SimTalk],9479,9480,Functions for Communicating with an HTTP Server,12. SimTalk Reference
5,httpCreateURL [SimTalk],9481,9482,Functions for Communicating with an HTTP Server,12. SimTalk Reference
5,httpDeleteRequest [SimTalk],9483,9486,Functions for Communicating with an HTTP Server,12. SimTalk Reference
5,httpGetRequest [SimTalk],9487,9492,Functions for Communicating with an HTTP Server,12. SimTalk Reference
5,httpGetTimeouts [SimTalk],9493,9494,Functions for Communicating with an HTTP Server,12. SimTalk Reference
5,httpHeadRequest [SimTalk],9495,9496,Functions for Communicating with an HTTP Server,12. SimTalk Reference
5,httpOptionsRequest [SimTalk],9497,9498,Functions for Communicating with an HTTP Server,12. SimTalk Reference
5,httpPostFileRequest [SimTalk],9499,9500,Functions for Communicating with an HTTP Server,12. SimTalk Reference
5,httpPostRequest [SimTalk],9501,9504,Functions for Communicating with an HTTP Server,12. SimTalk Reference
5,httpPutFileRequest [SimTalk],9505,9506,Functions for Communicating with an HTTP Server,12. SimTalk Reference
5,httpPutRequest [SimTalk],9507,9509,Functions for Communicating with an HTTP Server,12. SimTalk Reference
5,httpSetTimeouts [SimTalk],9510,9511,Functions for Communicating with an HTTP Server,12. SimTalk Reference
5,httpSplitFormUrlEncodedString [SimTalk],9512,9513,Functions for Communicating with an HTTP Server,12. SimTalk Reference
5,httpSplitURL [SimTalk],9514,9515,Functions for Communicating with an HTTP Server,12. SimTalk Reference
5,readBytesFromFile [SimTalk],9516,9516,Functions for Communicating with an HTTP Server,12. SimTalk Reference
5,writeBytesToFile [SimTalk],9517,9517,Functions for Communicating with an HTTP Server,12. SimTalk Reference
4,Miscellaneous Global Functions,9518,9644,Predefined Functions,12. SimTalk Reference
5,_Miscellaneous Global Functions,9518,9518,Miscellaneous Global Functions,12. SimTalk Reference
5,animation [SimTalk],9519,9519,Miscellaneous Global Functions,12. SimTalk Reference
5,applicationHome [SimTalk],9520,9520,Miscellaneous Global Functions,12. SimTalk Reference
5,applicationVersion [SimTalk],9521,9521,Miscellaneous Global Functions,12. SimTalk Reference
5,calcBrakingDistance [SimTalk] - general description,9522,9522,Miscellaneous Global Functions,12. SimTalk Reference
5,calcDroppedPerpendicularFootPoint [SimTalk],9523,9523,Miscellaneous Global Functions,12. SimTalk Reference
5,callEvery [SimTalk],9524,9525,Miscellaneous Global Functions,12. SimTalk Reference
5,checkForLicense [SimTalk],9526,9527,Miscellaneous Global Functions,12. SimTalk Reference
5,checkID [SimTalk],9528,9528,Miscellaneous Global Functions,12. SimTalk Reference
5,clearConsole [SimTalk],9529,9530,Miscellaneous Global Functions,12. SimTalk Reference
5,clearLogFile [SimTalk],9531,9531,Miscellaneous Global Functions,12. SimTalk Reference
5,closeAllWindows [SimTalk],9532,9532,Miscellaneous Global Functions,12. SimTalk Reference
5,closeConsole [SimTalk],9533,9534,Miscellaneous Global Functions,12. SimTalk Reference
5,closeHTMLWindow [SimTalk],9535,9535,Miscellaneous Global Functions,12. SimTalk Reference
5,closeModel [SimTalk] - global function,9536,9537,Miscellaneous Global Functions,12. SimTalk Reference
5,computeSHA1Hash [SimTalk],9538,9538,Miscellaneous Global Functions,12. SimTalk Reference
5,computeSHA3Hash [SimTalk],9539,9539,Miscellaneous Global Functions,12. SimTalk Reference
5,connectAutomatically [SimTalk],9540,9541,Miscellaneous Global Functions,12. SimTalk Reference
5,createCombinations [SimTalk],9542,9543,Miscellaneous Global Functions,12. SimTalk Reference
5,createLicenseFile [SimTalk],9544,9546,Miscellaneous Global Functions,12. SimTalk Reference
5,createPermutations [SimTalk],9547,9547,Miscellaneous Global Functions,12. SimTalk Reference
5,currentEventCtl [SimTalk],9548,9548,Miscellaneous Global Functions,12. SimTalk Reference
5,deg2rad [SimTalk],9549,9549,Miscellaneous Global Functions,12. SimTalk Reference
5,deleteAllDebugExpressions [SimTalk],9550,9550,Miscellaneous Global Functions,12. SimTalk Reference
5,deleteFile [SimTalk],9551,9551,Miscellaneous Global Functions,12. SimTalk Reference
5,enableFullScreenMode [SimTalk],9552,9552,Miscellaneous Global Functions,12. SimTalk Reference
5,execute [SimTalk] - function,9553,9553,Miscellaneous Global Functions,12. SimTalk Reference
5,executePythonFile [SimTalk],9554,9555,Miscellaneous Global Functions,12. SimTalk Reference
5,executeSilent [SimTalk],9556,9557,Miscellaneous Global Functions,12. SimTalk Reference
5,existsFile [SimTalk],9558,9558,Miscellaneous Global Functions,12. SimTalk Reference
5,existsMethod [SimTalk],9559,9559,Miscellaneous Global Functions,12. SimTalk Reference
5,existsObject [SimTalk],9560,9561,Miscellaneous Global Functions,12. SimTalk Reference
5,exitApplication [SimTalk],9562,9562,Miscellaneous Global Functions,12. SimTalk Reference
5,getCallStack [SimTalk],9563,9564,Miscellaneous Global Functions,12. SimTalk Reference
5,getCommandLineArg [SimTalk],9565,9566,Miscellaneous Global Functions,12. SimTalk Reference
5,getEpsilon [SimTalk],9567,9567,Miscellaneous Global Functions,12. SimTalk Reference
5,getExecuteSilentError [SimTalk],9568,9568,Miscellaneous Global Functions,12. SimTalk Reference
5,getFileModificationDateTime [SimTalk],9569,9569,Miscellaneous Global Functions,12. SimTalk Reference
5,getHighResolutionClock [SimTalk],9570,9570,Miscellaneous Global Functions,12. SimTalk Reference
5,getLibrariesDirectories [SimTalk],9571,9571,Miscellaneous Global Functions,12. SimTalk Reference
5,getLibraryFiles [SimTalk],9572,9572,Miscellaneous Global Functions,12. SimTalk Reference
5,getLibraryVersionFromFile [SimTalk],9573,9573,Miscellaneous Global Functions,12. SimTalk Reference
5,getLogFile [SimTalk],9574,9574,Miscellaneous Global Functions,12. SimTalk Reference
5,getProfileCallCycles [SimTalk],9574,9575,Miscellaneous Global Functions,12. SimTalk Reference
5,getSeedTable [SimTalk],9576,9576,Miscellaneous Global Functions,12. SimTalk Reference
5,getStandardColor [SimTalk],9577,9577,Miscellaneous Global Functions,12. SimTalk Reference
5,hideBBL [SimTalk],9578,9578,Miscellaneous Global Functions,12. SimTalk Reference
5,isComputerAccessPermitted [SimTalk],9579,9579,Miscellaneous Global Functions,12. SimTalk Reference
5,isSet [SimTalk],9580,9581,Miscellaneous Global Functions,12. SimTalk Reference
5,keepWindowsAlwaysOnTop [SimTalk],9582,9582,Miscellaneous Global Functions,12. SimTalk Reference
5,language [SimTalk],9583,9583,Miscellaneous Global Functions,12. SimTalk Reference
5,licenseName [SimTalk],9584,9585,Miscellaneous Global Functions,12. SimTalk Reference
5,loadModel [SimTalk] - function,9586,9587,Miscellaneous Global Functions,12. SimTalk Reference
5,makePathRelative [SimTalk],9588,9588,Miscellaneous Global Functions,12. SimTalk Reference
5,makeRGBValue [SimTalk],9589,9591,Miscellaneous Global Functions,12. SimTalk Reference
5,messageBox [SimTalk],9592,9595,Miscellaneous Global Functions,12. SimTalk Reference
5,modelFile [SimTalk],9596,9596,Miscellaneous Global Functions,12. SimTalk Reference
5,numOfLimitedObjects [SimTalk],9597,9598,Miscellaneous Global Functions,12. SimTalk Reference
5,openColorSelectBox [SimTalk],9599,9600,Miscellaneous Global Functions,12. SimTalk Reference
5,openConsole [SimTalk],9601,9601,Miscellaneous Global Functions,12. SimTalk Reference
5,openDateSelectBox [SimTalk],9602,9603,Miscellaneous Global Functions,12. SimTalk Reference
5,openHTMLBrowser [SimTalk],9604,9605,Miscellaneous Global Functions,12. SimTalk Reference
5,openHTMLWindow [SimTalk],9606,9607,Miscellaneous Global Functions,12. SimTalk Reference
5,openObjectSelectBox [SimTalk],9608,9609,Miscellaneous Global Functions,12. SimTalk Reference
5,processTime [SimTalk],9610,9610,Miscellaneous Global Functions,12. SimTalk Reference
5,profiler [SimTalk],9611,9611,Miscellaneous Global Functions,12. SimTalk Reference
5,putValuesIntoTable [SimTalk] - function,9612,9613,Miscellaneous Global Functions,12. SimTalk Reference
5,rad2deg [SimTalk],9614,9614,Miscellaneous Global Functions,12. SimTalk Reference
5,readStringFromFile [SimTalk],9615,9615,Miscellaneous Global Functions,12. SimTalk Reference
5,resetProfile [SimTalk],9616,9616,Miscellaneous Global Functions,12. SimTalk Reference
5,resetRandomNumberStream [SimTalk],9617,9617,Miscellaneous Global Functions,12. SimTalk Reference
5,saveFolderModel [SimTalk],9618,9619,Miscellaneous Global Functions,12. SimTalk Reference
5,saveModel [SimTalk],9620,9621,Miscellaneous Global Functions,12. SimTalk Reference
5,saveProfile [SimTalk],9622,9623,Miscellaneous Global Functions,12. SimTalk Reference
5,sendSMTPMail [SimTalk],9624,9624,Miscellaneous Global Functions,12. SimTalk Reference
5,setAntitheticRandomNumbers [SimTalk],9625,9625,Miscellaneous Global Functions,12. SimTalk Reference
5,setConsoleFilter [SimTalk],9626,9627,Miscellaneous Global Functions,12. SimTalk Reference
5,setEpsilon [SimTalk],9628,9628,Miscellaneous Global Functions,12. SimTalk Reference
5,setInfiniteLoopDetectionTimeout [SimTalk],9629,9629,Miscellaneous Global Functions,12. SimTalk Reference
5,setMUTraceRouteMethod [SimTalk],9630,9630,Miscellaneous Global Functions,12. SimTalk Reference
5,setPythonDLLPath [SimTalk],9631,9632,Miscellaneous Global Functions,12. SimTalk Reference
5,setRandomSeedCounter [SimTalk],9633,9634,Miscellaneous Global Functions,12. SimTalk Reference
5,setSeedTable [SimTalk],9635,9636,Miscellaneous Global Functions,12. SimTalk Reference
5,showStatisticsReport [SimTalk],9637,9637,Miscellaneous Global Functions,12. SimTalk Reference
5,strHash [SimTalk],9638,9639,Miscellaneous Global Functions,12. SimTalk Reference
5,throwRuntimeError [SimTalk],9640,9641,Miscellaneous Global Functions,12. SimTalk Reference
5,updateGUI [SimTalk],9642,9642,Miscellaneous Global Functions,12. SimTalk Reference
5,userInterfaceLanguage [SimTalk],9643,9643,Miscellaneous Global Functions,12. SimTalk Reference
5,writeStringToFile [SimTalk],9644,9644,Miscellaneous Global Functions,12. SimTalk Reference
4,Query the Data Type of a Variable of Data Type any,9645,9665,Predefined Functions,12. SimTalk Reference
5,Query the Data Type of a Variable of Data Type Any,9645,9645,Query the Data Type of a Variable of Data Type any,12. SimTalk Reference
5,getSimTalkTypename [SimTalk],9646,9647,Query the Data Type of a Variable of Data Type any,12. SimTalk Reference
5,isAcceleration [SimTalk],9648,9648,Query the Data Type of a Variable of Data Type any,12. SimTalk Reference
5,isArray [SimTalk],9649,9649,Query the Data Type of a Variable of Data Type any,12. SimTalk Reference
5,isBoolean [SimTalk],9650,9650,Query the Data Type of a Variable of Data Type any,12. SimTalk Reference
5,isDate [SimTalk],9651,9651,Query the Data Type of a Variable of Data Type any,12. SimTalk Reference
5,isDatetime [SimTalk],9652,9652,Query the Data Type of a Variable of Data Type any,12. SimTalk Reference
5,isInteger [SimTalk],9653,9653,Query the Data Type of a Variable of Data Type any,12. SimTalk Reference
5,isJson [SimTalk],9654,9654,Query the Data Type of a Variable of Data Type any,12. SimTalk Reference
5,isLength [SimTalk],9655,9655,Query the Data Type of a Variable of Data Type any,12. SimTalk Reference
5,isList [SimTalk],9656,9656,Query the Data Type of a Variable of Data Type any,12. SimTalk Reference
5,isListRange [SimTalk],9657,9657,Query the Data Type of a Variable of Data Type any,12. SimTalk Reference
5,isObject [SimTalk],9658,9658,Query the Data Type of a Variable of Data Type any,12. SimTalk Reference
5,isQueue [SimTalk],9659,9659,Query the Data Type of a Variable of Data Type any,12. SimTalk Reference
5,isReal [SimTalk],9660,9660,Query the Data Type of a Variable of Data Type any,12. SimTalk Reference
5,isSpeed [SimTalk],9661,9661,Query the Data Type of a Variable of Data Type any,12. SimTalk Reference
5,isStack [SimTalk],9662,9662,Query the Data Type of a Variable of Data Type any,12. SimTalk Reference
5,isString [SimTalk],9663,9663,Query the Data Type of a Variable of Data Type any,12. SimTalk Reference
5,isTable [SimTalk],9664,9664,Query the Data Type of a Variable of Data Type any,12. SimTalk Reference
5,isTime [SimTalk],9665,9665,Query the Data Type of a Variable of Data Type any,12. SimTalk Reference
5,isWeight [SimTalk],9666,9666,Query the Data Type of a Variable of Data Type any,12. SimTalk Reference
4,Input Functions,9666,9673,Predefined Functions,12. SimTalk Reference
5,Input Functions,9666,9667,Input Functions,12. SimTalk Reference
5,prompt [SimTalk],9668,9669,Input Functions,12. SimTalk Reference
5,promptList1 [SimTalk],9670,9671,Input Functions,12. SimTalk Reference
5,promptListN [SimTalk],9672,9673,Input Functions,12. SimTalk Reference
4,Output Functions,9674,9680,Predefined Functions,12. SimTalk Reference
5,Output Functions,9674,9674,Output Functions,12. SimTalk Reference
5,beep [SimTalk],9675,9675,Output Functions,12. SimTalk Reference
5,bell [SimTalk],9676,9676,Output Functions,12. SimTalk Reference
5,getUnit [SimTalk],9677,9677,Output Functions,12. SimTalk Reference
5,infoBox [SimTalk],9678,9679,Output Functions,12. SimTalk Reference
5,print [SimTalk] - output function,9680,9680,Output Functions,12. SimTalk Reference
4,Functions for Converting Data Types,9681,9728,Predefined Functions,12. SimTalk Reference
5,Functions for Converting Data Types,9681,9681,Functions for Converting Data Types,12. SimTalk Reference
5,Converting Numerical Values,9681,9690,Functions for Converting Data Types,12. SimTalk Reference
6,Converting Numerical Values,9681,9681,Converting Numerical Values,12. SimTalk Reference
6,bool_to_num [SimTalk],9682,9682,Converting Numerical Values,12. SimTalk Reference
6,bool_to_str [SimTalk],9683,9683,Converting Numerical Values,12. SimTalk Reference
6,num_to_bool [SimTalk],9684,9684,Converting Numerical Values,12. SimTalk Reference
6,num_to_hex [SimTalk],9685,9685,Converting Numerical Values,12. SimTalk Reference
6,num_to_str [SimTalk],9686,9686,Converting Numerical Values,12. SimTalk Reference
6,str_to_bool [SimTalk],9687,9687,Converting Numerical Values,12. SimTalk Reference
6,str_to_num [SimTalk],9688,9688,Converting Numerical Values,12. SimTalk Reference
6,time_to_str [SimTalk],9689,9689,Converting Numerical Values,12. SimTalk Reference
6,to_str [SimTalk],9690,9690,Converting Numerical Values,12. SimTalk Reference
5,Converting Physical Data Types,9691,9698,Functions for Converting Data Types,12. SimTalk Reference
6,Converting Physical Data Types,9691,9691,Converting Physical Data Types,12. SimTalk Reference
6,str_to_acceleration [SimTalk],9692,9693,Converting Physical Data Types,12. SimTalk Reference
6,str_to_length [SimTalk],9694,9695,Converting Physical Data Types,12. SimTalk Reference
6,str_to_speed [SimTalk],9696,9697,Converting Physical Data Types,12. SimTalk Reference
6,str_to_weight [SimTalk],9698,9698,Converting Physical Data Types,12. SimTalk Reference
5,Converting Data Types with Units into Data Types without Units,9699,9703,Functions for Converting Data Types,12. SimTalk Reference
6,Converting Physical Data Types with Units into Data Types without Units,9699,9699,Converting Data Types with Units into Data Types without Units,12. SimTalk Reference
6,acceleration_to_num [SimTalk],9700,9700,Converting Data Types with Units into Data Types without Units,12. SimTalk Reference
6,length_to_num [SimTalk],9701,9701,Converting Data Types with Units into Data Types without Units,12. SimTalk Reference
6,speed_to_num [SimTalk],9702,9702,Converting Data Types with Units into Data Types without Units,12. SimTalk Reference
6,time_to_num [SimTalk],9703,9703,Converting Data Types with Units into Data Types without Units,12. SimTalk Reference
6,weight_to_num [SimTalk],9704,9704,Converting Data Types with Units into Data Types without Units,12. SimTalk Reference
5,Converting Values without Units into Data Types with Units,9704,9709,Functions for Converting Data Types,12. SimTalk Reference
6,Converting Values without Units into Physical Data Types with Units,9704,9705,Converting Values without Units into Data Types with Units,12. SimTalk Reference
6,num_to_acceleration [SimTalk],9706,9706,Converting Values without Units into Data Types with Units,12. SimTalk Reference
6,num_to_length [SimTalk],9707,9707,Converting Values without Units into Data Types with Units,12. SimTalk Reference
6,num_to_speed [SimTalk],9708,9708,Converting Values without Units into Data Types with Units,12. SimTalk Reference
6,num_to_time [SimTalk],9709,9709,Converting Values without Units into Data Types with Units,12. SimTalk Reference
6,num_to_weight [SimTalk],9710,9710,Converting Values without Units into Data Types with Units,12. SimTalk Reference
5,Converting References,9710,9715,Functions for Converting Data Types,12. SimTalk Reference
6,Converting References,9710,9710,Converting References,12. SimTalk Reference
6,obj_to_str [SimTalk],9711,9711,Converting References,12. SimTalk Reference
6,str_to_method [SimTalk],9712,9713,Converting References,12. SimTalk Reference
6,str_to_obj [SimTalk],9714,9714,Converting References,12. SimTalk Reference
6,str_to_table [SimTalk],9715,9715,Converting References,12. SimTalk Reference
5,Converting Time and Date Values,9716,9725,Functions for Converting Data Types,12. SimTalk Reference
6,Converting Time and Date Values,9716,9716,Converting Time and Date Values,12. SimTalk Reference
6,datetime_to_str [SimTalk],9717,9718,Converting Time and Date Values,12. SimTalk Reference
6,isValidDateString [SimTalk],9719,9719,Converting Time and Date Values,12. SimTalk Reference
6,isValidDateTimeString [SimTalk],9720,9720,Converting Time and Date Values,12. SimTalk Reference
6,isValidTimeString [SimTalk],9721,9721,Converting Time and Date Values,12. SimTalk Reference
6,str_to_date [SimTalk],9722,9722,Converting Time and Date Values,12. SimTalk Reference
6,str_to_dateTime [SimTalk],9723,9723,Converting Time and Date Values,12. SimTalk Reference
6,str_to_time [SimTalk],9724,9725,Converting Time and Date Values,12. SimTalk Reference
6,timeRepresenation [SimTalk],9726,9726,Converting Time and Date Values,12. SimTalk Reference
5,Converting Arrays,9726,9728,Functions for Converting Data Types,12. SimTalk Reference
6,Converting Arrays,9726,9726,Converting Arrays,12. SimTalk Reference
6,bytes_to_str [SimTalk],9727,9728,Converting Arrays,12. SimTalk Reference
6,make2DimArray [SimTalk],9729,9729,Converting Arrays,12. SimTalk Reference
4,Functions for Debugging the Model,9729,9743,Predefined Functions,12. SimTalk Reference
5,_Functions for Debugging the Model,9729,9729,Functions for Debugging the Model,12. SimTalk Reference
5,clearAllBreakpoints [SimTalk],9730,9730,Functions for Debugging the Model,12. SimTalk Reference
5,debug [SimTalk],9731,9731,Functions for Debugging the Model,12. SimTalk Reference
5,deleteSuspendedMethods [SimTalk],9732,9733,Functions for Debugging the Model,12. SimTalk Reference
5,getErrorStop [SimTalk],9734,9734,Functions for Debugging the Model,12. SimTalk Reference
5,ignoreBreakpoints [SimTalk],9735,9735,Functions for Debugging the Model,12. SimTalk Reference
5,setErrorHandler [SimTalk],9736,9737,Functions for Debugging the Model,12. SimTalk Reference
5,setErrorStop [SimTalk],9738,9738,Functions for Debugging the Model,12. SimTalk Reference
5,setMaxDepthOfCalls [SimTalk],9739,9739,Functions for Debugging the Model,12. SimTalk Reference
5,setMaxEdgeLengthWorkerRouteNetwork [SimTalk],9740,9740,Functions for Debugging the Model,12. SimTalk Reference
5,setMaxNumberOfCallChains [SimTalk],9741,9741,Functions for Debugging the Model,12. SimTalk Reference
5,setMaxNumberOfSamples [SimTalk],9742,9742,Functions for Debugging the Model,12. SimTalk Reference
5,setMaxSuspendedMethods [SimTalk],9743,9743,Functions for Debugging the Model,12. SimTalk Reference
2,SimTalk Access to 3D Functions,9744,10393,12. SimTalk Reference,12. SimTalk Reference
3,SimTalk Access to 3D Functions,9744,9746,SimTalk Access to 3D Functions,12. SimTalk Reference
3,Copy Object Settings to a Method,9747,9747,SimTalk Access to 3D Functions,12. SimTalk Reference
3,Accessing PLMXML Kinematics Files,9748,9751,SimTalk Access to 3D Functions,12. SimTalk Reference
4,_Accessing PLMXML Kinematics Files,9748,9748,Accessing PLMXML Kinematics Files,12. SimTalk Reference
4,applyPLMXMLKinematicStructure [SimTalk],9749,9750,Accessing PLMXML Kinematics Files,12. SimTalk Reference
4,getPotentialPLMXMLKinematicRoots [SimTalk],9751,9751,Accessing PLMXML Kinematics Files,12. SimTalk Reference
3,Accessing the 3D Window,9752,9757,SimTalk Access to 3D Functions,12. SimTalk Reference
4,__Accessing the 3D Window,9752,9752,Accessing the 3D Window,12. SimTalk Reference
4,_3D.closeWindows [SimTalk],9753,9753,Accessing the 3D Window,12. SimTalk Reference
4,F3DactivateCameraMark [SimTalk],9754,9754,Accessing the 3D Window,12. SimTalk Reference
4,F3DattachCamera [SimTalk],9755,9755,Accessing the 3D Window,12. SimTalk Reference
4,F3DconfigurePlanningView [SimTalk],9755,9756,Accessing the 3D Window,12. SimTalk Reference
4,F3DconfigureView [SimTalk],9757,9757,Accessing the 3D Window,12. SimTalk Reference
3,Accessing View Options,9758,9769,SimTalk Access to 3D Functions,12. SimTalk Reference
4,__Accessing View Options,9758,9758,Accessing View Options,12. SimTalk Reference
4,_3D.PlanningView [SimTalk],9759,9759,Accessing View Options,12. SimTalk Reference
4,_3D.ShowBasePlate [SimTalk],9760,9760,Accessing View Options,12. SimTalk Reference
4,_3D.ShowConnections [SimTalk],9761,9761,Accessing View Options,12. SimTalk Reference
4,_3D.ShowExternalGraphics [SimTalk],9762,9762,Accessing View Options,12. SimTalk Reference
4,_3D.ShowGrid [SimTalk],9763,9763,Accessing View Options,12. SimTalk Reference
4,_3D.ShowLabels [SimTalk],9764,9764,Accessing View Options,12. SimTalk Reference
4,_3D.ShowMaterialFlowDirections [SimTalk],9765,9765,Accessing View Options,12. SimTalk Reference
4,_3D.ShowNames [SimTalk],9766,9766,Accessing View Options,12. SimTalk Reference
4,_3D.ShowPointClouds [SimTalk],9767,9767,Accessing View Options,12. SimTalk Reference
4,_3D.ShowShadows [SimTalk],9768,9768,Accessing View Options,12. SimTalk Reference
4,_3D.ShowSky [SimTalk],9769,9769,Accessing View Options,12. SimTalk Reference
4,_3D.ShowUserDefinedAttributes [SimTalk],9770,9770,Accessing View Options,12. SimTalk Reference
3,Accessing Objects in 3D,9770,9802,SimTalk Access to 3D Functions,12. SimTalk Reference
4,__Accessing Objects in 3D,9770,9771,Accessing Objects in 3D,12. SimTalk Reference
4,_3D.addLengthOrientation [SimTalk],9772,9772,Accessing Objects in 3D,12. SimTalk Reference
4,_3D.addObject [SimTalk],9773,9774,Accessing Objects in 3D,12. SimTalk Reference
4,_3D.Exists [SimTalk],9775,9775,Accessing Objects in 3D,12. SimTalk Reference
4,_3D.existsObject [SimTalk],9776,9776,Accessing Objects in 3D,12. SimTalk Reference
4,_3D.ExistsWithAnimation [SimTalk],9777,9777,Accessing Objects in 3D,12. SimTalk Reference
4,_3D.getAttribute [SimTalk],9778,9779,Accessing Objects in 3D,12. SimTalk Reference
4,_3D.getMUAnimationPosition [SimTalk],9780,9783,Accessing Objects in 3D,12. SimTalk Reference
4,_3D.getMUAnimationRotation [SimTalk],9784,9786,Accessing Objects in 3D,12. SimTalk Reference
4,_3D.getObject [SimTalk],9787,9788,Accessing Objects in 3D,12. SimTalk Reference
4,_3D.getPositionOfObject [SimTalk],9789,9790,Accessing Objects in 3D,12. SimTalk Reference
4,_3D.getRotationOfObject [SimTalk],9791,9791,Accessing Objects in 3D,12. SimTalk Reference
4,_3D.hasAttribute [SimTalk],9792,9792,Accessing Objects in 3D,12. SimTalk Reference
4,_3D.inheritAttribute [SimTalk],9793,9793,Accessing Objects in 3D,12. SimTalk Reference
4,_3D.InternalClassType [SimTalk],9794,9794,Accessing Objects in 3D,12. SimTalk Reference
4,_3D.memUsage [SimTalk],9795,9795,Accessing Objects in 3D,12. SimTalk Reference
4,_3D.NumObjects [SimTalk],9796,9796,Accessing Objects in 3D,12. SimTalk Reference
4,_3D.openDialog [SimTalk],9797,9797,Accessing Objects in 3D,12. SimTalk Reference
4,_3D.openWindow [SimTalk],9798,9798,Accessing Objects in 3D,12. SimTalk Reference
4,_3D.removeLengthOrientation [SimTalk],9799,9799,Accessing Objects in 3D,12. SimTalk Reference
4,_3D.Selected [SimTalk],9800,9800,Accessing Objects in 3D,12. SimTalk Reference
4,delete [SimTalk] - animatable object,9801,9801,Accessing Objects in 3D,12. SimTalk Reference
4,Length [SimTalk] - animatable object,9802,9802,Accessing Objects in 3D,12. SimTalk Reference
4,Name [SimTalk] - animatable object,9803,9803,Accessing Objects in 3D,12. SimTalk Reference
3,Accessing Transformation Settings,9803,9817,SimTalk Access to 3D Functions,12. SimTalk Reference
4,__Accessing Transformation Settings,9803,9804,Accessing Transformation Settings,12. SimTalk Reference
4,_3D.CornerPoints [SimTalk],9805,9805,Accessing Transformation Settings,12. SimTalk Reference
4,_3D.Dimensions [SimTalk] - simulation object,9806,9807,Accessing Transformation Settings,12. SimTalk Reference
4,_3D.getWorldCoordinate [SimTalk],9808,9808,Accessing Transformation Settings,12. SimTalk Reference
4,_3D.getWorldRotation [SimTalk],9809,9809,Accessing Transformation Settings,12. SimTalk Reference
4,_3D.Mirror [SimTalk],9810,9810,Accessing Transformation Settings,12. SimTalk Reference
4,_3D.Position [SimTalk],9811,9811,Accessing Transformation Settings,12. SimTalk Reference
4,_3D.Rotation [SimTalk],9812,9813,Accessing Transformation Settings,12. SimTalk Reference
4,_3D.Scale [SimTalk],9814,9814,Accessing Transformation Settings,12. SimTalk Reference
4,_3D.ScaleAutomatically [SimTalk],9815,9815,Accessing Transformation Settings,12. SimTalk Reference
4,_3D.TransformationMatrix [SimTalk],9816,9816,Accessing Transformation Settings,12. SimTalk Reference
4,F3DconcatenateRotations [SimTalk],9817,9817,Accessing Transformation Settings,12. SimTalk Reference
3,Accessing Object Captions,9818,9821,SimTalk Access to 3D Functions,12. SimTalk Reference
4,__Accessing Object Captions,9818,9818,Accessing Object Captions,12. SimTalk Reference
4,_3D.NameLabelEnabled [SimTalk],9819,9819,Accessing Object Captions,12. SimTalk Reference
4,_3D.NameLabelPosition [SimTalk],9820,9820,Accessing Object Captions,12. SimTalk Reference
4,_3D.NameLabelRotation [SimTalk],9821,9821,Accessing Object Captions,12. SimTalk Reference
4,_3D.NameLabelScale [SimTalk],9822,9822,Accessing Object Captions,12. SimTalk Reference
3,Accessing the Background Color of Frame and Folder,9822,9824,SimTalk Access to 3D Functions,12. SimTalk Reference
4,__Accessing the Background Color of Frame and Folder,9822,9823,Accessing the Background Color of Frame and Folder,12. SimTalk Reference
4,_3D.BackgroundBrightness [SimTalk],9824,9824,Accessing the Background Color of Frame and Folder,12. SimTalk Reference
4,_3D.BackgroundColor [SimTalk],9825,9825,Accessing the Background Color of Frame and Folder,12. SimTalk Reference
3,Accessing the Fill Level of the Buffer,9825,9828,SimTalk Access to 3D Functions,12. SimTalk Reference
4,__Accessing the Fill Level of the Buffer,9825,9825,Accessing the Fill Level of the Buffer,12. SimTalk Reference
4,_3D.FillLevelDimensions [SimTalk],9826,9826,Accessing the Fill Level of the Buffer,12. SimTalk Reference
4,_3D.FillLevelPosition [SimTalk],9827,9827,Accessing the Fill Level of the Buffer,12. SimTalk Reference
4,_3D.FillLevelRotation [SimTalk],9828,9828,Accessing the Fill Level of the Buffer,12. SimTalk Reference
4,_3D.ShowContentsAs [SimTalk],9829,9829,Accessing the Fill Level of the Buffer,12. SimTalk Reference
3,Accessing the Bounding Box,9829,9833,SimTalk Access to 3D Functions,12. SimTalk Reference
4,__Accessing the Bounding Box,9829,9829,Accessing the Bounding Box,12. SimTalk Reference
4,_3D.BoundingBoxCenter [SimTalk],9830,9830,Accessing the Bounding Box,12. SimTalk Reference
4,_3D.BoundingBoxMax [SimTalk],9831,9831,Accessing the Bounding Box,12. SimTalk Reference
4,_3D.BoundingBoxMin [SimTalk],9832,9832,Accessing the Bounding Box,12. SimTalk Reference
4,_3D.BoundingBoxSize [SimTalk],9833,9833,Accessing the Bounding Box,12. SimTalk Reference
3,Accessing the Appearance of the Objects,9834,9841,SimTalk Access to 3D Functions,12. SimTalk Reference
4,__Accessing the Appearance of Objects and MUs,9834,9834,Accessing the Appearance of the Objects,12. SimTalk Reference
4,_3D.MaterialActive [SimTalk],9835,9835,Accessing the Appearance of the Objects,12. SimTalk Reference
4,_3D.MaterialAmbientColor [SimTalk],9836,9836,Accessing the Appearance of the Objects,12. SimTalk Reference
4,_3D.MaterialDiffuseColor [SimTalk],9837,9837,Accessing the Appearance of the Objects,12. SimTalk Reference
4,_3D.MaterialEmissiveColor [SimTalk],9838,9838,Accessing the Appearance of the Objects,12. SimTalk Reference
4,_3D.MaterialShininess [SimTalk],9839,9839,Accessing the Appearance of the Objects,12. SimTalk Reference
4,_3D.MaterialSpecularColor [SimTalk],9840,9840,Accessing the Appearance of the Objects,12. SimTalk Reference
4,_3D.MaterialTransparency [SimTalk],9841,9841,Accessing the Appearance of the Objects,12. SimTalk Reference
4,_3D.ShowSafetyZones [SimTalk],9842,9842,Accessing the Appearance of the Objects,12. SimTalk Reference
3,Accessing the Appearance of the Store,9842,9867,SimTalk Access to 3D Functions,12. SimTalk Reference
4,__Accessing the Appearance of the Store,9842,9842,Accessing the Appearance of the Store,12. SimTalk Reference
4,_3D.Dimensions [SimTalk] - Store,9843,9843,Accessing the Appearance of the Store,12. SimTalk Reference
4,_3D.FloorThickness [SimTalk],9844,9844,Accessing the Appearance of the Store,12. SimTalk Reference
4,_3D.Gap [SimTalk],9845,9846,Accessing the Appearance of the Store,12. SimTalk Reference
4,_3D.GroundClearance [SimTalk],9847,9847,Accessing the Appearance of the Store,12. SimTalk Reference
4,_3D.OriginX [SimTalk],9848,9850,Accessing the Appearance of the Store,12. SimTalk Reference
4,_3D.OriginY [SimTalk],9851,9853,Accessing the Appearance of the Store,12. SimTalk Reference
4,_3D.PostMaterialActive [SimTalk],9854,9854,Accessing the Appearance of the Store,12. SimTalk Reference
4,_3D.PostMaterialAmbientColor [SimTalk],9855,9855,Accessing the Appearance of the Store,12. SimTalk Reference
4,_3D.PostMaterialDiffuseColor [SimTalk],9856,9856,Accessing the Appearance of the Store,12. SimTalk Reference
4,_3D.PostMaterialEmissiveColor [SimTalk],9857,9857,Accessing the Appearance of the Store,12. SimTalk Reference
4,_3D.PostMaterialShininess [SimTalk],9858,9858,Accessing the Appearance of the Store,12. SimTalk Reference
4,_3D.PostMaterialSpecularColor [SimTalk],9859,9859,Accessing the Appearance of the Store,12. SimTalk Reference
4,_3D.PostMaterialTransparency [SimTalk],9860,9860,Accessing the Appearance of the Store,12. SimTalk Reference
4,_3D.StorageAreaMaterialActive [SimTalk],9861,9861,Accessing the Appearance of the Store,12. SimTalk Reference
4,_3D.StorageAreaMaterialAmbientColor [SimTalk],9862,9862,Accessing the Appearance of the Store,12. SimTalk Reference
4,_3D.StorageAreaMaterialDiffuseColor [SimTalk],9863,9863,Accessing the Appearance of the Store,12. SimTalk Reference
4,_3D.StorageAreaMaterialEmissiveColor [SimTalk],9864,9864,Accessing the Appearance of the Store,12. SimTalk Reference
4,_3D.StorageAreaMaterialShininess [SimTalk],9865,9865,Accessing the Appearance of the Store,12. SimTalk Reference
4,_3D.StorageAreaMaterialSpecularColor [SimTalk],9866,9866,Accessing the Appearance of the Store,12. SimTalk Reference
4,_3D.StorageAreaMaterialTransparency [SimTalk],9867,9867,Accessing the Appearance of the Store,12. SimTalk Reference
4,_3D.StoreType [SimTalk],9868,9868,Accessing the Appearance of the Store,12. SimTalk Reference
3,Accessing Length-oriented Objects,9868,9885,SimTalk Access to 3D Functions,12. SimTalk Reference
4,__Accessing Length-oriented Objects,9868,9869,Accessing Length-oriented Objects,12. SimTalk Reference
4,_3D.AniGravityMode [SimTalk],9870,9870,Accessing Length-oriented Objects,12. SimTalk Reference
4,_3D.AnimationOffset [SimTalk],9871,9871,Accessing Length-oriented Objects,12. SimTalk Reference
4,_3D.AniSmoothRotation [SimTalk],9872,9872,Accessing Length-oriented Objects,12. SimTalk Reference
4,_3D.BaseHeight [SimTalk] - 3D,9873,9874,Accessing Length-oriented Objects,12. SimTalk Reference
4,_3D.ExtConfiguration [SimTalk],9875,9881,Accessing Length-oriented Objects,12. SimTalk Reference
4,_3D.getExtSegments [SimTalk],9882,9882,Accessing Length-oriented Objects,12. SimTalk Reference
4,_3D.setExtSegments [SimTalk],9883,9883,Accessing Length-oriented Objects,12. SimTalk Reference
4,_3D.ShowMaterialFlowDirection [SimTalk],9883,9884,Accessing Length-oriented Objects,12. SimTalk Reference
4,_3D.ShowSensors [SimTalk],9885,9885,Accessing Length-oriented Objects,12. SimTalk Reference
4,_3D.Width [SimTalk],9886,9886,Accessing Length-oriented Objects,12. SimTalk Reference
3,Accessing Functions of the Extrusion Profile,9886,9891,SimTalk Access to 3D Functions,12. SimTalk Reference
4,_Accessing Functions of the Extrusion Profile,9886,9886,Accessing Functions of the Extrusion Profile,12. SimTalk Reference
4,F3DgenerateEllipse [SimTalk],9887,9887,Accessing Functions of the Extrusion Profile,12. SimTalk Reference
4,F3DgenerateHollowEllipse [SimTalk],9888,9889,Accessing Functions of the Extrusion Profile,12. SimTalk Reference
4,F3DgenerateHollowRectangle [SimTalk],9890,9890,Accessing Functions of the Extrusion Profile,12. SimTalk Reference
4,F3DgenerateRectangle [SimTalk],9891,9891,Accessing Functions of the Extrusion Profile,12. SimTalk Reference
3,Accessing the Animation Area,9892,9901,SimTalk Access to 3D Functions,12. SimTalk Reference
4,__Accessing the Animation Area,9892,9892,Accessing the Animation Area,12. SimTalk Reference
4,_3D.convertMUAnimationAreaToPaths [SimTalk],9893,9893,Accessing the Animation Area,12. SimTalk Reference
4,_3D.createMUAnimationAreaFromPaths [SimTalk],9894,9894,Accessing the Animation Area,12. SimTalk Reference
4,_3D.MUAnimationAreaAbsoluteCenter [SimTalk],9895,9895,Accessing the Animation Area,12. SimTalk Reference
4,_3D.MUAnimationAreaAbsoluteSize [SimTalk],9896,9896,Accessing the Animation Area,12. SimTalk Reference
4,_3D.MUAnimationAreaEnabled [SimTalk],9897,9897,Accessing the Animation Area,12. SimTalk Reference
4,_3D.MUAnimationAreaMURotation [SimTalk],9898,9898,Accessing the Animation Area,12. SimTalk Reference
4,_3D.MUAnimationAreaOrientation [SimTalk],9899,9899,Accessing the Animation Area,12. SimTalk Reference
4,_3D.MUAnimationAreaRelativeCenter [SimTalk],9900,9900,Accessing the Animation Area,12. SimTalk Reference
4,_3D.MUAnimationAreaRelativeSize [SimTalk],9901,9901,Accessing the Animation Area,12. SimTalk Reference
4,_3D.MUAnimationAreaShowMUsAsCuboids [SimTalk],9902,9902,Accessing the Animation Area,12. SimTalk Reference
3,Accessing MU Animations,9902,9938,SimTalk Access to 3D Functions,12. SimTalk Reference
4,__Accessing MU Animations,9902,9903,Accessing MU Animations,12. SimTalk Reference
4,_3D.AnimationObject [SimTalk],9904,9904,Accessing MU Animations,12. SimTalk Reference
4,_3D.MUAnimations.<AnimationPathName>.delete [SimTalk],9905,9905,Accessing MU Animations,12. SimTalk Reference
4,_3D.MUAnimations.<AnimationPathName>.getMUAnimationPosition [SimTalk],9906,9906,Accessing MU Animations,12. SimTalk Reference
4,_3D.MUAnimations.<AnimationPathName>.getTable [SimTalk],9907,9907,Accessing MU Animations,12. SimTalk Reference
4,_3D.MUAnimations.<AnimationPathName>.IsCurve [SimTalk],9908,9908,Accessing MU Animations,12. SimTalk Reference
4,_3D.MUAnimations.<AnimationPathName>.IsGenerated [SimTalk],9909,9909,Accessing MU Animations,12. SimTalk Reference
4,_3D.MUAnimations.<AnimationPathName>.IsLine [SimTalk],9910,9910,Accessing MU Animations,12. SimTalk Reference
4,_3D.MUAnimations.<AnimationPathName>.IsPoint [SimTalk],9911,9911,Accessing MU Animations,12. SimTalk Reference
4,_3D.MUAnimations.<AnimationPathName>.IsSpline [SimTalk],9912,9912,Accessing MU Animations,12. SimTalk Reference
4,_3D.MUAnimations.<AnimationPathName>.Length [SimTalk],9913,9913,Accessing MU Animations,12. SimTalk Reference
4,_3D.MUAnimations.<AnimationPathName>.PathAnchorPoint [SimTalk],9914,9914,Accessing MU Animations,12. SimTalk Reference
4,_3D.MUAnimations.<AnimationPathName>.setTable [SimTalk],9915,9916,Accessing MU Animations,12. SimTalk Reference
4,_3D.MUAnimations.Count [SimTalk],9917,9917,Accessing MU Animations,12. SimTalk Reference
4,_3D.MUAnimations.createAnimationCurve [SimTalk],9918,9919,Accessing MU Animations,12. SimTalk Reference
4,_3D.MUAnimations.createAnimationLine [SimTalk],9920,9920,Accessing MU Animations,12. SimTalk Reference
4,_3D.MUAnimations.createAnimationPoint [SimTalk],9921,9922,Accessing MU Animations,12. SimTalk Reference
4,_3D.MUAnimations.createAnimationSpline [SimTalk],9923,9923,Accessing MU Animations,12. SimTalk Reference
4,_3D.MUAnimations.getAnimation [SimTalk],9924,9925,Accessing MU Animations,12. SimTalk Reference
4,_3D.MUAnimations.getTable [SimTalk],9926,9926,Accessing MU Animations,12. SimTalk Reference
4,_3D.MUAnimations.setTable [SimTalk],9927,9928,Accessing MU Animations,12. SimTalk Reference
4,_3D.MUSideToAttach [SimTalk],9929,9937,Accessing MU Animations,12. SimTalk Reference
4,_3D.resetAnimationTime [SimTalk],9938,9938,Accessing MU Animations,12. SimTalk Reference
4,MUAnimations.copyFromSimulationObject [SimTalk],9938,9938,Accessing MU Animations,12. SimTalk Reference
3,Accessing Self Animations,9939,9973,SimTalk Access to 3D Functions,12. SimTalk Reference
4,__Accessing Self Animations,9939,9939,Accessing Self Animations,12. SimTalk Reference
4,_3D.AniRotationAxis [SimTalk],9940,9940,Accessing Self Animations,12. SimTalk Reference
4,_3D.AniRotationCenter [SimTalk],9941,9941,Accessing Self Animations,12. SimTalk Reference
4,_3D.AniTranslationDirection [SimTalk],9942,9942,Accessing Self Animations,12. SimTalk Reference
4,_3D.SelfAnimations.<AnimationPathName>.delete [SimTalk],9943,9943,Accessing Self Animations,12. SimTalk Reference
4,_3D.SelfAnimations.<AnimationPathName>.getTable [SimTalk],9944,9944,Accessing Self Animations,12. SimTalk Reference
4,_3D.SelfAnimations.<AnimationPathName>.IsCurve [SimTalk],9945,9945,Accessing Self Animations,12. SimTalk Reference
4,_3D.SelfAnimations.<AnimationPathName>.IsLine [SimTalk],9946,9946,Accessing Self Animations,12. SimTalk Reference
4,_3D.SelfAnimations.<AnimationPathName>.IsSpline [SimTalk],9947,9947,Accessing Self Animations,12. SimTalk Reference
4,_3D.SelfAnimations.<AnimationPathName>.play [SimTalk],9948,9949,Accessing Self Animations,12. SimTalk Reference
4,_3D.SelfAnimations.<AnimationPathName>.schedule [SimTalk],9950,9951,Accessing Self Animations,12. SimTalk Reference
4,_3D.SelfAnimations.<AnimationPathName>.setTable [SimTalk],9952,9952,Accessing Self Animations,12. SimTalk Reference
4,_3D.SelfAnimations.AnimationTimeBlock [SimTalk],9953,9953,Accessing Self Animations,12. SimTalk Reference
4,_3D.SelfAnimations.AnimationTimeTotal [SimTalk],9954,9954,Accessing Self Animations,12. SimTalk Reference
4,_3D.SelfAnimations.createAnimationCurve [SimTalk],9955,9955,Accessing Self Animations,12. SimTalk Reference
4,_3D.SelfAnimations.createAnimationLine [SimTalk],9956,9956,Accessing Self Animations,12. SimTalk Reference
4,_3D.SelfAnimations.createAnimationSpline [SimTalk],9957,9957,Accessing Self Animations,12. SimTalk Reference
4,_3D.SelfAnimations.deleteAllAnimationBlocks [SimTalk],9958,9958,Accessing Self Animations,12. SimTalk Reference
4,_3D.SelfAnimations.deleteNextAnimationBlock [SimTalk],9959,9959,Accessing Self Animations,12. SimTalk Reference
4,_3D.SelfAnimations.getAnimation [SimTalk],9960,9960,Accessing Self Animations,12. SimTalk Reference
4,_3D.SelfAnimations.getTable [SimTalk],9961,9961,Accessing Self Animations,12. SimTalk Reference
4,_3D.SelfAnimations.pause [SimTalk],9962,9962,Accessing Self Animations,12. SimTalk Reference
4,_3D.SelfAnimations.play [SimTalk],9963,9963,Accessing Self Animations,12. SimTalk Reference
4,_3D.SelfAnimations.playRotation [SimTalk],9964,9965,Accessing Self Animations,12. SimTalk Reference
4,_3D.SelfAnimations.playTranslation [SimTalk],9966,9967,Accessing Self Animations,12. SimTalk Reference
4,_3D.SelfAnimations.resetAnimation [SimTalk],9968,9968,Accessing Self Animations,12. SimTalk Reference
4,_3D.SelfAnimations.scheduleRotation [SimTalk],9969,9970,Accessing Self Animations,12. SimTalk Reference
4,_3D.SelfAnimations.scheduleTranslation [SimTalk],9971,9971,Accessing Self Animations,12. SimTalk Reference
4,_3D.SelfAnimations.setTable [SimTalk],9972,9972,Accessing Self Animations,12. SimTalk Reference
4,_3D.SelfAnimations.startNextAnimationBlock [SimTalk],9973,9973,Accessing Self Animations,12. SimTalk Reference
3,Accessing Camera Animations,9974,9997,SimTalk Access to 3D Functions,12. SimTalk Reference
4,__Accessing Camera Animations,9974,9974,Accessing Camera Animations,12. SimTalk Reference
4,_3D.CameraAnimations.<AnimationPathName>.delete [SimTalk],9975,9975,Accessing Camera Animations,12. SimTalk Reference
4,_3D.CameraAnimations.<AnimationPathName>.getTable [SimTalk],9976,9976,Accessing Camera Animations,12. SimTalk Reference
4,_3D.CameraAnimations.<AnimationPathName>.IsCurve [SimTalk],9977,9977,Accessing Camera Animations,12. SimTalk Reference
4,_3D.CameraAnimations.<AnimationPathName>.IsLine [SimTalk],9978,9978,Accessing Camera Animations,12. SimTalk Reference
4,_3D.CameraAnimations.<AnimationPathName>.IsSpline [SimTalk],9979,9979,Accessing Camera Animations,12. SimTalk Reference
4,_3D.CameraAnimations.<AnimationPathName>.play [SimTalk],9980,9981,Accessing Camera Animations,12. SimTalk Reference
4,_3D.CameraAnimations.<AnimationPathName>.schedule [SimTalk],9982,9983,Accessing Camera Animations,12. SimTalk Reference
4,_3D.CameraAnimations.<AnimationPathName>.setTable [SimTalk],9984,9984,Accessing Camera Animations,12. SimTalk Reference
4,_3D.CameraAnimations.AnimationTimeBlock [SimTalk],9985,9985,Accessing Camera Animations,12. SimTalk Reference
4,_3D.CameraAnimations.AnimationTimeTotal [SimTalk],9986,9986,Accessing Camera Animations,12. SimTalk Reference
4,_3D.CameraAnimations.Count [SimTalk],9987,9987,Accessing Camera Animations,12. SimTalk Reference
4,_3D.CameraAnimations.createAnimationCurve [SimTalk],9988,9988,Accessing Camera Animations,12. SimTalk Reference
4,_3D.CameraAnimations.createAnimationLine [SimTalk],9989,9989,Accessing Camera Animations,12. SimTalk Reference
4,_3D.CameraAnimations.createAnimationSpline [SimTalk],9990,9990,Accessing Camera Animations,12. SimTalk Reference
4,_3D.CameraAnimations.getAnimation [SimTalk],9991,9992,Accessing Camera Animations,12. SimTalk Reference
4,_3D.CameraAnimations.getTable [SimTalk],9993,9993,Accessing Camera Animations,12. SimTalk Reference
4,_3D.CameraAnimations.pause [SimTalk],9994,9994,Accessing Camera Animations,12. SimTalk Reference
4,_3D.CameraAnimations.play [SimTalk],9995,9995,Accessing Camera Animations,12. SimTalk Reference
4,_3D.CameraAnimations.resetAnimation [SimTalk],9996,9996,Accessing Camera Animations,12. SimTalk Reference
4,_3D.CameraAnimations.setTable [SimTalk],9997,9997,Accessing Camera Animations,12. SimTalk Reference
3,Accessing Robot Arm Animations,9998,10001,SimTalk Access to 3D Functions,12. SimTalk Reference
4,__Accessing Robot Arm Animations,9998,9998,Accessing Robot Arm Animations,12. SimTalk Reference
4,_3D.RobotArmAnimations.getTable [SimTalk],9999,10000,Accessing Robot Arm Animations,12. SimTalk Reference
4,_3D.RobotArmAnimations.setTable [SimTalk],10001,10001,Accessing Robot Arm Animations,12. SimTalk Reference
3,Accessing Joints,10002,10023,SimTalk Access to 3D Functions,12. SimTalk Reference
4,__Accessing Joints,10002,10002,Accessing Joints,12. SimTalk Reference
4,_3D.JointUseShortestRotationDirection [SimTalk],10003,10003,Accessing Joints,12. SimTalk Reference
4,JointAcceleration [SimTalk],10004,10004,Accessing Joints,12. SimTalk Reference
4,JointCurrentValue [SimTalk],10005,10005,Accessing Joints,12. SimTalk Reference
4,JointDeceleration [SimTalk],10006,10006,Accessing Joints,12. SimTalk Reference
4,JointLowerLimit [SimTalk],10007,10007,Accessing Joints,12. SimTalk Reference
4,JointLowerLimitActive [SimTalk],10008,10009,Accessing Joints,12. SimTalk Reference
4,JointType [SimTalk],10010,10010,Accessing Joints,12. SimTalk Reference
4,JointUpperLimit [SimTalk],10011,10011,Accessing Joints,12. SimTalk Reference
4,JointUpperLimitActive [SimTalk],10012,10012,Accessing Joints,12. SimTalk Reference
4,JointVelocity [SimTalk],10013,10014,Accessing Joints,12. SimTalk Reference
4,moveTo [SimTalk],10015,10017,Accessing Joints,12. SimTalk Reference
4,moveToCoordinate [SimTalk],10018,10019,Accessing Joints,12. SimTalk Reference
4,moveToMU [SimTalk],10020,10021,Accessing Joints,12. SimTalk Reference
4,moveToMUAnimationPosition [SimTalk],10022,10023,Accessing Joints,12. SimTalk Reference
3,Accessing Poses,10024,10051,SimTalk Access to 3D Functions,12. SimTalk Reference
4,__Accessing Poses,10024,10024,Accessing Poses,12. SimTalk Reference
4,_3D.MovementInterruptible [SimTalk],10025,10026,Accessing Poses,12. SimTalk Reference
4,_3D.Poses.cancelMovement [SimTalk],10027,10027,Accessing Poses,12. SimTalk Reference
4,_3D.Poses.continueMovement [SimTalk],10028,10028,Accessing Poses,12. SimTalk Reference
4,_3D.Poses.EndPoseWasReached [SimTalk],10029,10030,Accessing Poses,12. SimTalk Reference
4,_3D.Poses.getAnimationTime [SimTalk],10031,10031,Accessing Poses,12. SimTalk Reference
4,_3D.Poses.getMUAnimationPosition [SimTalk],10032,10033,Accessing Poses,12. SimTalk Reference
4,_3D.Poses.getTable [SimTalk],10034,10034,Accessing Poses,12. SimTalk Reference
4,_3D.Poses.isMovingTo [SimTalk],10035,10035,Accessing Poses,12. SimTalk Reference
4,_3D.Poses.moveTo [SimTalk],10036,10038,Accessing Poses,12. SimTalk Reference
4,_3D.Poses.moveToCoordinate [SimTalk],10039,10041,Accessing Poses,12. SimTalk Reference
4,_3D.Poses.moveToMU [SimTalk],10042,10044,Accessing Poses,12. SimTalk Reference
4,_3D.Poses.moveToMUAnimationPosition [SimTalk],10045,10048,Accessing Poses,12. SimTalk Reference
4,_3D.Poses.pauseMovement [SimTalk],10049,10049,Accessing Poses,12. SimTalk Reference
4,_3D.Poses.setTable [SimTalk],10050,10050,Accessing Poses,12. SimTalk Reference
4,_3D.Poses.stopMovement [SimTalk],10050,10051,Accessing Poses,12. SimTalk Reference
4,_3D.SynchronizedJoints [SimTalk],10052,10052,Accessing Poses,12. SimTalk Reference
3,Accessing the Worker,10052,10058,SimTalk Access to 3D Functions,12. SimTalk Reference
4,__Accessing the Worker,10052,10052,Accessing the Worker,12. SimTalk Reference
4,_3D.GraphicsWhenCarrying [SimTalk],10053,10053,Accessing the Worker,12. SimTalk Reference
4,_3D.GraphicsWhenEmpty [SimTalk],10054,10054,Accessing the Worker,12. SimTalk Reference
4,_3D.ObstacleForWorker [SimTalk],10055,10058,Accessing the Worker,12. SimTalk Reference
4,_3D.VisibleWalkingGraphicGroup [SimTalk],10059,10059,Accessing the Worker,12. SimTalk Reference
3,Accessing Methods of Graphic Shapes,10059,10100,SimTalk Access to 3D Functions,12. SimTalk Reference
4,_Accessing Methods of Graphic Shapes,10059,10060,Accessing Methods of Graphic Shapes,12. SimTalk Reference
4,createBarredArea [SimTalk],10061,10062,Accessing Methods of Graphic Shapes,12. SimTalk Reference
4,createBox [SimTalk],10063,10063,Accessing Methods of Graphic Shapes,12. SimTalk Reference
4,createConeFrustum [SimTalk],10064,10066,Accessing Methods of Graphic Shapes,12. SimTalk Reference
4,createCuboid [SimTalk],10067,10068,Accessing Methods of Graphic Shapes,12. SimTalk Reference
4,createDimensioning [SimTalk],10069,10070,Accessing Methods of Graphic Shapes,12. SimTalk Reference
4,createExtrusionGraphic [SimTalk],10071,10072,Accessing Methods of Graphic Shapes,12. SimTalk Reference
4,createFactoryWalls [SimTalk],10073,10074,Accessing Methods of Graphic Shapes,12. SimTalk Reference
4,createFence [SimTalk],10075,10076,Accessing Methods of Graphic Shapes,12. SimTalk Reference
4,createIndexedFaceSet [SimTalk],10077,10079,Accessing Methods of Graphic Shapes,12. SimTalk Reference
4,createIndexedLineSet [SimTalk],10080,10082,Accessing Methods of Graphic Shapes,12. SimTalk Reference
4,createMezzanine [SimTalk],10083,10084,Accessing Methods of Graphic Shapes,12. SimTalk Reference
4,createPicture [SimTalk],10085,10086,Accessing Methods of Graphic Shapes,12. SimTalk Reference
4,createPolyLine [SimTalk],10087,10088,Accessing Methods of Graphic Shapes,12. SimTalk Reference
4,createRack [SimTalk],10089,10090,Accessing Methods of Graphic Shapes,12. SimTalk Reference
4,createRectangle [SimTalk],10091,10092,Accessing Methods of Graphic Shapes,12. SimTalk Reference
4,createSphere [SimTalk],10093,10093,Accessing Methods of Graphic Shapes,12. SimTalk Reference
4,createStairs [SimTalk],10094,10095,Accessing Methods of Graphic Shapes,12. SimTalk Reference
4,createText [SimTalk],10096,10097,Accessing Methods of Graphic Shapes,12. SimTalk Reference
4,createTiledPlate [SimTalk],10098,10099,Accessing Methods of Graphic Shapes,12. SimTalk Reference
4,importGraphics [SimTalk],10100,10100,Accessing Methods of Graphic Shapes,12. SimTalk Reference
3,Accessing Attributes of Graphic Shapes,10101,10113,SimTalk Access to 3D Functions,12. SimTalk Reference
4,_Accessing Attributes of Graphic Shapes,10101,10101,Accessing Attributes of Graphic Shapes,12. SimTalk Reference
4,Dimensions [SimTalk] - barred area,10102,10102,Accessing Attributes of Graphic Shapes,12. SimTalk Reference
4,Dimensions [SimTalk] - graphic,10103,10104,Accessing Attributes of Graphic Shapes,12. SimTalk Reference
4,Form [SimTalk],10105,10106,Accessing Attributes of Graphic Shapes,12. SimTalk Reference
4,HasCutouts [SimTalk],10107,10107,Accessing Attributes of Graphic Shapes,12. SimTalk Reference
4,PlaceRemainder [SimTalk],10108,10110,Accessing Attributes of Graphic Shapes,12. SimTalk Reference
4,restoreCutouts [SimTalk],10111,10112,Accessing Attributes of Graphic Shapes,12. SimTalk Reference
4,WallThickness [SimTalk],10113,10113,Accessing Attributes of Graphic Shapes,12. SimTalk Reference
3,Accessing Properties of Graphic Shapes,10114,10295,SimTalk Access to 3D Functions,12. SimTalk Reference
4,Accessing Properties of Graphic Shapes,10114,10114,Accessing Properties of Graphic Shapes,12. SimTalk Reference
4,Board Material Attributes,10114,10121,Accessing Properties of Graphic Shapes,12. SimTalk Reference
5,_Board Material Attributes,10114,10114,Board Material Attributes,12. SimTalk Reference
5,BoardMaterialActive [SimTalk],10115,10115,Board Material Attributes,12. SimTalk Reference
5,BoardMaterialAmbientColor [SimTalk],10116,10116,Board Material Attributes,12. SimTalk Reference
5,BoardMaterialDiffuseColor [SimTalk],10117,10117,Board Material Attributes,12. SimTalk Reference
5,BoardMaterialEmissiveColor [SimTalk],10118,10118,Board Material Attributes,12. SimTalk Reference
5,BoardMaterialShininess [SimTalk],10119,10119,Board Material Attributes,12. SimTalk Reference
5,BoardMaterialSpecularColor [SimTalk],10120,10120,Board Material Attributes,12. SimTalk Reference
5,BoardMaterialTransparency [SimTalk],10121,10121,Board Material Attributes,12. SimTalk Reference
4,Border Line Material Attributes,10122,10135,Accessing Properties of Graphic Shapes,12. SimTalk Reference
5,_Border Line Material Attributes,10122,10122,Border Line Material Attributes,12. SimTalk Reference
5,BorderLineMaterialActive [SimTalk],10123,10124,Border Line Material Attributes,12. SimTalk Reference
5,BorderLineMaterialAmbientColor [SimTalk],10125,10126,Border Line Material Attributes,12. SimTalk Reference
5,BorderLineMaterialDiffuseColor [SimTalk],10127,10128,Border Line Material Attributes,12. SimTalk Reference
5,BorderLineMaterialEmissiveColor [SimTalk],10129,10130,Border Line Material Attributes,12. SimTalk Reference
5,BorderLineMaterialShininess [SimTalk],10131,10132,Border Line Material Attributes,12. SimTalk Reference
5,BorderLineMaterialSpecularColor [SimTalk],10133,10134,Border Line Material Attributes,12. SimTalk Reference
5,BorderLineMaterialTransparency [SimTalk],10135,10135,Border Line Material Attributes,12. SimTalk Reference
4,Dimensioning Attributes,10136,10140,Accessing Properties of Graphic Shapes,12. SimTalk Reference
5,_Dimensioning Attributes,10136,10136,Dimensioning Attributes,12. SimTalk Reference
5,DimensioningSpace [SimTalk],10137,10137,Dimensioning Attributes,12. SimTalk Reference
5,MeasuredLength [SimTalk],10138,10138,Dimensioning Attributes,12. SimTalk Reference
5,MeasuringPoint1 [SimTalk],10139,10139,Dimensioning Attributes,12. SimTalk Reference
5,MeasuringPoint2 [SimTalk],10140,10140,Dimensioning Attributes,12. SimTalk Reference
5,TextPosition [SimTalk],10141,10141,Dimensioning Attributes,12. SimTalk Reference
4,Factory Walls Attributes,10141,10142,Accessing Properties of Graphic Shapes,12. SimTalk Reference
5,_Factory Walls Attributes,10141,10142,Factory Walls Attributes,12. SimTalk Reference
5,WallElementWidth [SimTalk],10143,10143,Factory Walls Attributes,12. SimTalk Reference
4,Fence Attributes,10143,10146,Accessing Properties of Graphic Shapes,12. SimTalk Reference
5,_Fence Attributes,10143,10144,Fence Attributes,12. SimTalk Reference
5,FenceElementWidth [SimTalk],10145,10145,Fence Attributes,12. SimTalk Reference
5,MeshActive [SimTalk],10146,10146,Fence Attributes,12. SimTalk Reference
5,PanesActive [SimTalk],10147,10147,Fence Attributes,12. SimTalk Reference
4,Floor Material Attributes,10147,10161,Accessing Properties of Graphic Shapes,12. SimTalk Reference
5,_Floor Material Attributes,10147,10148,Floor Material Attributes,12. SimTalk Reference
5,FloorMaterialActive [SimTalk],10149,10150,Floor Material Attributes,12. SimTalk Reference
5,FloorMaterialAmbientColor [SimTalk],10151,10152,Floor Material Attributes,12. SimTalk Reference
5,FloorMaterialDiffuseColor [SimTalk],10153,10154,Floor Material Attributes,12. SimTalk Reference
5,FloorMaterialEmissiveColor [SimTalk],10155,10156,Floor Material Attributes,12. SimTalk Reference
5,FloorMaterialShininess [SimTalk],10157,10158,Floor Material Attributes,12. SimTalk Reference
5,FloorMaterialSpecularColor [SimTalk],10159,10160,Floor Material Attributes,12. SimTalk Reference
5,FloorMaterialTransparency [SimTalk],10161,10161,Floor Material Attributes,12. SimTalk Reference
4,Frame Material Attributes,10162,10175,Accessing Properties of Graphic Shapes,12. SimTalk Reference
5,_Frame Material Attributes,10162,10162,Frame Material Attributes,12. SimTalk Reference
5,FrameMaterialActive [SimTalk],10163,10164,Frame Material Attributes,12. SimTalk Reference
5,FrameMaterialAmbientColor [SimTalk],10165,10166,Frame Material Attributes,12. SimTalk Reference
5,FrameMaterialDiffuseColor [SimTalk],10167,10168,Frame Material Attributes,12. SimTalk Reference
5,FrameMaterialEmissiveColor [SimTalk],10169,10170,Frame Material Attributes,12. SimTalk Reference
5,FrameMaterialShininess [SimTalk],10171,10172,Frame Material Attributes,12. SimTalk Reference
5,FrameMaterialSpecularColor [SimTalk],10173,10174,Frame Material Attributes,12. SimTalk Reference
5,FrameMaterialTransparency [SimTalk],10175,10175,Frame Material Attributes,12. SimTalk Reference
4,Mesh Material Attributes,10176,10189,Accessing Properties of Graphic Shapes,12. SimTalk Reference
5,_Mesh Material Attributes,10176,10176,Mesh Material Attributes,12. SimTalk Reference
5,MeshMaterialActive [SimTalk],10177,10178,Mesh Material Attributes,12. SimTalk Reference
5,MeshMaterialAmbientColor [SimTalk],10179,10180,Mesh Material Attributes,12. SimTalk Reference
5,MeshMaterialDiffuseColor [SimTalk],10181,10182,Mesh Material Attributes,12. SimTalk Reference
5,MeshMaterialEmissiveColor [SimTalk],10183,10184,Mesh Material Attributes,12. SimTalk Reference
5,MeshMaterialShininess [SimTalk],10185,10186,Mesh Material Attributes,12. SimTalk Reference
5,MeshMaterialSpecularColor [SimTalk],10187,10188,Mesh Material Attributes,12. SimTalk Reference
5,MeshMaterialTransparency [SimTalk],10189,10189,Mesh Material Attributes,12. SimTalk Reference
4,Mezzanine Attributes,10190,10195,Accessing Properties of Graphic Shapes,12. SimTalk Reference
5,_Mezzanine Attributes,10190,10190,Mezzanine Attributes,12. SimTalk Reference
5,BorderLineActive [SimTalk],10191,10191,Mezzanine Attributes,12. SimTalk Reference
5,FloorThickness [SimTalk],10192,10192,Mezzanine Attributes,12. SimTalk Reference
5,PostDiameter [SimTalk] - mezzanine,10193,10193,Mezzanine Attributes,12. SimTalk Reference
5,RailingsActive [SimTalk],10194,10194,Mezzanine Attributes,12. SimTalk Reference
5,RailingSegmentWidth [SimTalk],10195,10195,Mezzanine Attributes,12. SimTalk Reference
4,Pane Material Attributes,10196,10206,Accessing Properties of Graphic Shapes,12. SimTalk Reference
5,_Pane Material Attributes,10196,10196,Pane Material Attributes,12. SimTalk Reference
5,PaneMaterialActive [SimTalk],10197,10197,Pane Material Attributes,12. SimTalk Reference
5,PaneMaterialAmbientColor [SimTalk],10198,10198,Pane Material Attributes,12. SimTalk Reference
5,PaneMaterialDiffuseColor [SimTalk],10199,10200,Pane Material Attributes,12. SimTalk Reference
5,PaneMaterialEmissiveColor [SimTalk],10201,10202,Pane Material Attributes,12. SimTalk Reference
5,PaneMaterialShininess [SimTalk],10203,10203,Pane Material Attributes,12. SimTalk Reference
5,PaneMaterialSpecularColor [SimTalk],10204,10205,Pane Material Attributes,12. SimTalk Reference
5,PaneMaterialTransparency [SimTalk],10206,10206,Pane Material Attributes,12. SimTalk Reference
4,Post Material Attributes,10207,10218,Accessing Properties of Graphic Shapes,12. SimTalk Reference
5,_Post Material Attributes,10207,10207,Post Material Attributes,12. SimTalk Reference
5,PostMaterialActive [SimTalk],10208,10208,Post Material Attributes,12. SimTalk Reference
5,PostMaterialAmbientColor [SimTalk],10209,10210,Post Material Attributes,12. SimTalk Reference
5,PostMaterialDiffuseColor [SimTalk],10211,10212,Post Material Attributes,12. SimTalk Reference
5,PostMaterialEmissiveColor [SimTalk],10213,10214,Post Material Attributes,12. SimTalk Reference
5,PostMaterialShininess [SimTalk],10215,10215,Post Material Attributes,12. SimTalk Reference
5,PostMaterialSpecularColor [SimTalk],10216,10217,Post Material Attributes,12. SimTalk Reference
5,PostMaterialTransparency [SimTalk],10218,10218,Post Material Attributes,12. SimTalk Reference
4,Profile Material Attributes,10219,10232,Accessing Properties of Graphic Shapes,12. SimTalk Reference
5,_Profile Material Attributes,10219,10219,Profile Material Attributes,12. SimTalk Reference
5,ProfileMaterialActive [SimTalk],10220,10221,Profile Material Attributes,12. SimTalk Reference
5,ProfileMaterialAmbientColor [SimTalk],10222,10223,Profile Material Attributes,12. SimTalk Reference
5,ProfileMaterialDiffuseColor [SimTalk],10224,10225,Profile Material Attributes,12. SimTalk Reference
5,ProfileMaterialEmissiveColor [SimTalk],10226,10227,Profile Material Attributes,12. SimTalk Reference
5,ProfileMaterialShininess [SimTalk],10228,10229,Profile Material Attributes,12. SimTalk Reference
5,ProfileMaterialSpecularColor [SimTalk],10230,10231,Profile Material Attributes,12. SimTalk Reference
5,ProfileMaterialTransparency [SimTalk],10232,10232,Profile Material Attributes,12. SimTalk Reference
4,Rack Attributes,10233,10242,Accessing Properties of Graphic Shapes,12. SimTalk Reference
5,_Rack Attributes,10233,10233,Rack Attributes,12. SimTalk Reference
5,BayDepth [SimTalk],10234,10234,Rack Attributes,12. SimTalk Reference
5,BaySize [SimTalk],10235,10235,Rack Attributes,12. SimTalk Reference
5,BoardDepth [SimTalk],10236,10236,Rack Attributes,12. SimTalk Reference
5,BoardThickness [SimTalk],10237,10237,Rack Attributes,12. SimTalk Reference
5,Capacity [SimTalk] - rack,10238,10238,Rack Attributes,12. SimTalk Reference
5,GroundClearance [SimTalk],10239,10240,Rack Attributes,12. SimTalk Reference
5,MinimalStructure [SimTalk],10241,10241,Rack Attributes,12. SimTalk Reference
5,PostDiameter [SimTalk] - rack,10242,10242,Rack Attributes,12. SimTalk Reference
5,SquarePosts [SimTalk],10243,10243,Rack Attributes,12. SimTalk Reference
4,Railing Material Attributes,10243,10257,Accessing Properties of Graphic Shapes,12. SimTalk Reference
5,_Railing Material Attributes,10243,10244,Railing Material Attributes,12. SimTalk Reference
5,RailingMaterialActive [SimTalk],10245,10246,Railing Material Attributes,12. SimTalk Reference
5,RailingMaterialAmbientColor [SimTalk],10247,10248,Railing Material Attributes,12. SimTalk Reference
5,RailingMaterialDiffuseColor [SimTalk],10249,10250,Railing Material Attributes,12. SimTalk Reference
5,RailingMaterialEmissiveColor [SimTalk],10251,10252,Railing Material Attributes,12. SimTalk Reference
5,RailingMaterialShininess [SimTalk],10253,10254,Railing Material Attributes,12. SimTalk Reference
5,RailingMaterialSpecularColor [SimTalk],10255,10256,Railing Material Attributes,12. SimTalk Reference
5,RailingMaterialTransparency [SimTalk],10257,10257,Railing Material Attributes,12. SimTalk Reference
4,Stairs Attributes,10258,10261,Accessing Properties of Graphic Shapes,12. SimTalk Reference
5,_Stairs Attributes,10258,10258,Stairs Attributes,12. SimTalk Reference
5,Rise [SimTalk],10259,10259,Stairs Attributes,12. SimTalk Reference
5,Run [SimTalk],10260,10260,Stairs Attributes,12. SimTalk Reference
5,TreadWidth [SimTalk],10261,10261,Stairs Attributes,12. SimTalk Reference
4,Stringer Material Attributes,10262,10273,Accessing Properties of Graphic Shapes,12. SimTalk Reference
5,_Stringer Material Attributes,10262,10262,Stringer Material Attributes,12. SimTalk Reference
5,StringerMaterialActive [SimTalk],10263,10263,Stringer Material Attributes,12. SimTalk Reference
5,StringerMaterialAmbientColor [SimTalk],10264,10265,Stringer Material Attributes,12. SimTalk Reference
5,StringerMaterialDiffuseColor [SimTalk],10266,10267,Stringer Material Attributes,12. SimTalk Reference
5,StringerMaterialEmissiveColor [SimTalk],10268,10269,Stringer Material Attributes,12. SimTalk Reference
5,StringerMaterialShininess [SimTalk],10270,10270,Stringer Material Attributes,12. SimTalk Reference
5,StringerMaterialSpecularColor [SimTalk],10271,10272,Stringer Material Attributes,12. SimTalk Reference
5,StringerMaterialTransparency [SimTalk],10273,10273,Stringer Material Attributes,12. SimTalk Reference
4,Tread Material Attributes,10274,10281,Accessing Properties of Graphic Shapes,12. SimTalk Reference
5,_Tread Material Attributes,10274,10274,Tread Material Attributes,12. SimTalk Reference
5,TreadMaterialActive [SimTalk],10275,10275,Tread Material Attributes,12. SimTalk Reference
5,TreadMaterialAmbientColor [SimTalk],10276,10276,Tread Material Attributes,12. SimTalk Reference
5,TreadMaterialDiffuseColor [SimTalk],10277,10277,Tread Material Attributes,12. SimTalk Reference
5,TreadMaterialEmissiveColor [SimTalk],10278,10278,Tread Material Attributes,12. SimTalk Reference
5,TreadMaterialShininess [SimTalk],10279,10279,Tread Material Attributes,12. SimTalk Reference
5,TreadMaterialSpecularColor [SimTalk],10280,10280,Tread Material Attributes,12. SimTalk Reference
5,TreadMaterialTransparency [SimTalk],10281,10281,Tread Material Attributes,12. SimTalk Reference
4,Wall Material Attributes,10282,10295,Accessing Properties of Graphic Shapes,12. SimTalk Reference
5,_Wall Material Attributes,10282,10282,Wall Material Attributes,12. SimTalk Reference
5,WallMaterialActive [SimTalk],10283,10284,Wall Material Attributes,12. SimTalk Reference
5,WallMaterialAmbientColor [SimTalk],10285,10286,Wall Material Attributes,12. SimTalk Reference
5,WallMaterialDiffuseColor [SimTalk],10287,10288,Wall Material Attributes,12. SimTalk Reference
5,WallMaterialEmissiveColor [SimTalk],10289,10290,Wall Material Attributes,12. SimTalk Reference
5,WallMaterialShininess [SimTalk],10291,10292,Wall Material Attributes,12. SimTalk Reference
5,WallMaterialSpecularColor [SimTalk],10293,10294,Wall Material Attributes,12. SimTalk Reference
5,WallMaterialTransparency [SimTalk],10295,10295,Wall Material Attributes,12. SimTalk Reference
3,Accessing Graphics,10296,10312,SimTalk Access to 3D Functions,12. SimTalk Reference
4,__Accessing Graphics,10296,10296,Accessing Graphics,12. SimTalk Reference
4,_3D.calculateMUDimensions [SimTalk],10297,10297,Accessing Graphics,12. SimTalk Reference
4,_3D.exchangeGraphic [SimTalk],10298,10298,Accessing Graphics,12. SimTalk Reference
4,_3D.ExcludeFromShowContentOfLocation [SimTalk],10299,10299,Accessing Graphics,12. SimTalk Reference
4,_3D.exportAsJt [SimTalk],10300,10301,Accessing Graphics,12. SimTalk Reference
4,_3D.exportAsS3D [SimTalk],10302,10302,Accessing Graphics,12. SimTalk Reference
4,_3D.exportModelingViewBitmap [SimTalk],10303,10303,Accessing Graphics,12. SimTalk Reference
4,_3D.exportPlanningViewBitmap [SimTalk],10304,10305,Accessing Graphics,12. SimTalk Reference
4,_3D.getGraphic [SimTalk],10306,10308,Accessing Graphics,12. SimTalk Reference
4,_3D.InheritGraphics [SimTalk],10309,10309,Accessing Graphics,12. SimTalk Reference
4,_3D.optimizeObject [SimTalk],10310,10311,Accessing Graphics,12. SimTalk Reference
4,_3D.ShowContent [SimTalk],10312,10312,Accessing Graphics,12. SimTalk Reference
3,Detailed Access To Graphics,10313,10354,SimTalk Access to 3D Functions,12. SimTalk Reference
4,_Detailed Access To Graphics,10313,10313,Detailed Access To Graphics,12. SimTalk Reference
4,addGraphicTransformation [SimTalk],10314,10315,Detailed Access To Graphics,12. SimTalk Reference
4,deleteGraphic [SimTalk],10316,10316,Detailed Access To Graphics,12. SimTalk Reference
4,graphic [SimTalk],10317,10317,Detailed Access To Graphics,12. SimTalk Reference
4,groupGraphics [SimTalk],10318,10319,Detailed Access To Graphics,12. SimTalk Reference
4,Index [SimTalk] - graphic in 3D,10320,10320,Detailed Access To Graphics,12. SimTalk Reference
4,InternalGraphicType [SimTalk],10321,10322,Detailed Access To Graphics,12. SimTalk Reference
4,makeAnimatableObject [SimTalk],10323,10324,Detailed Access To Graphics,12. SimTalk Reference
4,MaterialActive [SimTalk],10325,10325,Detailed Access To Graphics,12. SimTalk Reference
4,MaterialAmbientColor [SimTalk],10326,10327,Detailed Access To Graphics,12. SimTalk Reference
4,MaterialDiffuseColor [SimTalk],10328,10329,Detailed Access To Graphics,12. SimTalk Reference
4,MaterialEmissiveColor [SimTalk],10330,10331,Detailed Access To Graphics,12. SimTalk Reference
4,MaterialShininess [SimTalk],10332,10332,Detailed Access To Graphics,12. SimTalk Reference
4,MaterialSpecularColor [SimTalk],10333,10334,Detailed Access To Graphics,12. SimTalk Reference
4,MaterialTransparency [SimTalk],10335,10336,Detailed Access To Graphics,12. SimTalk Reference
4,Name [SimTalk] - graphic,10337,10337,Detailed Access To Graphics,12. SimTalk Reference
4,NumGraphics [SimTalk],10338,10338,Detailed Access To Graphics,12. SimTalk Reference
4,ObstacleForWorker [SimTalk],10339,10341,Detailed Access To Graphics,12. SimTalk Reference
4,optimizeByPruningTinyGraphics [SimTalk],10342,10342,Detailed Access To Graphics,12. SimTalk Reference
4,optimizeByStructureFlattening [SimTalk],10343,10344,Detailed Access To Graphics,12. SimTalk Reference
4,optimizeByVisibilityFilter [SimTalk],10345,10345,Detailed Access To Graphics,12. SimTalk Reference
4,Position [SimTalk] - graphic,10346,10347,Detailed Access To Graphics,12. SimTalk Reference
4,removeTexture [SimTalk],10348,10348,Detailed Access To Graphics,12. SimTalk Reference
4,Rotation [SimTalk] - graphic,10349,10350,Detailed Access To Graphics,12. SimTalk Reference
4,Scale [SimTalk] - graphic,10351,10352,Detailed Access To Graphics,12. SimTalk Reference
4,TransformationMatrix [SimTalk],10353,10354,Detailed Access To Graphics,12. SimTalk Reference
4,ungroupGraphic [SimTalk],10355,10355,Detailed Access To Graphics,12. SimTalk Reference
3,Accessing Methods of Graphic Groups,10355,10359,SimTalk Access to 3D Functions,12. SimTalk Reference
4,__Accessing Methods of Graphic Groups,10355,10356,Accessing Methods of Graphic Groups,12. SimTalk Reference
4,_3D.addGraphicGroup [SimTalk],10357,10358,Accessing Methods of Graphic Groups,12. SimTalk Reference
4,_3D.deleteGraphicGroup [SimTalk],10359,10359,Accessing Methods of Graphic Groups,12. SimTalk Reference
4,_3D.deleteGraphicGroupContent [SimTalk],10360,10360,Accessing Methods of Graphic Groups,12. SimTalk Reference
3,Accessing Attributes and Read-Only Attributes of Graphic Groups,10360,10372,SimTalk Access to 3D Functions,12. SimTalk Reference
4,__Accessing Attributes and Read-Only Attributes of Graphic Groups,10360,10361,Accessing Attributes and Read-Only Attributes of Graphic Groups,12. SimTalk Reference
4,_3D.ExternalGraphicGroups [SimTalk],10362,10362,Accessing Attributes and Read-Only Attributes of Graphic Groups,12. SimTalk Reference
4,_3D.GraphicGroupNames [SimTalk],10363,10363,Accessing Attributes and Read-Only Attributes of Graphic Groups,12. SimTalk Reference
4,_3D.InternalGraphicGroups [SimTalk],10364,10364,Accessing Attributes and Read-Only Attributes of Graphic Groups,12. SimTalk Reference
4,_3D.LockedGraphicGroups [SimTalk],10365,10365,Accessing Attributes and Read-Only Attributes of Graphic Groups,12. SimTalk Reference
4,_3D.VisibleGraphicGroups [SimTalk],10366,10367,Accessing Attributes and Read-Only Attributes of Graphic Groups,12. SimTalk Reference
4,External [SimTalk] - graphic group,10368,10368,Accessing Attributes and Read-Only Attributes of Graphic Groups,12. SimTalk Reference
4,Generated [SimTalk] - graphic group,10369,10369,Accessing Attributes and Read-Only Attributes of Graphic Groups,12. SimTalk Reference
4,Internal [SimTalk] - graphic group,10370,10370,Accessing Attributes and Read-Only Attributes of Graphic Groups,12. SimTalk Reference
4,Locked [SimTalk] - graphic group,10371,10371,Accessing Attributes and Read-Only Attributes of Graphic Groups,12. SimTalk Reference
4,Visible [SimTalk] - graphic group,10372,10372,Accessing Attributes and Read-Only Attributes of Graphic Groups,12. SimTalk Reference
3,Accessing State Graphics,10373,10379,SimTalk Access to 3D Functions,12. SimTalk Reference
4,__Accessing State Graphics,10373,10373,Accessing State Graphics,12. SimTalk Reference
4,_3D.StatesForColoring [SimTalk],10374,10375,Accessing State Graphics,12. SimTalk Reference
4,_3D.StatesOrientation [SimTalk],10376,10376,Accessing State Graphics,12. SimTalk Reference
4,_3D.StatesPosition [SimTalk],10377,10377,Accessing State Graphics,12. SimTalk Reference
4,_3D.StatesScale [SimTalk],10378,10379,Accessing State Graphics,12. SimTalk Reference
4,_3D.StatesScaleWithObject [SimTalk],10380,10380,Accessing State Graphics,12. SimTalk Reference
3,Accessing Point Clouds,10380,10383,SimTalk Access to 3D Functions,12. SimTalk Reference
4,__Accessing Point Clouds,10380,10380,Accessing Point Clouds,12. SimTalk Reference
4,_3D.PointCloudPath [SimTalk],10381,10381,Accessing Point Clouds,12. SimTalk Reference
4,_3D.PointCloudPosition [SimTalk],10382,10382,Accessing Point Clouds,12. SimTalk Reference
4,_3D.PointCloudRotation [SimTalk],10383,10383,Accessing Point Clouds,12. SimTalk Reference
3,Accessing Video Recording Settings,10384,10393,SimTalk Access to 3D Functions,12. SimTalk Reference
4,_Accessing Video Recording Settings,10384,10384,Accessing Video Recording Settings,12. SimTalk Reference
4,F3DfinishVideo [SimTalk],10385,10385,Accessing Video Recording Settings,12. SimTalk Reference
4,F3DisRecordingAVideo [SimTalk],10386,10386,Accessing Video Recording Settings,12. SimTalk Reference
4,F3DpauseVideo [SimTalk],10387,10387,Accessing Video Recording Settings,12. SimTalk Reference
4,F3DrecordSimulationVideo [SimTalk],10388,10391,Accessing Video Recording Settings,12. SimTalk Reference
4,F3DrecordVideo [SimTalk],10392,10393,Accessing Video Recording Settings,12. SimTalk Reference
2,Outdated SimTalk Names,10394,10412,12. SimTalk Reference,12. SimTalk Reference
2,No Longer Supported SimTalk Names of the 2D Visualization,10413,10418,12. SimTalk Reference,12. SimTalk Reference
1,13. Quick Reference,10419,10432,,13. Quick Reference
2,Quick Reference Card,10419,10432,13. Quick Reference,13. Quick Reference
1,14. Add-Ins Reference Help,10433,11186,,14. Add-Ins Reference Help
2,Add-Ins Reference Help,10433,10433,14. Add-Ins Reference Help,14. Add-Ins Reference Help
2,Database Interfaces,10434,10549,14. Add-Ins Reference Help,14. Add-Ins Reference Help
3,Database Interfaces,10434,10435,Database Interfaces,14. Add-Ins Reference Help
3,SQLite,10436,10480,Database Interfaces,14. Add-Ins Reference Help
4,SQLite,10436,10437,SQLite,14. Add-Ins Reference Help
4,Dialog Box of the SQLite Interface,10438,10445,SQLite,14. Add-Ins Reference Help
5,Dialog Box of the SQLite Interface,10438,10438,Dialog Box of the SQLite Interface,14. Add-Ins Reference Help
5,Tab Attributes,10438,10441,Dialog Box of the SQLite Interface,14. Add-Ins Reference Help
6,Tab Attributes,10438,10438,Tab Attributes,14. Add-Ins Reference Help
6,Filename [SQLite],10439,10439,Tab Attributes,14. Add-Ins Reference Help
6,Statements,10440,10440,Tab Attributes,14. Add-Ins Reference Help
6,Delete File [SQLite],10441,10441,Tab Attributes,14. Add-Ins Reference Help
5,Tab User-defined,10442,10442,Dialog Box of the SQLite Interface,14. Add-Ins Reference Help
5,Navigate Menu,10443,10443,Dialog Box of the SQLite Interface,14. Add-Ins Reference Help
5,View Menu,10444,10444,Dialog Box of the SQLite Interface,14. Add-Ins Reference Help
5,Tools Menu,10445,10445,Dialog Box of the SQLite Interface,14. Add-Ins Reference Help
5,Help Menu,10446,10446,Dialog Box of the SQLite Interface,14. Add-Ins Reference Help
4,Methods of the SQLite Interface,10446,10474,SQLite,14. Add-Ins Reference Help
5,_Methods of the SQLite Interface,10446,10447,Methods of the SQLite Interface,14. Add-Ins Reference Help
5,bindInteger [SimTalk],10448,10448,Methods of the SQLite Interface,14. Add-Ins Reference Help
5,bindReal [SimTalk],10449,10449,Methods of the SQLite Interface,14. Add-Ins Reference Help
5,bindString [SimTalk],10450,10450,Methods of the SQLite Interface,14. Add-Ins Reference Help
5,close [SimTalk] - SQLite,10451,10451,Methods of the SQLite Interface,14. Add-Ins Reference Help
5,createTable [SimTalk],10452,10452,Methods of the SQLite Interface,14. Add-Ins Reference Help
5,dropTable [SimTalk],10453,10453,Methods of the SQLite Interface,14. Add-Ins Reference Help
5,exec [SimTalk],10454,10454,Methods of the SQLite Interface,14. Add-Ins Reference Help
5,executeStatement [SimTalk],10455,10456,Methods of the SQLite Interface,14. Add-Ins Reference Help
5,finalize [SimTalk],10457,10457,Methods of the SQLite Interface,14. Add-Ins Reference Help
5,getColumn [SimTalk],10458,10458,Methods of the SQLite Interface,14. Add-Ins Reference Help
5,getColumnCount [SimTalk],10459,10459,Methods of the SQLite Interface,14. Add-Ins Reference Help
5,getColumnInteger [SimTalk],10460,10460,Methods of the SQLite Interface,14. Add-Ins Reference Help
5,getColumnReal [SimTalk],10461,10461,Methods of the SQLite Interface,14. Add-Ins Reference Help
5,getColumnString [SimTalk],10462,10462,Methods of the SQLite Interface,14. Add-Ins Reference Help
5,loadFromFile [SimTalk],10463,10463,Methods of the SQLite Interface,14. Add-Ins Reference Help
5,open [SimTalk] - SQLite,10464,10465,Methods of the SQLite Interface,14. Add-Ins Reference Help
5,prepare [SimTalk],10466,10466,Methods of the SQLite Interface,14. Add-Ins Reference Help
5,remove [SimTalk] - SQLite,10467,10467,Methods of the SQLite Interface,14. Add-Ins Reference Help
5,resetStatement [SimTalk],10468,10468,Methods of the SQLite Interface,14. Add-Ins Reference Help
5,saveToFile [SimTalk],10469,10469,Methods of the SQLite Interface,14. Add-Ins Reference Help
5,sql [SimTalk] - SQLite,10470,10471,Methods of the SQLite Interface,14. Add-Ins Reference Help
5,step [SimTalk] - SQLite,10472,10473,Methods of the SQLite Interface,14. Add-Ins Reference Help
5,storeStatement [SimTalk],10474,10474,Methods of the SQLite Interface,14. Add-Ins Reference Help
5,useStatement [SimTalk],10475,10475,Methods of the SQLite Interface,14. Add-Ins Reference Help
4,Read-Only Attributes of the SQLite Interface,10475,10477,SQLite,14. Add-Ins Reference Help
5,Read-Only Attributes of the SQLite Interface,10475,10476,Read-Only Attributes of the SQLite Interface,14. Add-Ins Reference Help
5,IsOpen [SimTalk] - SQLite,10477,10477,Read-Only Attributes of the SQLite Interface,14. Add-Ins Reference Help
5,SQLiteVersion [SimTalk],10478,10478,Read-Only Attributes of the SQLite Interface,14. Add-Ins Reference Help
4,Attributes of the SQLite Interface,10478,10480,SQLite,14. Add-Ins Reference Help
5,Attributes of the SQLite Interface,10478,10479,Attributes of the SQLite Interface,14. Add-Ins Reference Help
5,FileName [SimTalk] - SQLite,10480,10480,Attributes of the SQLite Interface,14. Add-Ins Reference Help
3,ODBC,10481,10525,Database Interfaces,14. Add-Ins Reference Help
4,ODBC,10481,10483,ODBC,14. Add-Ins Reference Help
4,Setting the ODBC User Data Source Up,10484,10484,ODBC,14. Add-Ins Reference Help
4,ODBC Data Types,10485,10485,ODBC,14. Add-Ins Reference Help
4,Dialog Box of the ODBC Interface,10486,10498,ODBC,14. Add-Ins Reference Help
5,Dialog Box of the ODBC Interface,10486,10486,Dialog Box of the ODBC Interface,14. Add-Ins Reference Help
5,Database [text box] - ODBC,10487,10487,Dialog Box of the ODBC Interface,14. Add-Ins Reference Help
5,Driver,10488,10489,Dialog Box of the ODBC Interface,14. Add-Ins Reference Help
5,Data Source [ODBC],10490,10491,Dialog Box of the ODBC Interface,14. Add-Ins Reference Help
5,Data Types [button] - ODBC,10492,10492,Dialog Box of the ODBC Interface,14. Add-Ins Reference Help
5,User Name [ODBC],10493,10493,Dialog Box of the ODBC Interface,14. Add-Ins Reference Help
5,Password [ODBC],10494,10494,Dialog Box of the ODBC Interface,14. Add-Ins Reference Help
5,Stop on Errors [ODBC],10495,10495,Dialog Box of the ODBC Interface,14. Add-Ins Reference Help
5,Format Table [check box] - ODBC,10496,10496,Dialog Box of the ODBC Interface,14. Add-Ins Reference Help
5,Message [ODBC],10497,10497,Dialog Box of the ODBC Interface,14. Add-Ins Reference Help
5,Login [button] - ODBC,10498,10498,Dialog Box of the ODBC Interface,14. Add-Ins Reference Help
5,Logout [button] - ODBC,10499,10499,Dialog Box of the ODBC Interface,14. Add-Ins Reference Help
4,Methods of the ODBC Interface,10499,10513,ODBC,14. Add-Ins Reference Help
5,_Methods of the ODBC Interface,10499,10500,Methods of the ODBC Interface,14. Add-Ins Reference Help
5,beginTrans [SimTalk],10501,10501,Methods of the ODBC Interface,14. Add-Ins Reference Help
5,commitTrans [SimTalk],10502,10502,Methods of the ODBC Interface,14. Add-Ins Reference Help
5,deleteRows [SimTalk] - ODBC,10503,10503,Methods of the ODBC Interface,14. Add-Ins Reference Help
5,driverConnect [SimTalk],10504,10505,Methods of the ODBC Interface,14. Add-Ins Reference Help
5,insertTable [SimTalk] - ODBC,10506,10506,Methods of the ODBC Interface,14. Add-Ins Reference Help
5,login [SimTalk] - ODBC,10507,10507,Methods of the ODBC Interface,14. Add-Ins Reference Help
5,logout [SimTalk] - ODBC,10508,10508,Methods of the ODBC Interface,14. Add-Ins Reference Help
5,readTable [SimTalk] - ODBC,10509,10509,Methods of the ODBC Interface,14. Add-Ins Reference Help
5,rollbackTrans [SimTalk],10510,10510,Methods of the ODBC Interface,14. Add-Ins Reference Help
5,sql [SimTalk] - ODBC,10511,10512,Methods of the ODBC Interface,14. Add-Ins Reference Help
5,sqlError [SimTalk],10513,10513,Methods of the ODBC Interface,14. Add-Ins Reference Help
5,updateTable [SimTalk] - ODBC,10514,10514,Methods of the ODBC Interface,14. Add-Ins Reference Help
4,Read-Only Attributes of the ODBC Interface,10514,10519,ODBC,14. Add-Ins Reference Help
5,_Read-Only Attributes of the ODBC Interface,10514,10515,Read-Only Attributes of the ODBC Interface,14. Add-Ins Reference Help
5,InfoDataSource [SimTalk],10516,10517,Read-Only Attributes of the ODBC Interface,14. Add-Ins Reference Help
5,InfoDataTypes [SimTalk],10518,10518,Read-Only Attributes of the ODBC Interface,14. Add-Ins Reference Help
5,InfoDriver [SimTalk],10519,10519,Read-Only Attributes of the ODBC Interface,14. Add-Ins Reference Help
4,Attributes of the ODBC Interface,10520,10525,ODBC,14. Add-Ins Reference Help
5,_Attributes of the ODBC Interface,10520,10521,Attributes of the ODBC Interface,14. Add-Ins Reference Help
5,ConvertingDataDriver [SimTalk],10522,10522,Attributes of the ODBC Interface,14. Add-Ins Reference Help
5,DataBase [SimTalk] - ODBC,10523,10523,Attributes of the ODBC Interface,14. Add-Ins Reference Help
5,ErrorStop [SimTalk] - ODBC,10524,10524,Attributes of the ODBC Interface,14. Add-Ins Reference Help
5,FormatTable [SimTalk],10525,10525,Attributes of the ODBC Interface,14. Add-Ins Reference Help
5,Transaction [SimTalk],10526,10526,Attributes of the ODBC Interface,14. Add-Ins Reference Help
3,Oracle11g/Oracle 19 c,10526,10549,Database Interfaces,14. Add-Ins Reference Help
4,Oracle11g/Oracle 19c,10526,10527,Oracle11g/Oracle 19 c,14. Add-Ins Reference Help
4,Dialog Box of the Oracle11g Interface,10528,10535,Oracle11g/Oracle 19 c,14. Add-Ins Reference Help
5,Dialog Box of the Oracle11g Interface,10528,10529,Dialog Box of the Oracle11g Interface,14. Add-Ins Reference Help
5,Database [text box] - Oracle,10530,10530,Dialog Box of the Oracle11g Interface,14. Add-Ins Reference Help
5,User Name [Oracle],10531,10531,Dialog Box of the Oracle11g Interface,14. Add-Ins Reference Help
5,Password [Oracle],10532,10532,Dialog Box of the Oracle11g Interface,14. Add-Ins Reference Help
5,Stop on Errors [Oracle],10533,10533,Dialog Box of the Oracle11g Interface,14. Add-Ins Reference Help
5,Message [Oracle],10534,10534,Dialog Box of the Oracle11g Interface,14. Add-Ins Reference Help
5,Login [button] - Oracle,10535,10535,Dialog Box of the Oracle11g Interface,14. Add-Ins Reference Help
5,Logout [button] - Oracle,10536,10536,Dialog Box of the Oracle11g Interface,14. Add-Ins Reference Help
4,Methods of the Oracle11g Interface,10536,10544,Oracle11g/Oracle 19 c,14. Add-Ins Reference Help
5,_Methods of the Oracle11g Interface,10536,10537,Methods of the Oracle11g Interface,14. Add-Ins Reference Help
5,deleteRows [SimTalk] - Oracle,10538,10538,Methods of the Oracle11g Interface,14. Add-Ins Reference Help
5,insertTable [SimTalk] - Oracle,10539,10539,Methods of the Oracle11g Interface,14. Add-Ins Reference Help
5,login [SimTalk] - Oracle,10540,10540,Methods of the Oracle11g Interface,14. Add-Ins Reference Help
5,logout [SimTalk] - Oracle,10541,10541,Methods of the Oracle11g Interface,14. Add-Ins Reference Help
5,readTable [SimTalk] - Oracle,10542,10542,Methods of the Oracle11g Interface,14. Add-Ins Reference Help
5,sql [SimTalk] - Oracle,10543,10544,Methods of the Oracle11g Interface,14. Add-Ins Reference Help
5,updateTable [SimTalk] - Oracle,10545,10545,Methods of the Oracle11g Interface,14. Add-Ins Reference Help
4,Read-Only Attributes of the Oracle11g Interface,10545,10545,Oracle11g/Oracle 19 c,14. Add-Ins Reference Help
5,Read-Only Attributes of the Oracle11g Interface,10545,10545,Read-Only Attributes of the Oracle11g Interface,14. Add-Ins Reference Help
4,Attributes of the Oracle11g Interface,10546,10549,Oracle11g/Oracle 19 c,14. Add-Ins Reference Help
5,_Attributes of the Oracle11g Interface,10546,10547,Attributes of the Oracle11g Interface,14. Add-Ins Reference Help
5,DataBase [SimTalk] - Oracle,10548,10548,Attributes of the Oracle11g Interface,14. Add-Ins Reference Help
5,ErrorStop [SimTalk] - Oracle,10549,10549,Attributes of the Oracle11g Interface,14. Add-Ins Reference Help
2,Inter-Process Communication Interfaces,10550,10984,14. Add-Ins Reference Help,14. Add-Ins Reference Help
3,Inter-Process Communication Interfaces,10550,10550,Inter-Process Communication Interfaces,14. Add-Ins Reference Help
3,Teamcenter,10551,10621,Inter-Process Communication Interfaces,14. Add-Ins Reference Help
4,Teamcenter [object],10551,10557,Teamcenter,14. Add-Ins Reference Help
4,Exchange Data Between Teamcenter and Plant Simulation,10558,10559,Teamcenter,14. Add-Ins Reference Help
4,Browse the Teamcenter Database with Active Workspace,10560,10563,Teamcenter,14. Add-Ins Reference Help
4,Import a Study from Teamcenter with the Study Manager,10564,10566,Teamcenter,14. Add-Ins Reference Help
4,Secure File Mode,10567,10567,Teamcenter,14. Add-Ins Reference Help
4,Dialog Box of the Teamcenter Interface,10567,10592,Teamcenter,14. Add-Ins Reference Help
5,Dialog Box of the Teamcenter Interface,10567,10567,Dialog Box of the Teamcenter Interface,14. Add-Ins Reference Help
5,Tab Connection,10568,10573,Dialog Box of the Teamcenter Interface,14. Add-Ins Reference Help
6,Tab Connection,10568,10568,Tab Connection,14. Add-Ins Reference Help
6,Server [text box],10569,10569,Tab Connection,14. Add-Ins Reference Help
6,Import Mode [drop-down list],10570,10570,Tab Connection,14. Add-Ins Reference Help
6,User Name [Teamcenter],10571,10571,Tab Connection,14. Add-Ins Reference Help
6,Password [Teamcenter],10572,10572,Tab Connection,14. Add-Ins Reference Help
6,Group [Teamcenter],10573,10573,Tab Connection,14. Add-Ins Reference Help
6,Role [text box],10574,10574,Tab Connection,14. Add-Ins Reference Help
5,Tab Import,10574,10584,Dialog Box of the Teamcenter Interface,14. Add-Ins Reference Help
6,Tab Import,10574,10574,Tab Import,14. Add-Ins Reference Help
6,Application Interface [text box],10575,10575,Tab Import,14. Add-Ins Reference Help
6,Sync [text box],10576,10576,Tab Import,14. Add-Ins Reference Help
6,Retrieve JT Files [check box],10577,10577,Tab Import,14. Add-Ins Reference Help
6,Retrieve Kinematics Files [check box],10578,10578,Tab Import,14. Add-Ins Reference Help
6,Directory [text box],10579,10579,Tab Import,14. Add-Ins Reference Help
6,Style Sheet [text box],10580,10580,Tab Import,14. Add-Ins Reference Help
6,Table [text box] - Teamcenter,10581,10581,Tab Import,14. Add-Ins Reference Help
6,Import [Teamcenter],10582,10584,Tab Import,14. Add-Ins Reference Help
5,Tab Export,10585,10588,Dialog Box of the Teamcenter Interface,14. Add-Ins Reference Help
6,Tab Export,10585,10585,Tab Export,14. Add-Ins Reference Help
6,HtmlReport [Teamcenter],10586,10586,Tab Export,14. Add-Ins Reference Help
6,Target Folder [text box],10587,10587,Tab Export,14. Add-Ins Reference Help
6,Export [Teamcenter],10588,10588,Tab Export,14. Add-Ins Reference Help
5,Tab User-defined,10589,10589,Dialog Box of the Teamcenter Interface,14. Add-Ins Reference Help
5,Navigate Menu,10590,10590,Dialog Box of the Teamcenter Interface,14. Add-Ins Reference Help
5,View Menu,10591,10591,Dialog Box of the Teamcenter Interface,14. Add-Ins Reference Help
5,Tools Menu,10592,10592,Dialog Box of the Teamcenter Interface,14. Add-Ins Reference Help
5,Help Menu,10593,10593,Dialog Box of the Teamcenter Interface,14. Add-Ins Reference Help
4,Methods of the Teamcenter Interface,10593,10604,Teamcenter,14. Add-Ins Reference Help
5,_Methods of the Teamcenter Interface,10593,10594,Methods of the Teamcenter Interface,14. Add-Ins Reference Help
5,exportReport [SimTalk],10595,10595,Methods of the Teamcenter Interface,14. Add-Ins Reference Help
5,login [SimTalk] - Teamcenter,10596,10597,Methods of the Teamcenter Interface,14. Add-Ins Reference Help
5,logout [SimTalk] - Teamcenter,10598,10598,Methods of the Teamcenter Interface,14. Add-Ins Reference Help
5,queryApplicationInterfaces [SimTalk],10599,10599,Methods of the Teamcenter Interface,14. Add-Ins Reference Help
5,queryEnvironments [SimTalk],10600,10600,Methods of the Teamcenter Interface,14. Add-Ins Reference Help
5,querySyncs [SimTalk],10601,10602,Methods of the Teamcenter Interface,14. Add-Ins Reference Help
5,retrieveData [SimTalk],10603,10604,Methods of the Teamcenter Interface,14. Add-Ins Reference Help
5,setPassword [SimTalk] - Teamcenter,10605,10605,Methods of the Teamcenter Interface,14. Add-Ins Reference Help
4,Read-Only Attributes of the Teamcenter Interface,10605,10605,Teamcenter,14. Add-Ins Reference Help
5,Read-Only Attributes of the Teamcenter Interface,10605,10605,Read-Only Attributes of the Teamcenter Interface,14. Add-Ins Reference Help
4,Attributes of the Teamcenter Interface,10606,10621,Teamcenter,14. Add-Ins Reference Help
5,_Attributes of the Teamcenter Interface,10606,10607,Attributes of the Teamcenter Interface,14. Add-Ins Reference Help
5,ApplicationInterface [SimTalk],10608,10608,Attributes of the Teamcenter Interface,14. Add-Ins Reference Help
5,DataTable [SimTalk] - Teamcenter,10609,10609,Attributes of the Teamcenter Interface,14. Add-Ins Reference Help
5,Directory [SimTalk],10610,10610,Attributes of the Teamcenter Interface,14. Add-Ins Reference Help
5,Group [SimTalk] - Teamcenter,10611,10611,Attributes of the Teamcenter Interface,14. Add-Ins Reference Help
5,ImportMode [SimTalk],10612,10612,Attributes of the Teamcenter Interface,14. Add-Ins Reference Help
5,Report [SimTalk],10613,10613,Attributes of the Teamcenter Interface,14. Add-Ins Reference Help
5,RetrieveJTFiles [SimTalk],10614,10614,Attributes of the Teamcenter Interface,14. Add-Ins Reference Help
5,RetrieveKinematicsFiles [SimTalk],10615,10615,Attributes of the Teamcenter Interface,14. Add-Ins Reference Help
5,Role [SimTalk] - Teamcenter,10616,10616,Attributes of the Teamcenter Interface,14. Add-Ins Reference Help
5,ServerURL [SimTalk],10617,10618,Attributes of the Teamcenter Interface,14. Add-Ins Reference Help
5,StyleSheet [SimTalk],10619,10619,Attributes of the Teamcenter Interface,14. Add-Ins Reference Help
5,Sync [SimTalk],10620,10620,Attributes of the Teamcenter Interface,14. Add-Ins Reference Help
5,TargetFolder [SimTalk],10621,10621,Attributes of the Teamcenter Interface,14. Add-Ins Reference Help
5,UserName [SimTalk],10622,10622,Attributes of the Teamcenter Interface,14. Add-Ins Reference Help
3,C,10622,10641,Inter-Process Communication Interfaces,14. Add-Ins Reference Help
4,C,10622,10622,C,14. Add-Ins Reference Help
4,Using the C Interface,10623,10627,C,14. Add-Ins Reference Help
5,Using the C Interface,10623,10623,Using the C Interface,14. Add-Ins Reference Help
5,callLibrary [SimTalk],10624,10624,Using the C Interface,14. Add-Ins Reference Help
5,freeLibrary [SimTalk],10625,10625,Using the C Interface,14. Add-Ins Reference Help
5,getLoadedLibrary [SimTalk],10626,10626,Using the C Interface,14. Add-Ins Reference Help
5,loadLibrary [SimTalk],10627,10627,Using the C Interface,14. Add-Ins Reference Help
4,Structure of the C Program,10628,10641,C,14. Add-Ins Reference Help
5,Structure of the C Program,10628,10628,Structure of the C Program,14. Add-Ins Reference Help
5,The Structure UF_Value,10629,10630,Structure of the C Program,14. Add-Ins Reference Help
5,Accessing Plant Simulation Objects,10631,10640,Structure of the C Program,14. Add-Ins Reference Help
6,Accessing Plant Simulation Objects,10631,10632,Accessing Plant Simulation Objects,14. Add-Ins Reference Help
6,assignValue [SimTalk],10633,10633,Accessing Plant Simulation Objects,14. Add-Ins Reference Help
6,evalPath [SimTalk],10634,10634,Accessing Plant Simulation Objects,14. Add-Ins Reference Help
6,executeFunction,10635,10635,Accessing Plant Simulation Objects,14. Add-Ins Reference Help
6,executeMethod [SimTalk],10636,10636,Accessing Plant Simulation Objects,14. Add-Ins Reference Help
6,listAt [SimTalk],10637,10637,Accessing Plant Simulation Objects,14. Add-Ins Reference Help
6,listAtIndex [SimTalk],10638,10638,Accessing Plant Simulation Objects,14. Add-Ins Reference Help
6,listAtIndexPut [SimTalk],10639,10639,Accessing Plant Simulation Objects,14. Add-Ins Reference Help
6,listAtPut [SimTalk],10640,10640,Accessing Plant Simulation Objects,14. Add-Ins Reference Help
5,Error Types,10641,10641,Structure of the C Program,14. Add-Ins Reference Help
5,Compiling the C Program,10642,10642,Structure of the C Program,14. Add-Ins Reference Help
3,COM,10642,10667,Inter-Process Communication Interfaces,14. Add-Ins Reference Help
4,COM,10642,10642,COM,14. Add-Ins Reference Help
4,Functions of the COM Interface,10643,10662,COM,14. Add-Ins Reference Help
5,Functions of the COM Interface,10643,10643,Functions of the COM Interface,14. Add-Ins Reference Help
5,CloseModel [SimTalk] - active model,10644,10644,Functions of the COM Interface,14. Add-Ins Reference Help
5,ExecuteSimTalk [SimTalk],10645,10645,Functions of the COM Interface,14. Add-Ins Reference Help
5,GetValue [SimTalk] - COM,10646,10646,Functions of the COM Interface,14. Add-Ins Reference Help
5,IsSimulationRunning [SimTalk],10647,10647,Functions of the COM Interface,14. Add-Ins Reference Help
5,LoadModel [SimTalk] - COM,10648,10648,Functions of the COM Interface,14. Add-Ins Reference Help
5,NewModel [SimTalk],10649,10649,Functions of the COM Interface,14. Add-Ins Reference Help
5,OpenConsoleLogFile [SimTalk],10650,10650,Functions of the COM Interface,14. Add-Ins Reference Help
5,Quit [SimTalk],10651,10651,Functions of the COM Interface,14. Add-Ins Reference Help
5,QuitAfterTime [SimTalk],10652,10652,Functions of the COM Interface,14. Add-Ins Reference Help
5,ResetSimulation [SimTalk],10653,10653,Functions of the COM Interface,14. Add-Ins Reference Help
5,SaveModel [SimTalk],10654,10654,Functions of the COM Interface,14. Add-Ins Reference Help
5,SetLicenseType [SimTalk],10655,10655,Functions of the COM Interface,14. Add-Ins Reference Help
5,SetNoMessageBox [SimTalk],10656,10656,Functions of the COM Interface,14. Add-Ins Reference Help
5,SetPathContext [SimTalk],10657,10657,Functions of the COM Interface,14. Add-Ins Reference Help
5,SetSuppressStartOf3D [SimTalk],10658,10658,Functions of the COM Interface,14. Add-Ins Reference Help
5,SetTrustModels [SimTalk],10659,10659,Functions of the COM Interface,14. Add-Ins Reference Help
5,SetValue [SimTalk],10660,10660,Functions of the COM Interface,14. Add-Ins Reference Help
5,SetVisible [SimTalk],10661,10661,Functions of the COM Interface,14. Add-Ins Reference Help
5,StartSimulation [SimTalk],10662,10662,Functions of the COM Interface,14. Add-Ins Reference Help
5,StopSimulation [SimTalk],10663,10663,Functions of the COM Interface,14. Add-Ins Reference Help
4,Events of the COM Interface,10663,10665,COM,14. Add-Ins Reference Help
5,Events of the COM Interface,10663,10663,Events of the COM Interface,14. Add-Ins Reference Help
5,FireSimTalkMessage [SimTalk],10664,10664,Events of the COM Interface,14. Add-Ins Reference Help
5,SimulationFinished [SimTalk],10665,10665,Events of the COM Interface,14. Add-Ins Reference Help
4,Example of a JScript,10666,10667,COM,14. Add-Ins Reference Help
4,Example of a Python Script,10668,10668,COM,14. Add-Ins Reference Help
3,OPCUA,10668,10714,Inter-Process Communication Interfaces,14. Add-Ins Reference Help
4,OPCUA,10668,10669,OPCUA,14. Add-Ins Reference Help
4,Dialog Box of the OPCUA Interface,10670,10691,OPCUA,14. Add-Ins Reference Help
5,Dialog Box of the OPCUA Interface,10670,10671,Dialog Box of the OPCUA Interface,14. Add-Ins Reference Help
5,Active [check box] - OPCUA,10672,10672,Dialog Box of the OPCUA Interface,14. Add-Ins Reference Help
5,Tab Attributes,10672,10679,Dialog Box of the OPCUA Interface,14. Add-Ins Reference Help
6,Tab Attributes,10672,10672,Tab Attributes,14. Add-Ins Reference Help
6,Server Name [OPCUA],10673,10673,Tab Attributes,14. Add-Ins Reference Help
6,Timeout [text box],10674,10674,Tab Attributes,14. Add-Ins Reference Help
6,Items [OPCUA],10675,10678,Tab Attributes,14. Add-Ins Reference Help
6,Import Items [OPCUA],10679,10679,Tab Attributes,14. Add-Ins Reference Help
6,Show Item Values [OPCUA],10680,10680,Tab Attributes,14. Add-Ins Reference Help
5,Tab Security,10680,10688,Dialog Box of the OPCUA Interface,14. Add-Ins Reference Help
6,Tab Security,10680,10680,Tab Security,14. Add-Ins Reference Help
6,Login group box,10680,10682,Tab Security,14. Add-Ins Reference Help
7,Login [group box],10680,10681,Login group box,14. Add-Ins Reference Help
7,Username [OPCUA],10682,10682,Login group box,14. Add-Ins Reference Help
7,Password [OPCUA],10683,10683,Login group box,14. Add-Ins Reference Help
6,Encryption,10683,10687,Tab Security,14. Add-Ins Reference Help
7,Encryption [group box],10683,10684,Encryption,14. Add-Ins Reference Help
7,Security Mode,10685,10686,Encryption,14. Add-Ins Reference Help
7,Security Policy,10687,10687,Encryption,14. Add-Ins Reference Help
6,Client Certificate,10688,10688,Tab Security,14. Add-Ins Reference Help
5,Navigate Menu,10689,10689,Dialog Box of the OPCUA Interface,14. Add-Ins Reference Help
5,View Menu,10689,10690,Dialog Box of the OPCUA Interface,14. Add-Ins Reference Help
6,View Menu,10689,10689,View Menu,14. Add-Ins Reference Help
6,Edit Ignored Items,10689,10689,View Menu,14. Add-Ins Reference Help
6,Clear Ignored Items,10690,10690,View Menu,14. Add-Ins Reference Help
5,Tools Menu,10691,10691,Dialog Box of the OPCUA Interface,14. Add-Ins Reference Help
5,Help Menu,10692,10692,Dialog Box of the OPCUA Interface,14. Add-Ins Reference Help
4,Methods of the OPCUA Interface,10692,10702,OPCUA,14. Add-Ins Reference Help
5,_Methods of the OPCUA Interface,10692,10693,Methods of the OPCUA Interface,14. Add-Ins Reference Help
5,createCertificate [SimTalk],10694,10695,Methods of the OPCUA Interface,14. Add-Ins Reference Help
5,getItems [SimTalk] - OPCUA,10696,10697,Methods of the OPCUA Interface,14. Add-Ins Reference Help
5,getItemValue [SimTalk] - OPCUA,10698,10699,Methods of the OPCUA Interface,14. Add-Ins Reference Help
5,setImportLogLevel [SimTalk],10700,10700,Methods of the OPCUA Interface,14. Add-Ins Reference Help
5,setItems [SimTalk] - OPCUA,10701,10701,Methods of the OPCUA Interface,14. Add-Ins Reference Help
5,setItemValue [SimTalk] - OPCUA,10702,10702,Methods of the OPCUA Interface,14. Add-Ins Reference Help
5,setUserAndPassword [SimTalk],10703,10703,Methods of the OPCUA Interface,14. Add-Ins Reference Help
4,Read-Only Attributes of the OPCUA Interface,10703,10703,OPCUA,14. Add-Ins Reference Help
5,Read-Only Attributes of the OPCUA Interface,10703,10703,Read-Only Attributes of the OPCUA Interface,14. Add-Ins Reference Help
4,Attributes of the OPCUA Interface,10704,10714,OPCUA,14. Add-Ins Reference Help
5,_Attributes of the OPCUA Interface,10704,10705,Attributes of the OPCUA Interface,14. Add-Ins Reference Help
5,Active [SimTalk] - OPCUA,10706,10706,Attributes of the OPCUA Interface,14. Add-Ins Reference Help
5,CertificateFile [SimTalk],10707,10707,Attributes of the OPCUA Interface,14. Add-Ins Reference Help
5,DirectItemAccess [SimTalk],10708,10708,Attributes of the OPCUA Interface,14. Add-Ins Reference Help
5,SecurityMode [SimTalk],10709,10710,Attributes of the OPCUA Interface,14. Add-Ins Reference Help
5,SecurityPolicy [SimTalk],10711,10712,Attributes of the OPCUA Interface,14. Add-Ins Reference Help
5,ServerName [SimTalk] - OPCUA,10713,10713,Attributes of the OPCUA Interface,14. Add-Ins Reference Help
5,StatisticsActive [SimTalk] - OPCUA,10714,10714,Attributes of the OPCUA Interface,14. Add-Ins Reference Help
5,TimeOut [SimTalk],10715,10715,Attributes of the OPCUA Interface,14. Add-Ins Reference Help
3,OPCClassic,10715,10749,Inter-Process Communication Interfaces,14. Add-Ins Reference Help
4,OPCClassic,10715,10716,OPCClassic,14. Add-Ins Reference Help
4,Dialog Box of the OPCClassic Interface,10717,10735,OPCClassic,14. Add-Ins Reference Help
5,Dialog Box of the OPCClassic Interface,10717,10718,Dialog Box of the OPCClassic Interface,14. Add-Ins Reference Help
5,Active [check box] - OPCClassic,10719,10719,Dialog Box of the OPCClassic Interface,14. Add-Ins Reference Help
5,Tab Attributes,10719,10724,Dialog Box of the OPCClassic Interface,14. Add-Ins Reference Help
6,Tab Attributes,10719,10719,Tab Attributes,14. Add-Ins Reference Help
6,Host Name [OPCClassic],10720,10720,Tab Attributes,14. Add-Ins Reference Help
6,Server Name [OPCClassic],10721,10721,Tab Attributes,14. Add-Ins Reference Help
6,Items [OPCClassic],10722,10724,Tab Attributes,14. Add-Ins Reference Help
6,Show Item Values [OPCClassic],10725,10725,Tab Attributes,14. Add-Ins Reference Help
5,Tab Communication Statistics,10725,10732,Dialog Box of the OPCClassic Interface,14. Add-Ins Reference Help
6,Tab Communication Statistics [OPCClassic],10725,10725,Tab Communication Statistics,14. Add-Ins Reference Help
6,Number of Changed-Value Control Calls,10726,10726,Tab Communication Statistics,14. Add-Ins Reference Help
6,Number of getItemValue Calls,10727,10727,Tab Communication Statistics,14. Add-Ins Reference Help
6,Number of setItemValue Calls,10728,10728,Tab Communication Statistics,14. Add-Ins Reference Help
6,Time to Set Single Item,10729,10729,Tab Communication Statistics,14. Add-Ins Reference Help
6,Time to Get Single Item,10730,10730,Tab Communication Statistics,14. Add-Ins Reference Help
6,Time to Set Multiple Items,10731,10731,Tab Communication Statistics,14. Add-Ins Reference Help
6,Time to Get Multiple Items,10732,10732,Tab Communication Statistics,14. Add-Ins Reference Help
5,Navigate Menu,10733,10733,Dialog Box of the OPCClassic Interface,14. Add-Ins Reference Help
5,View Menu,10734,10734,Dialog Box of the OPCClassic Interface,14. Add-Ins Reference Help
5,Tools Menu,10735,10735,Dialog Box of the OPCClassic Interface,14. Add-Ins Reference Help
5,Help Menu,10736,10736,Dialog Box of the OPCClassic Interface,14. Add-Ins Reference Help
4,Methods of the OPCClassic Interface,10736,10744,OPCClassic,14. Add-Ins Reference Help
5,_Methods of the OPCClassic Interface,10736,10737,Methods of the OPCClassic Interface,14. Add-Ins Reference Help
5,getItems [SimTalk] - OPCClassic,10738,10739,Methods of the OPCClassic Interface,14. Add-Ins Reference Help
5,getItemValue [SimTalk] - OPCClassic,10740,10741,Methods of the OPCClassic Interface,14. Add-Ins Reference Help
5,setItems [SimTalk] - OPCClassic,10742,10743,Methods of the OPCClassic Interface,14. Add-Ins Reference Help
5,setItemValue [SimTalk] - OPCClassic,10744,10744,Methods of the OPCClassic Interface,14. Add-Ins Reference Help
4,Read-Only Attributes of the OPCClassic Interface,10745,10745,OPCClassic,14. Add-Ins Reference Help
5,Read-Only Attributes of the OPCClassic Interface,10745,10745,Read-Only Attributes of the OPCClassic Interface,14. Add-Ins Reference Help
4,Attributes of the OPCClassic Interface,10746,10749,OPCClassic,14. Add-Ins Reference Help
5,Attributes of the OPCClassic Interface,10746,10747,Attributes of the OPCClassic Interface,14. Add-Ins Reference Help
5,Active [SimTalk] - OPCClassic,10748,10748,Attributes of the OPCClassic Interface,14. Add-Ins Reference Help
5,HostName [SimTalk] - OPCClassic,10749,10749,Attributes of the OPCClassic Interface,14. Add-Ins Reference Help
5,ServerName [SimTalk] - OPCClassic,10750,10750,Attributes of the OPCClassic Interface,14. Add-Ins Reference Help
3,PLCSIM_Advanced,10750,10788,Inter-Process Communication Interfaces,14. Add-Ins Reference Help
4,PLCSIM_Advanced,10750,10752,PLCSIM_Advanced,14. Add-Ins Reference Help
4,What is S7-PLCSIM Advanced?,10753,10753,PLCSIM_Advanced,14. Add-Ins Reference Help
4,Dialog Box of PLCSIM_Advanced,10754,10771,PLCSIM_Advanced,14. Add-Ins Reference Help
5,Dialog Box of the PLCSIM_Advanced Interface,10754,10754,Dialog Box of PLCSIM_Advanced,14. Add-Ins Reference Help
5,Active [check box] - PLCSIM_Advanced,10755,10755,Dialog Box of PLCSIM_Advanced,14. Add-Ins Reference Help
5,Tab Attributes,10755,10764,Dialog Box of PLCSIM_Advanced,14. Add-Ins Reference Help
6,Tab Attributes,10755,10755,Tab Attributes,14. Add-Ins Reference Help
6,Instance Name [text box],10756,10756,Tab Attributes,14. Add-Ins Reference Help
6,Remote Runtime Manager [text box],10757,10758,Tab Attributes,14. Add-Ins Reference Help
6,Simulation Mode,10759,10759,Tab Attributes,14. Add-Ins Reference Help
6,Data Exchange Interval [text box],10760,10760,Tab Attributes,14. Add-Ins Reference Help
6,Items [PLCSIM_Advanced],10761,10763,Tab Attributes,14. Add-Ins Reference Help
6,Show Item Values [PLCSIM_Advanced],10764,10764,Tab Attributes,14. Add-Ins Reference Help
6,Import Items [PLCSIM_Advanced],10765,10765,Tab Attributes,14. Add-Ins Reference Help
5,Tab Filter,10765,10768,Dialog Box of PLCSIM_Advanced,14. Add-Ins Reference Help
6,Tab Filter,10765,10766,Tab Filter,14. Add-Ins Reference Help
6,HMI-Visible Signals Only [check box],10767,10767,Tab Filter,14. Add-Ins Reference Help
6,Datablock Filter [PLCSIM_Advanced],10768,10768,Tab Filter,14. Add-Ins Reference Help
5,Navigate Menu,10769,10769,Dialog Box of PLCSIM_Advanced,14. Add-Ins Reference Help
5,View Menu,10770,10770,Dialog Box of PLCSIM_Advanced,14. Add-Ins Reference Help
5,Tools Menu,10771,10771,Dialog Box of PLCSIM_Advanced,14. Add-Ins Reference Help
5,Help Menu,10772,10772,Dialog Box of PLCSIM_Advanced,14. Add-Ins Reference Help
4,Methods of PLCSIM_Advanced,10772,10778,PLCSIM_Advanced,14. Add-Ins Reference Help
5,_Methods of PLCSIM_Advanced,10772,10773,Methods of PLCSIM_Advanced,14. Add-Ins Reference Help
5,getItems [SimTalk] - PLCSIM_Advanced,10774,10774,Methods of PLCSIM_Advanced,14. Add-Ins Reference Help
5,getItemValue [SimTalk] - PLCSIM_Advanced,10775,10776,Methods of PLCSIM_Advanced,14. Add-Ins Reference Help
5,setItems [SimTalk] - PLCSIM_Advanced,10777,10777,Methods of PLCSIM_Advanced,14. Add-Ins Reference Help
5,setItemValue [SimTalk] - PLCSIM_Advanced,10778,10778,Methods of PLCSIM_Advanced,14. Add-Ins Reference Help
4,Read-Only Attributes of PLCSIM_Advanced,10779,10779,PLCSIM_Advanced,14. Add-Ins Reference Help
5,Read-Only Attributes of PLCSIM_Advanced,10779,10779,Read-Only Attributes of PLCSIM_Advanced,14. Add-Ins Reference Help
4,Attributes of PLCSIM_Advanced,10779,10788,PLCSIM_Advanced,14. Add-Ins Reference Help
5,_Attributes of PLCSIM_Advanced,10779,10780,Attributes of PLCSIM_Advanced,14. Add-Ins Reference Help
5,Active [SimTalk] - PLCSIM_Advanced,10781,10781,Attributes of PLCSIM_Advanced,14. Add-Ins Reference Help
5,DatablockFilter [SimTalk],10782,10782,Attributes of PLCSIM_Advanced,14. Add-Ins Reference Help
5,DataExchangeInterval [SimTalk],10783,10783,Attributes of PLCSIM_Advanced,14. Add-Ins Reference Help
5,HMIVisibleSignalsOnly [SimTalk],10784,10784,Attributes of PLCSIM_Advanced,14. Add-Ins Reference Help
5,InstanceName [SimTalk],10785,10785,Attributes of PLCSIM_Advanced,14. Add-Ins Reference Help
5,OfflineCycleCtrl [SimTalk],10786,10786,Attributes of PLCSIM_Advanced,14. Add-Ins Reference Help
5,OfflineMode [SimTalk],10787,10787,Attributes of PLCSIM_Advanced,14. Add-Ins Reference Help
5,RemoteRuntimeManager [SimTalk],10788,10788,Attributes of PLCSIM_Advanced,14. Add-Ins Reference Help
4,Accessing PLCSIM Elements,10789,10789,PLCSIM_Advanced,14. Add-Ins Reference Help
3,SIMIT,10789,10813,Inter-Process Communication Interfaces,14. Add-Ins Reference Help
4,SIMIT,10789,10789,SIMIT,14. Add-Ins Reference Help
4,Dialog Box of the SIMIT Interface,10790,10802,SIMIT,14. Add-Ins Reference Help
5,Dialog Box of the SIMIT Interface,10790,10791,Dialog Box of the SIMIT Interface,14. Add-Ins Reference Help
5,Active [check box] - SIMIT,10792,10792,Dialog Box of the SIMIT Interface,14. Add-Ins Reference Help
5,Tab Attributes,10792,10798,Dialog Box of the SIMIT Interface,14. Add-Ins Reference Help
6,Tab Attributes,10792,10792,Tab Attributes,14. Add-Ins Reference Help
6,Shared Memory Name [text box],10793,10793,Tab Attributes,14. Add-Ins Reference Help
6,Update Interval [text box],10794,10794,Tab Attributes,14. Add-Ins Reference Help
6,Items [SIMIT],10795,10796,Tab Attributes,14. Add-Ins Reference Help
6,Import Items [SIMIT],10797,10797,Tab Attributes,14. Add-Ins Reference Help
6,Show Item Values [SIMIT],10798,10798,Tab Attributes,14. Add-Ins Reference Help
5,Tab User-defined,10799,10799,Dialog Box of the SIMIT Interface,14. Add-Ins Reference Help
5,Navigate Menu,10800,10800,Dialog Box of the SIMIT Interface,14. Add-Ins Reference Help
5,View Menu,10801,10801,Dialog Box of the SIMIT Interface,14. Add-Ins Reference Help
5,Tools Menu,10802,10802,Dialog Box of the SIMIT Interface,14. Add-Ins Reference Help
5,Help Menu,10803,10803,Dialog Box of the SIMIT Interface,14. Add-Ins Reference Help
4,Methods of the SIMIT Interface,10803,10808,SIMIT,14. Add-Ins Reference Help
5,_Methods of the SIMIT Interface,10803,10804,Methods of the SIMIT Interface,14. Add-Ins Reference Help
5,getItems [SimTalk] - SIMIT,10805,10805,Methods of the SIMIT Interface,14. Add-Ins Reference Help
5,getItemsFromSimit [SimTalk],10806,10806,Methods of the SIMIT Interface,14. Add-Ins Reference Help
5,getItemValue [SimTalk] - SIMIT,10807,10807,Methods of the SIMIT Interface,14. Add-Ins Reference Help
5,setItems [SimTalk] - SIMIT,10808,10808,Methods of the SIMIT Interface,14. Add-Ins Reference Help
5,setItemValue [SimTalk] - SIMIT,10809,10809,Methods of the SIMIT Interface,14. Add-Ins Reference Help
4,Read-Only Attributes of the SIMIT Interface,10809,10809,SIMIT,14. Add-Ins Reference Help
5,Read-Only Attributes of the SIMIT Interface,10809,10809,Read-Only Attributes of the SIMIT Interface,14. Add-Ins Reference Help
4,Attributes of the SIMIT Interface,10810,10813,SIMIT,14. Add-Ins Reference Help
5,Attributes of the SIMIT Interface,10810,10811,Attributes of the SIMIT Interface,14. Add-Ins Reference Help
5,Active [SimTalk] - SIMIT,10812,10812,Attributes of the SIMIT Interface,14. Add-Ins Reference Help
5,SharedMemoryName [SimTalk],10813,10813,Attributes of the SIMIT Interface,14. Add-Ins Reference Help
5,UpdateInterval [SimTalk],10814,10814,Attributes of the SIMIT Interface,14. Add-Ins Reference Help
3,Socket,10814,10862,Inter-Process Communication Interfaces,14. Add-Ins Reference Help
4,Socket,10814,10815,Socket,14. Add-Ins Reference Help
4,Dialog Box of the Socket Interface,10816,10834,Socket,14. Add-Ins Reference Help
5,Dialog Box of the Socket Interface,10816,10816,Dialog Box of the Socket Interface,14. Add-Ins Reference Help
5,On [check box],10817,10817,Dialog Box of the Socket Interface,14. Add-Ins Reference Help
5,Tab Attributes,10817,10829,Dialog Box of the Socket Interface,14. Add-Ins Reference Help
6,Tab Attributes,10817,10817,Tab Attributes,14. Add-Ins Reference Help
6,Protocol [drop-down list],10818,10818,Tab Attributes,14. Add-Ins Reference Help
6,Host [Socket],10819,10819,Tab Attributes,14. Add-Ins Reference Help
6,Port [Socket],10820,10820,Tab Attributes,14. Add-Ins Reference Help
6,Max. Connections,10821,10821,Tab Attributes,14. Add-Ins Reference Help
6,Callback Method [text box] - Socket,10822,10824,Tab Attributes,14. Add-Ins Reference Help
6,Server Socket [check box],10825,10825,Tab Attributes,14. Add-Ins Reference Help
6,Client Host [text box],10826,10826,Tab Attributes,14. Add-Ins Reference Help
6,Client Port [text box],10827,10827,Tab Attributes,14. Add-Ins Reference Help
6,Use RFC 1006 [check box],10828,10828,Tab Attributes,14. Add-Ins Reference Help
6,Use IPSec [check box],10829,10829,Tab Attributes,14. Add-Ins Reference Help
5,Tab Sessions,10830,10830,Dialog Box of the Socket Interface,14. Add-Ins Reference Help
5,Tab User-defined,10831,10831,Dialog Box of the Socket Interface,14. Add-Ins Reference Help
5,Navigate Menu,10832,10832,Dialog Box of the Socket Interface,14. Add-Ins Reference Help
5,View Menu,10833,10833,Dialog Box of the Socket Interface,14. Add-Ins Reference Help
5,Tools Menu,10834,10834,Dialog Box of the Socket Interface,14. Add-Ins Reference Help
5,Help Menu,10835,10835,Dialog Box of the Socket Interface,14. Add-Ins Reference Help
4,Methods of the Socket Interface,10835,10847,Socket,14. Add-Ins Reference Help
5,_Methods of the Socket Interface,10835,10836,Methods of the Socket Interface,14. Add-Ins Reference Help
5,broadcast [SimTalk],10837,10837,Methods of the Socket Interface,14. Add-Ins Reference Help
5,closeSession [SimTalk],10838,10838,Methods of the Socket Interface,14. Add-Ins Reference Help
5,getReceiveBufferSize [SimTalk],10839,10839,Methods of the Socket Interface,14. Add-Ins Reference Help
5,getSendBufferSize [SimTalk],10840,10840,Methods of the Socket Interface,14. Add-Ins Reference Help
5,setReceiveBufferSize [SimTalk],10841,10841,Methods of the Socket Interface,14. Add-Ins Reference Help
5,setSendBufferSize [SimTalk],10842,10842,Methods of the Socket Interface,14. Add-Ins Reference Help
5,write [SimTalk] - Socket,10843,10843,Methods of the Socket Interface,14. Add-Ins Reference Help
5,writeArray [SimTalk],10844,10845,Methods of the Socket Interface,14. Add-Ins Reference Help
5,writeByte [SimTalk],10846,10846,Methods of the Socket Interface,14. Add-Ins Reference Help
5,writeNullByte [SimTalk],10847,10847,Methods of the Socket Interface,14. Add-Ins Reference Help
4,Read-Only Attributes of the Socket Interface,10848,10848,Socket,14. Add-Ins Reference Help
5,Read-Only Attributes of the Socket Interface,10848,10848,Read-Only Attributes of the Socket Interface,14. Add-Ins Reference Help
5,NumConnections [SimTalk],10849,10849,Read-Only Attributes of the Socket Interface,14. Add-Ins Reference Help
4,Attributes of the Socket Interface,10849,10862,Socket,14. Add-Ins Reference Help
5,_Attributes of the Socket Interface,10849,10850,Attributes of the Socket Interface,14. Add-Ins Reference Help
5,CallBackMethod [SimTalk] - Socket,10851,10852,Attributes of the Socket Interface,14. Add-Ins Reference Help
5,ClientHost [SimTalk],10853,10853,Attributes of the Socket Interface,14. Add-Ins Reference Help
5,ClientPort [SimTalk],10854,10854,Attributes of the Socket Interface,14. Add-Ins Reference Help
5,Host [SimTalk] - Socket,10855,10855,Attributes of the Socket Interface,14. Add-Ins Reference Help
5,MaxConnections [SimTalk] - Socket,10856,10856,Attributes of the Socket Interface,14. Add-Ins Reference Help
5,On [SimTalk],10857,10857,Attributes of the Socket Interface,14. Add-Ins Reference Help
5,Port [SimTalk] - Socket,10858,10858,Attributes of the Socket Interface,14. Add-Ins Reference Help
5,ServerSocket [SimTalk],10859,10859,Attributes of the Socket Interface,14. Add-Ins Reference Help
5,TCP [SimTalk],10860,10861,Attributes of the Socket Interface,14. Add-Ins Reference Help
5,UseIPSec [SimTalk],10862,10862,Attributes of the Socket Interface,14. Add-Ins Reference Help
5,UseRFC1006 [SimTalk],10863,10863,Attributes of the Socket Interface,14. Add-Ins Reference Help
3,MQTT,10863,10946,Inter-Process Communication Interfaces,14. Add-Ins Reference Help
4,MQTT,10863,10864,MQTT,14. Add-Ins Reference Help
4,Dialog Box of the MQTT Interface,10865,10895,MQTT,14. Add-Ins Reference Help
5,Dialog Box of the MQTT Interface,10865,10866,Dialog Box of the MQTT Interface,14. Add-Ins Reference Help
5,Active [check box] - MQTT,10867,10867,Dialog Box of the MQTT Interface,14. Add-Ins Reference Help
5,Tab Attributes,10867,10875,Dialog Box of the MQTT Interface,14. Add-Ins Reference Help
6,Tab Attributes,10867,10867,Tab Attributes,14. Add-Ins Reference Help
6,Host Name [MQTT],10868,10868,Tab Attributes,14. Add-Ins Reference Help
6,Port [MQTT],10869,10869,Tab Attributes,14. Add-Ins Reference Help
6,Protocol Version [drop-down list],10870,10870,Tab Attributes,14. Add-Ins Reference Help
6,Callback Method [MQTT],10871,10873,Tab Attributes,14. Add-Ins Reference Help
6,Session Log,10874,10874,Tab Attributes,14. Add-Ins Reference Help
6,Clear on Reset,10875,10875,Tab Attributes,14. Add-Ins Reference Help
6,Log Size,10876,10876,Tab Attributes,14. Add-Ins Reference Help
5,Tab Security,10876,10884,Dialog Box of the MQTT Interface,14. Add-Ins Reference Help
6,Tab Security,10876,10876,Tab Security,14. Add-Ins Reference Help
6,User Name [MQTT],10877,10877,Tab Security,14. Add-Ins Reference Help
6,Password [MQTT],10878,10878,Tab Security,14. Add-Ins Reference Help
6,Client ID,10879,10879,Tab Security,14. Add-Ins Reference Help
6,Use TLS,10880,10880,Tab Security,14. Add-Ins Reference Help
6,CA Certificate File,10881,10881,Tab Security,14. Add-Ins Reference Help
6,Certificate File,10882,10882,Tab Security,14. Add-Ins Reference Help
6,Private Key File,10883,10883,Tab Security,14. Add-Ins Reference Help
6,Key File Password,10884,10884,Tab Security,14. Add-Ins Reference Help
5,Tab Subscriptions,10885,10886,Dialog Box of the MQTT Interface,14. Add-Ins Reference Help
5,Tab Session Log,10887,10887,Dialog Box of the MQTT Interface,14. Add-Ins Reference Help
5,Tab User-defined,10887,10890,Dialog Box of the MQTT Interface,14. Add-Ins Reference Help
6,Tab User-defined,10887,10888,Tab User-defined,14. Add-Ins Reference Help
6,init [SimTalk] - MQTT,10889,10889,Tab User-defined,14. Add-Ins Reference Help
6,Subscriptions [SimTalk] - MQTT,10890,10890,Tab User-defined,14. Add-Ins Reference Help
5,Navigate Menu,10891,10891,Dialog Box of the MQTT Interface,14. Add-Ins Reference Help
5,View Menu,10892,10892,Dialog Box of the MQTT Interface,14. Add-Ins Reference Help
5,Tools Menu,10892,10894,Dialog Box of the MQTT Interface,14. Add-Ins Reference Help
6,Tools Menu,10892,10892,Tools Menu,14. Add-Ins Reference Help
6,Save Session Log,10893,10893,Tools Menu,14. Add-Ins Reference Help
6,Clear Session Log,10894,10894,Tools Menu,14. Add-Ins Reference Help
5,Help Menu,10895,10895,Dialog Box of the MQTT Interface,14. Add-Ins Reference Help
5,States of the MQTT Interface,10896,10896,Dialog Box of the MQTT Interface,14. Add-Ins Reference Help
4,Methods of the MQTT Interface,10896,10909,MQTT,14. Add-Ins Reference Help
5,_Methods of the MQTT Interface,10896,10898,Methods of the MQTT Interface,14. Add-Ins Reference Help
5,clearSessionLog [SimTalk],10899,10899,Methods of the MQTT Interface,14. Add-Ins Reference Help
5,logMessage [SimTalk],10900,10901,Methods of the MQTT Interface,14. Add-Ins Reference Help
5,publish [SimTalk],10902,10904,Methods of the MQTT Interface,14. Add-Ins Reference Help
5,setPassword [SimTalk] - MQTT,10905,10905,Methods of the MQTT Interface,14. Add-Ins Reference Help
5,setTLSKeyFilePassword [SimTalk],10906,10906,Methods of the MQTT Interface,14. Add-Ins Reference Help
5,subscribe [SimTalk],10907,10909,Methods of the MQTT Interface,14. Add-Ins Reference Help
5,unsubscribe [SimTalk],10910,10910,Methods of the MQTT Interface,14. Add-Ins Reference Help
4,Read-Only Attributes of the MQTT Interface,10910,10925,MQTT,14. Add-Ins Reference Help
5,_Read-Only Attributes of the MQTT Interface,10910,10911,Read-Only Attributes of the MQTT Interface,14. Add-Ins Reference Help
5,ConnackProperties [SimTalk],10912,10912,Read-Only Attributes of the MQTT Interface,14. Add-Ins Reference Help
5,ConnackReason [SimTalk],10913,10913,Read-Only Attributes of the MQTT Interface,14. Add-Ins Reference Help
5,DisconnectProperties [SimTalk],10914,10914,Read-Only Attributes of the MQTT Interface,14. Add-Ins Reference Help
5,DisconnectReason [SimTalk],10915,10916,Read-Only Attributes of the MQTT Interface,14. Add-Ins Reference Help
5,PublishProperties [SimTalk],10917,10918,Read-Only Attributes of the MQTT Interface,14. Add-Ins Reference Help
5,PublishReason [SimTalk],10919,10920,Read-Only Attributes of the MQTT Interface,14. Add-Ins Reference Help
5,SessionLog [SimTalk],10921,10921,Read-Only Attributes of the MQTT Interface,14. Add-Ins Reference Help
5,SessionLogMessagesCount [SimTalk],10922,10922,Read-Only Attributes of the MQTT Interface,14. Add-Ins Reference Help
5,SubackReason [SimTalk],10923,10923,Read-Only Attributes of the MQTT Interface,14. Add-Ins Reference Help
5,SubscribeReason [SimTalk],10924,10924,Read-Only Attributes of the MQTT Interface,14. Add-Ins Reference Help
5,UnsubackReason [SimTalk],10925,10925,Read-Only Attributes of the MQTT Interface,14. Add-Ins Reference Help
5,UnsubscribeReason [SimTalk],10926,10926,Read-Only Attributes of the MQTT Interface,14. Add-Ins Reference Help
4,Attributes of the MQTT Interface,10926,10946,MQTT,14. Add-Ins Reference Help
5,_Attributes of the MQTT Interface,10926,10927,Attributes of the MQTT Interface,14. Add-Ins Reference Help
5,Active [SimTalk] - MQTT,10928,10928,Attributes of the MQTT Interface,14. Add-Ins Reference Help
5,CallbackMethod [SimTalk] - MQTT,10929,10930,Attributes of the MQTT Interface,14. Add-Ins Reference Help
5,ClearSessionLogOnReset [SimTalk],10931,10931,Attributes of the MQTT Interface,14. Add-Ins Reference Help
5,ClientID [SimTalk],10932,10932,Attributes of the MQTT Interface,14. Add-Ins Reference Help
5,HostName [SimTalk] - MQTT,10933,10933,Attributes of the MQTT Interface,14. Add-Ins Reference Help
5,Port [SimTalk] - MQTT,10934,10934,Attributes of the MQTT Interface,14. Add-Ins Reference Help
5,ProtocolVersion [SimTalk],10935,10936,Attributes of the MQTT Interface,14. Add-Ins Reference Help
5,QoS [SimTalk],10937,10937,Attributes of the MQTT Interface,14. Add-Ins Reference Help
5,ReadInterval [SimTalk],10938,10938,Attributes of the MQTT Interface,14. Add-Ins Reference Help
5,SessionLogActive [SimTalk],10939,10939,Attributes of the MQTT Interface,14. Add-Ins Reference Help
5,SessionLogSize [SimTalk],10940,10940,Attributes of the MQTT Interface,14. Add-Ins Reference Help
5,TLS [SimTalk],10941,10942,Attributes of the MQTT Interface,14. Add-Ins Reference Help
5,TLSCAFileOrFolder [SimTalk],10943,10944,Attributes of the MQTT Interface,14. Add-Ins Reference Help
5,TLSCertificateFile [SimTalk],10945,10945,Attributes of the MQTT Interface,14. Add-Ins Reference Help
5,TLSKeyFile [SimTalk],10946,10946,Attributes of the MQTT Interface,14. Add-Ins Reference Help
5,UserName [SimTalk] - MQTT,10947,10947,Attributes of the MQTT Interface,14. Add-Ins Reference Help
3,ActiveX,10947,10984,Inter-Process Communication Interfaces,14. Add-Ins Reference Help
4,ActiveX,10947,10948,ActiveX,14. Add-Ins Reference Help
4,Dialog Box of the ActiveX Interface,10949,10962,ActiveX,14. Add-Ins Reference Help
5,Dialog Box of ActiveX,10949,10950,Dialog Box of the ActiveX Interface,14. Add-Ins Reference Help
5,Name [text box] - ActiveX,10951,10951,Dialog Box of the ActiveX Interface,14. Add-Ins Reference Help
5,Label [text box] - ActiveX,10952,10952,Dialog Box of the ActiveX Interface,14. Add-Ins Reference Help
5,Active [check box] - ActiveX,10953,10953,Dialog Box of the ActiveX Interface,14. Add-Ins Reference Help
5,Tab Attributes,10953,10957,Dialog Box of the ActiveX Interface,14. Add-Ins Reference Help
6,Tab Attributes,10953,10953,Tab Attributes,14. Add-Ins Reference Help
6,Class Name [text box],10954,10954,Tab Attributes,14. Add-Ins Reference Help
6,License Key [text box],10955,10955,Tab Attributes,14. Add-Ins Reference Help
6,Callback Method [ActiveX],10956,10957,Tab Attributes,14. Add-Ins Reference Help
5,Tab User-defined,10958,10958,Dialog Box of the ActiveX Interface,14. Add-Ins Reference Help
5,Navigate Menu,10959,10959,Dialog Box of the ActiveX Interface,14. Add-Ins Reference Help
5,View Menu,10959,10961,Dialog Box of the ActiveX Interface,14. Add-Ins Reference Help
6,View Menu,10959,10959,View Menu,14. Add-Ins Reference Help
6,ActiveX Class Overview,10960,10960,View Menu,14. Add-Ins Reference Help
6,Type Info [ActiveX],10961,10961,View Menu,14. Add-Ins Reference Help
5,Tools Menu,10962,10962,Dialog Box of the ActiveX Interface,14. Add-Ins Reference Help
5,Help Menu,10963,10963,Dialog Box of the ActiveX Interface,14. Add-Ins Reference Help
4,Accessing Methods and Attributes,10963,10964,ActiveX,14. Add-Ins Reference Help
5,Accessing Methods and Attributes,10963,10963,Accessing Methods and Attributes,14. Add-Ins Reference Help
5,Media Player,10964,10964,Accessing Methods and Attributes,14. Add-Ins Reference Help
4,Converting Data Types,10965,10967,ActiveX,14. Add-Ins Reference Help
5,Converting Data Types Between Plant Simulation and ActiveX,10965,10966,Converting Data Types,14. Add-Ins Reference Help
5,ActiveX Events,10967,10967,Converting Data Types,14. Add-Ins Reference Help
5,Persistence,10968,10968,Converting Data Types,14. Add-Ins Reference Help
4,Methods of the ActiveX Interface,10968,10978,ActiveX,14. Add-Ins Reference Help
5,_Methods of the Object ActiveX,10968,10969,Methods of the ActiveX Interface,14. Add-Ins Reference Help
5,getParam [SimTalk],10970,10970,Methods of the ActiveX Interface,14. Add-Ins Reference Help
5,invoke [SimTalk],10971,10971,Methods of the ActiveX Interface,14. Add-Ins Reference Help
5,load [SimTalk] - ActiveX,10972,10972,Methods of the ActiveX Interface,14. Add-Ins Reference Help
5,overview [SimTalk],10973,10973,Methods of the ActiveX Interface,14. Add-Ins Reference Help
5,putParam [SimTalk],10974,10974,Methods of the ActiveX Interface,14. Add-Ins Reference Help
5,registerControl [SimTalk],10975,10975,Methods of the ActiveX Interface,14. Add-Ins Reference Help
5,save [SimTalk] - ActiveX,10976,10976,Methods of the ActiveX Interface,14. Add-Ins Reference Help
5,setWindowPosition [SimTalk] - ActiveX,10977,10977,Methods of the ActiveX Interface,14. Add-Ins Reference Help
5,typeInfo [SimTalk],10978,10978,Methods of the ActiveX Interface,14. Add-Ins Reference Help
5,unregisterControl [SimTalk],10979,10979,Methods of the ActiveX Interface,14. Add-Ins Reference Help
4,Read-Only Attribute of the ActiveX Interface,10979,10979,ActiveX,14. Add-Ins Reference Help
5,Read-Only Attribute of the ActiveX Interface,10979,10979,Read-Only Attribute of the ActiveX Interface,14. Add-Ins Reference Help
4,Attributes of the ActiveX Interface,10980,10984,ActiveX,14. Add-Ins Reference Help
5,_Attributes of the ActiveX Interface,10980,10981,Attributes of the ActiveX Interface,14. Add-Ins Reference Help
5,Active [SimTalk] - ActiveX,10982,10982,Attributes of the ActiveX Interface,14. Add-Ins Reference Help
5,Callback [SimTalk],10983,10983,Attributes of the ActiveX Interface,14. Add-Ins Reference Help
5,ClassName [SimTalk],10984,10984,Attributes of the ActiveX Interface,14. Add-Ins Reference Help
5,LicenseKey [SimTalk],10985,10985,Attributes of the ActiveX Interface,14. Add-Ins Reference Help
2,Genetic Algorithms,10985,11186,14. Add-Ins Reference Help,14. Add-Ins Reference Help
3,Genetic Algorithms,10985,10986,Genetic Algorithms,14. Add-Ins Reference Help
3,Genetic Algorithms and Simulation,10987,10999,Genetic Algorithms,14. Add-Ins Reference Help
4,Genetic Algorithms and Simulation,10987,10987,Genetic Algorithms and Simulation,14. Add-Ins Reference Help
4,Optimization Tasks,10988,10992,Genetic Algorithms and Simulation,14. Add-Ins Reference Help
5,Optimization Tasks,10988,10990,Optimization Tasks,14. Add-Ins Reference Help
5,Define Sequence Tasks with the Object GASequence,10991,10991,Optimization Tasks,14. Add-Ins Reference Help
5,Define Selection Tasks with the Object GASelection,10992,10992,Optimization Tasks,14. Add-Ins Reference Help
5,Define Allocation Tasks with the Objects GARangeAllocation and GASetAllocation,10993,10993,Optimization Tasks,14. Add-Ins Reference Help
4,Course of Optimization,10993,10994,Genetic Algorithms and Simulation,14. Add-Ins Reference Help
5,Course of Optimization,10993,10993,Course of Optimization,14. Add-Ins Reference Help
5,Initialization Phase,10994,10994,Course of Optimization,14. Add-Ins Reference Help
5,Evolution Cycle,10995,10995,Course of Optimization,14. Add-Ins Reference Help
4,Genetic Operators,10995,10999,Genetic Algorithms and Simulation,14. Add-Ins Reference Help
5,Genetic Operators,10995,10996,Genetic Operators,14. Add-Ins Reference Help
5,Mutation Operator [general description],10997,10998,Genetic Operators,14. Add-Ins Reference Help
5,Inversion Operator,10999,10999,Genetic Operators,14. Add-Ins Reference Help
5,Crossover Operator,11000,11000,Genetic Operators,14. Add-Ins Reference Help
3,GAOptimization,11000,11055,Genetic Algorithms,14. Add-Ins Reference Help
4,GAOptimization,11000,11000,GAOptimization,14. Add-Ins Reference Help
4,Dialog Box of the GAOptimization,11001,11032,GAOptimization,14. Add-Ins Reference Help
5,Dialog Box of the GAOptimization,11001,11001,Dialog Box of the GAOptimization,14. Add-Ins Reference Help
5,Tab Settings,11001,11003,Dialog Box of the GAOptimization,14. Add-Ins Reference Help
6,Tab Settings,11001,11001,Tab Settings,14. Add-Ins Reference Help
6,Size of Generation,11002,11002,Tab Settings,14. Add-Ins Reference Help
6,Number of Generations [text box],11003,11003,Tab Settings,14. Add-Ins Reference Help
6,Task,11004,11004,Tab Settings,14. Add-Ins Reference Help
5,Tab Goal,11004,11006,Dialog Box of the GAOptimization,14. Add-Ins Reference Help
6,Tab Goal,11004,11004,Tab Goal,14. Add-Ins Reference Help
6,Direction [GAOptimization],11005,11005,Tab Goal,14. Add-Ins Reference Help
6,Fitness,11006,11006,Tab Goal,14. Add-Ins Reference Help
6,Average Fitness,11007,11007,Tab Goal,14. Add-Ins Reference Help
5,Tab Selection,11007,11010,Dialog Box of the GAOptimization,14. Add-Ins Reference Help
6,Tab Selection,11007,11007,Tab Selection,14. Add-Ins Reference Help
6,Fitness Reference [drop-down list],11008,11008,Tab Selection,14. Add-Ins Reference Help
6,Parent Selection [drop-down list],11009,11009,Tab Selection,14. Add-Ins Reference Help
6,Clone Best Solution [check box],11010,11010,Tab Selection,14. Add-Ins Reference Help
6,Offspring Selection [check box],11011,11011,Tab Selection,14. Add-Ins Reference Help
5,Tab Controls,11011,11020,Dialog Box of the GAOptimization,14. Add-Ins Reference Help
6,Tab Controls,11011,11013,Tab Controls,14. Add-Ins Reference Help
6,Evaluation Control [GAOptimization],11014,11015,Tab Controls,14. Add-Ins Reference Help
6,Change of Generations Control,11016,11017,Tab Controls,14. Add-Ins Reference Help
6,Termination Control [GAOptimization],11018,11019,Tab Controls,14. Add-Ins Reference Help
6,Error Handling Control,11020,11020,Tab Controls,14. Add-Ins Reference Help
5,Tab Recording,11021,11028,Dialog Box of the GAOptimization,14. Add-Ins Reference Help
6,Tab Recording,11021,11021,Tab Recording,14. Add-Ins Reference Help
6,Adults,11022,11022,Tab Recording,14. Add-Ins Reference Help
6,Children,11023,11023,Tab Recording,14. Add-Ins Reference Help
6,Families,11024,11024,Tab Recording,14. Add-Ins Reference Help
6,Evolution,11025,11025,Tab Recording,14. Add-Ins Reference Help
6,Best Solutions,11026,11026,Tab Recording,14. Add-Ins Reference Help
6,Number [text box] - GAOptimization,11027,11027,Tab Recording,14. Add-Ins Reference Help
6,Statistics [button] - GAOptimization,11028,11028,Tab Recording,14. Add-Ins Reference Help
5,Tab User-defined,11029,11029,Dialog Box of the GAOptimization,14. Add-Ins Reference Help
5,Navigate Menu,11030,11030,Dialog Box of the GAOptimization,14. Add-Ins Reference Help
5,View Menu,11031,11031,Dialog Box of the GAOptimization,14. Add-Ins Reference Help
5,Tools Menu,11032,11032,Dialog Box of the GAOptimization,14. Add-Ins Reference Help
5,Help Menu,11033,11033,Dialog Box of the GAOptimization,14. Add-Ins Reference Help
4,Methods of the GAOptimization,11033,11035,GAOptimization,14. Add-Ins Reference Help
5,Methods of the GAOptimization,11033,11034,Methods of the GAOptimization,14. Add-Ins Reference Help
5,evolve [SimTalk],11035,11035,Methods of the GAOptimization,14. Add-Ins Reference Help
5,reset [SimTalk] - GAOptimization,11036,11036,Methods of the GAOptimization,14. Add-Ins Reference Help
4,Read-Only Attributes of the GAOptimization,11036,11036,GAOptimization,14. Add-Ins Reference Help
5,Read-Only Attributes of the GAOptimization,11036,11036,Read-Only Attributes of the GAOptimization,14. Add-Ins Reference Help
4,Attributes of the GAOptimization,11037,11055,GAOptimization,14. Add-Ins Reference Help
5,_Attributes of the GAOptimization,11037,11038,Attributes of the GAOptimization,14. Add-Ins Reference Help
5,CloneBestSolution [SimTalk],11039,11039,Attributes of the GAOptimization,14. Add-Ins Reference Help
5,Direction [SimTalk] - GAOptimization,11040,11040,Attributes of the GAOptimization,14. Add-Ins Reference Help
5,ErrorCtrl [SimTalk],11041,11041,Attributes of the GAOptimization,14. Add-Ins Reference Help
5,EvaluationCtrl [SimTalk],11042,11043,Attributes of the GAOptimization,14. Add-Ins Reference Help
5,Evolution [SimTalk],11044,11044,Attributes of the GAOptimization,14. Add-Ins Reference Help
5,FitnessReference [SimTalk],11045,11045,Attributes of the GAOptimization,14. Add-Ins Reference Help
5,FitnessTarget [SimTalk],11046,11046,Attributes of the GAOptimization,14. Add-Ins Reference Help
5,FitnessTargetAverage [SimTalk],11047,11047,Attributes of the GAOptimization,14. Add-Ins Reference Help
5,GenerationChangeCtrl [SimTalk],11048,11049,Attributes of the GAOptimization,14. Add-Ins Reference Help
5,GenerationSize [SimTalk],11050,11050,Attributes of the GAOptimization,14. Add-Ins Reference Help
5,NumBestSolutions [SimTalk],11051,11051,Attributes of the GAOptimization,14. Add-Ins Reference Help
5,NumGenerations [SimTalk],11052,11052,Attributes of the GAOptimization,14. Add-Ins Reference Help
5,OffspringSelection [SimTalk],11053,11053,Attributes of the GAOptimization,14. Add-Ins Reference Help
5,ParentSelection [SimTalk],11054,11054,Attributes of the GAOptimization,14. Add-Ins Reference Help
5,TaskTable [SimTalk],11055,11055,Attributes of the GAOptimization,14. Add-Ins Reference Help
5,TerminationCtrl [SimTalk],11056,11056,Attributes of the GAOptimization,14. Add-Ins Reference Help
3,GASelection,11056,11085,Genetic Algorithms,14. Add-Ins Reference Help
4,GASelection,11056,11056,GASelection,14. Add-Ins Reference Help
4,Dialog Box of the GASelection,11057,11074,GASelection,14. Add-Ins Reference Help
5,Dialog Box of the GASelection,11057,11057,Dialog Box of the GASelection,14. Add-Ins Reference Help
5,Tab Contents,11057,11059,Dialog Box of the GASelection,14. Add-Ins Reference Help
6,Tab Contents [GASelection],11057,11058,Tab Contents,14. Add-Ins Reference Help
6,Define Set [GASelection],11059,11059,Tab Contents,14. Add-Ins Reference Help
6,Initial Sets [GASelection],11060,11060,Tab Contents,14. Add-Ins Reference Help
5,Tab Attributes,11060,11062,Dialog Box of the GASelection,14. Add-Ins Reference Help
6,Tab Attributes,11060,11060,Tab Attributes,14. Add-Ins Reference Help
6,Initial Rate In Percent [GASelection],11061,11061,Tab Attributes,14. Add-Ins Reference Help
6,Data Type [drop-down list] - GASelection,11062,11062,Tab Attributes,14. Add-Ins Reference Help
6,Selection Quantity,11063,11063,Tab Attributes,14. Add-Ins Reference Help
5,Tab Genetic Operators,11063,11067,Dialog Box of the GASelection,14. Add-Ins Reference Help
6,Tab Genetic Operators,11063,11063,Tab Genetic Operators,14. Add-Ins Reference Help
6,Crossover [GASelection],11064,11064,Tab Genetic Operators,14. Add-Ins Reference Help
6,Inversion/Mutation [GASelection],11065,11065,Tab Genetic Operators,14. Add-Ins Reference Help
6,Start Probability [GASelection],11066,11066,Tab Genetic Operators,14. Add-Ins Reference Help
6,Delta per Generation [GASelection],11067,11067,Tab Genetic Operators,14. Add-Ins Reference Help
5,Tab User-defined,11068,11068,Dialog Box of the GASelection,14. Add-Ins Reference Help
5,File Menu,11069,11069,Dialog Box of the GASelection,14. Add-Ins Reference Help
5,Edit Menu,11070,11070,Dialog Box of the GASelection,14. Add-Ins Reference Help
5,Format Menu,11071,11071,Dialog Box of the GASelection,14. Add-Ins Reference Help
5,Navigate Menu,11072,11072,Dialog Box of the GASelection,14. Add-Ins Reference Help
5,View Menu,11073,11073,Dialog Box of the GASelection,14. Add-Ins Reference Help
5,Tools Menu,11074,11074,Dialog Box of the GASelection,14. Add-Ins Reference Help
5,Help Menu,11075,11075,Dialog Box of the GASelection,14. Add-Ins Reference Help
4,Methods of the GASelection,11075,11075,GASelection,14. Add-Ins Reference Help
5,Methods of the GASelection,11075,11075,Methods of the GASelection,14. Add-Ins Reference Help
4,Read-Only Attributes of the GASelection,11076,11076,GASelection,14. Add-Ins Reference Help
5,Read-Only Attributes of the GASelection,11076,11076,Read-Only Attributes of the GASelection,14. Add-Ins Reference Help
4,Attributes of the GASelection,11077,11085,GASelection,14. Add-Ins Reference Help
5,_Attributes of the GASelection,11077,11078,Attributes of the GASelection,14. Add-Ins Reference Help
5,CrossoverOperator [SimTalk] - GASelection,11079,11079,Attributes of the GASelection,14. Add-Ins Reference Help
5,"CrossoverProb, CrossoverDelta [SimTalk] - GASelection",11080,11080,Attributes of the GASelection,14. Add-Ins Reference Help
5,DataType [SimTalk] - GASelection,11081,11081,Attributes of the GASelection,14. Add-Ins Reference Help
5,InitRate [SimTalk] - GASelection,11082,11082,Attributes of the GASelection,14. Add-Ins Reference Help
5,"InversionProb, InversionDelta [SimTalk] - GASelection",11083,11083,Attributes of the GASelection,14. Add-Ins Reference Help
5,Mutation [SimTalk] - GASelection,11084,11084,Attributes of the GASelection,14. Add-Ins Reference Help
5,"MutationProb, MutationDelta [SimTalk] - GASelection",11085,11085,Attributes of the GASelection,14. Add-Ins Reference Help
5,Selection [SimTalk],11086,11086,Attributes of the GASelection,14. Add-Ins Reference Help
3,GASequence,11086,11126,Genetic Algorithms,14. Add-Ins Reference Help
4,GASequence,11086,11086,GASequence,14. Add-Ins Reference Help
4,Dialog Box of the GASequence,11087,11109,GASequence,14. Add-Ins Reference Help
5,Dialog Box of the GASequence,11087,11087,Dialog Box of the GASequence,14. Add-Ins Reference Help
5,Tab Contents,11087,11090,Dialog Box of the GASequence,14. Add-Ins Reference Help
6,Tab Contents [GASequence],11087,11088,Tab Contents,14. Add-Ins Reference Help
6,Define Set [GASequence],11089,11089,Tab Contents,14. Add-Ins Reference Help
6,Position Constraints,11090,11090,Tab Contents,14. Add-Ins Reference Help
6,Initial Sets [GASequence],11091,11091,Tab Contents,14. Add-Ins Reference Help
5,Tab Attributes,11091,11096,Dialog Box of the GASequence,14. Add-Ins Reference Help
6,Tab Attributes,11091,11091,Tab Attributes,14. Add-Ins Reference Help
6,Initial Rate in Percent [GASequence],11092,11092,Tab Attributes,14. Add-Ins Reference Help
6,Data Type [drop-down list] - GASequence,11093,11093,Tab Attributes,14. Add-Ins Reference Help
6,Number of Samples,11094,11094,Tab Attributes,14. Add-Ins Reference Help
6,Number of Crossover Trials,11095,11095,Tab Attributes,14. Add-Ins Reference Help
6,Number of Mutation Trials,11096,11096,Tab Attributes,14. Add-Ins Reference Help
6,Degree of Mutation Correction,11097,11097,Tab Attributes,14. Add-Ins Reference Help
5,Tab Genetic Operators,11097,11102,Dialog Box of the GASequence,14. Add-Ins Reference Help
6,Tab Genetic Operators,11097,11097,Tab Genetic Operators,14. Add-Ins Reference Help
6,Crossover [GASequence],11098,11098,Tab Genetic Operators,14. Add-Ins Reference Help
6,Start Probability [GASequence],11099,11099,Tab Genetic Operators,14. Add-Ins Reference Help
6,Delta per Generation [GASequence],11100,11100,Tab Genetic Operators,14. Add-Ins Reference Help
6,Inversion/Mutation [GASequence],11101,11102,Tab Genetic Operators,14. Add-Ins Reference Help
5,Tab User-defined,11103,11103,Dialog Box of the GASequence,14. Add-Ins Reference Help
5,File Menu [lists],11104,11104,Dialog Box of the GASequence,14. Add-Ins Reference Help
5,Edit Menu [lists],11105,11105,Dialog Box of the GASequence,14. Add-Ins Reference Help
5,Format Menu [lists],11106,11106,Dialog Box of the GASequence,14. Add-Ins Reference Help
5,Navigate Menu,11107,11107,Dialog Box of the GASequence,14. Add-Ins Reference Help
5,View Menu,11108,11108,Dialog Box of the GASequence,14. Add-Ins Reference Help
5,Tools Menu,11109,11109,Dialog Box of the GASequence,14. Add-Ins Reference Help
5,Help Menu,11110,11110,Dialog Box of the GASequence,14. Add-Ins Reference Help
4,Methods of the GASequence,11110,11110,GASequence,14. Add-Ins Reference Help
5,Methods of the GASequence,11110,11110,Methods of the GASequence,14. Add-Ins Reference Help
4,Read-Only Attributes of the GASequence,11111,11111,GASequence,14. Add-Ins Reference Help
5,Read-Only Attributes of the GASequence,11111,11111,Read-Only Attributes of the GASequence,14. Add-Ins Reference Help
4,Attributes of the GASequence,11112,11126,GASequence,14. Add-Ins Reference Help
5,_Attributes of the GASequence,11112,11113,Attributes of the GASequence,14. Add-Ins Reference Help
5,CrossoverOperator [SimTalk] - GASequence,11114,11114,Attributes of the GASequence,14. Add-Ins Reference Help
5,"CrossoverProb, CrossoverDelta [SimTalk] - GASequence",11115,11115,Attributes of the GASequence,14. Add-Ins Reference Help
5,DataType [SimTalk] - GASequence,11116,11116,Attributes of the GASequence,14. Add-Ins Reference Help
5,DegreeOfCorrection [SimTalk],11117,11117,Attributes of the GASequence,14. Add-Ins Reference Help
5,InitRate [SimTalk] - GASequence,11118,11118,Attributes of the GASequence,14. Add-Ins Reference Help
5,"InversionProb, InversionDelta [SimTalk] - GASequence",11119,11119,Attributes of the GASequence,14. Add-Ins Reference Help
5,Mutation [SimTalk] - GASequence,11120,11120,Attributes of the GASequence,14. Add-Ins Reference Help
5,MutationOperator [SimTalk],11121,11122,Attributes of the GASequence,14. Add-Ins Reference Help
5,MutationPlan [SimTalk],11123,11123,Attributes of the GASequence,14. Add-Ins Reference Help
5,"MutationProb, MutationDelta [SimTalk] - GASequence",11124,11124,Attributes of the GASequence,14. Add-Ins Reference Help
5,NumOfCrossOverTrials [SimTalk],11125,11125,Attributes of the GASequence,14. Add-Ins Reference Help
5,NumOfGaSamples [SimTalk],11126,11126,Attributes of the GASequence,14. Add-Ins Reference Help
5,NumOfMutationTrials [SimTalk],11127,11127,Attributes of the GASequence,14. Add-Ins Reference Help
3,GARangeAllocation,11127,11158,Genetic Algorithms,14. Add-Ins Reference Help
4,GARangeAllocation,11127,11127,GARangeAllocation,14. Add-Ins Reference Help
4,Dialog Box of the GARangeAllocation,11128,11148,GARangeAllocation,14. Add-Ins Reference Help
5,Dialog Box of the GARangeAllocation,11128,11128,Dialog Box of the GARangeAllocation,14. Add-Ins Reference Help
5,Tab Contents,11128,11133,Dialog Box of the GARangeAllocation,14. Add-Ins Reference Help
6,Tab Contents [GARangeAllocation],11128,11129,Tab Contents,14. Add-Ins Reference Help
6,Define Set [GARangeAllocation],11130,11130,Tab Contents,14. Add-Ins Reference Help
6,Minimum [GARangeAllocation],11131,11131,Tab Contents,14. Add-Ins Reference Help
6,Maximum [GARangeAllocation],11132,11132,Tab Contents,14. Add-Ins Reference Help
6,Interval [GARangeAllocation],11133,11133,Tab Contents,14. Add-Ins Reference Help
6,Initial Sets [GARangeAllocation],11134,11134,Tab Contents,14. Add-Ins Reference Help
5,Tab Attributes,11134,11138,Dialog Box of the GARangeAllocation,14. Add-Ins Reference Help
6,Tab Attributes,11134,11134,Tab Attributes,14. Add-Ins Reference Help
6,Initial Rate in Percent [GARangeAllocation],11135,11135,Tab Attributes,14. Add-Ins Reference Help
6,Data Type [drop-down list] - GARangeAllocation,11136,11136,Tab Attributes,14. Add-Ins Reference Help
6,Default Minimum,11137,11137,Tab Attributes,14. Add-Ins Reference Help
6,Default Maximum,11138,11138,Tab Attributes,14. Add-Ins Reference Help
6,Default Interval,11139,11139,Tab Attributes,14. Add-Ins Reference Help
5,Tab Genetic Operators,11139,11141,Dialog Box of the GARangeAllocation,14. Add-Ins Reference Help
6,Tab Genetic Operators,11139,11139,Tab Genetic Operators,14. Add-Ins Reference Help
6,Start Probability [GARangeAllocation],11140,11140,Tab Genetic Operators,14. Add-Ins Reference Help
6,Delta per Generation [GARangeAllocation],11141,11141,Tab Genetic Operators,14. Add-Ins Reference Help
5,Tab User-defined,11142,11142,Dialog Box of the GARangeAllocation,14. Add-Ins Reference Help
5,File Menu,11143,11143,Dialog Box of the GARangeAllocation,14. Add-Ins Reference Help
5,Edit Menu,11144,11144,Dialog Box of the GARangeAllocation,14. Add-Ins Reference Help
5,Format Menu,11145,11145,Dialog Box of the GARangeAllocation,14. Add-Ins Reference Help
5,Navigate Menu,11146,11146,Dialog Box of the GARangeAllocation,14. Add-Ins Reference Help
5,View Menu,11147,11147,Dialog Box of the GARangeAllocation,14. Add-Ins Reference Help
5,Tools Menu,11148,11148,Dialog Box of the GARangeAllocation,14. Add-Ins Reference Help
5,Help Menu,11149,11149,Dialog Box of the GARangeAllocation,14. Add-Ins Reference Help
4,Methods of the GARangeAllocation,11149,11149,GARangeAllocation,14. Add-Ins Reference Help
5,Methods of the GARangeAllocation,11149,11149,Methods of the GARangeAllocation,14. Add-Ins Reference Help
4,Read-Only Attributes of the GARangeAllocation,11150,11150,GARangeAllocation,14. Add-Ins Reference Help
5,Read-Only Attributes of the GARangeAllocation,11150,11150,Read-Only Attributes of the GARangeAllocation,14. Add-Ins Reference Help
4,Attributes of the GARangeAllocation,11151,11158,GARangeAllocation,14. Add-Ins Reference Help
5,_Attributes of the GARangeAllocation,11151,11152,Attributes of the GARangeAllocation,14. Add-Ins Reference Help
5,"CrossoverProb, CrossoverDelta [SimTalk] - GARangeAllocation",11153,11153,Attributes of the GARangeAllocation,14. Add-Ins Reference Help
5,DataType [SimTalk] - GARangeAllocation,11154,11154,Attributes of the GARangeAllocation,14. Add-Ins Reference Help
5,InitRate [SimTalk] - GARangeAllocation,11155,11155,Attributes of the GARangeAllocation,14. Add-Ins Reference Help
5,"MutationProb, MutationDelta [SimTalk] - GARangeAllocation",11156,11156,Attributes of the GARangeAllocation,14. Add-Ins Reference Help
5,StandardInterval [SimTalk],11157,11157,Attributes of the GARangeAllocation,14. Add-Ins Reference Help
5,StandardMaximum [SimTalk],11158,11158,Attributes of the GARangeAllocation,14. Add-Ins Reference Help
5,StandardMinimum [SimTalk],11159,11159,Attributes of the GARangeAllocation,14. Add-Ins Reference Help
3,GASetAllocation,11159,11186,Genetic Algorithms,14. Add-Ins Reference Help
4,GASetAllocation,11159,11159,GASetAllocation,14. Add-Ins Reference Help
4,Dialog Box of the GASetAllocation,11160,11176,GASetAllocation,14. Add-Ins Reference Help
5,Dialog Box of the GASetAllocation,11160,11160,Dialog Box of the GASetAllocation,14. Add-Ins Reference Help
5,Tab Contents,11160,11163,Dialog Box of the GASetAllocation,14. Add-Ins Reference Help
6,Tab Contents [GASetAllocation],11160,11161,Tab Contents,14. Add-Ins Reference Help
6,Define Set [GASetAllocation],11162,11162,Tab Contents,14. Add-Ins Reference Help
6,Allocation Sets,11163,11163,Tab Contents,14. Add-Ins Reference Help
6,Initial Sets [GASetAllocation],11164,11164,Tab Contents,14. Add-Ins Reference Help
5,Tab Attributes,11164,11166,Dialog Box of the GASetAllocation,14. Add-Ins Reference Help
6,Tab Attributes,11164,11164,Tab Attributes,14. Add-Ins Reference Help
6,Initial Rate in Percent [GASetAllocation],11165,11165,Tab Attributes,14. Add-Ins Reference Help
6,Data Type [drop-down list] - GASetAllocation,11166,11166,Tab Attributes,14. Add-Ins Reference Help
6,Default Set,11167,11167,Tab Attributes,14. Add-Ins Reference Help
5,Tab Genetic Operators,11167,11169,Dialog Box of the GASetAllocation,14. Add-Ins Reference Help
6,Tab Genetic Operators,11167,11167,Tab Genetic Operators,14. Add-Ins Reference Help
6,Start Probability [general description],11168,11168,Tab Genetic Operators,14. Add-Ins Reference Help
6,Delta per Generation [general description],11169,11169,Tab Genetic Operators,14. Add-Ins Reference Help
5,Tab User-defined,11170,11170,Dialog Box of the GASetAllocation,14. Add-Ins Reference Help
5,File Menu,11171,11171,Dialog Box of the GASetAllocation,14. Add-Ins Reference Help
5,Edit Menu,11172,11172,Dialog Box of the GASetAllocation,14. Add-Ins Reference Help
5,Format Menu,11173,11173,Dialog Box of the GASetAllocation,14. Add-Ins Reference Help
5,Navigate Menu,11174,11174,Dialog Box of the GASetAllocation,14. Add-Ins Reference Help
5,View Menu,11175,11175,Dialog Box of the GASetAllocation,14. Add-Ins Reference Help
5,Tools Menu,11176,11176,Dialog Box of the GASetAllocation,14. Add-Ins Reference Help
5,Help Menu,11177,11177,Dialog Box of the GASetAllocation,14. Add-Ins Reference Help
4,Methods of the GASetAllocation,11177,11177,GASetAllocation,14. Add-Ins Reference Help
5,Methods of the GASetAllocation,11177,11177,Methods of the GASetAllocation,14. Add-Ins Reference Help
4,Read-Only Attributes of the GASetAllocation,11178,11178,GASetAllocation,14. Add-Ins Reference Help
5,Read-Only Attributes of the GASetAllocation,11178,11178,Read-Only Attributes of the GASetAllocation,14. Add-Ins Reference Help
4,Attributes of the GASetAllocation,11179,11186,GASetAllocation,14. Add-Ins Reference Help
5,_Attributes of the GASetAllocation,11179,11180,Attributes of the GASetAllocation,14. Add-Ins Reference Help
5,"CrossoverProb, CrossoverDelta [SimTalk] - GASetAllocation",11181,11181,Attributes of the GASetAllocation,14. Add-Ins Reference Help
5,DataType [SimTalk] - GASetAllocation,11182,11182,Attributes of the GASetAllocation,14. Add-Ins Reference Help
5,DefaultSet [SimTalk],11183,11183,Attributes of the GASetAllocation,14. Add-Ins Reference Help
5,InitRate [SimTalk] - GASetAllocation,11184,11184,Attributes of the GASetAllocation,14. Add-Ins Reference Help
5,"MutationProb, MutationDelta [SimTalk] - GASetAllocation",11185,11186,Attributes of the GASetAllocation,14. Add-Ins Reference Help
1,15. Libraries,11187,11189,,15. Libraries
2,Libraries Reference,11187,11189,15. Libraries,15. Libraries
